{
  "type": "FeatureCollection",
  "features": [
    {
      "type": "Feature",
      "properties": { "k": "place" },
      "geometry": { "type": "Point", "coordinates": [-157.9762, 21.3933] }
    },
    {
      "type": "Feature",
      "properties": { "k": "person" },
      "geometry": { "type": "Point", "coordinates": [-157.83, 21.33] }
    },
    {
      "type": "Feature",
      "properties": { "k": "person" },
      "geometry": { "type": "Point", "coordinates": [-157.82, 21.2972] }
    },
    {
      "type": "Feature",
      "properties": { "k": "organization" },
      "geometry": { "type": "Point", "coordinates": [-157.8464, 21.3128] }
    },
    {
      "type": "Feature",
      "properties": { "k": "place" },
      "geometry": { "type": "Point", "coordinates": [-158.202, 21.4614] }
    },
    {
      "type": "Feature",
      "properties": { "k": "person" },
      "geometry": { "type": "Point", "coordinates": [-117.1725, 32.6781] }
    },
    {
      "type": "Feature",
      "properties": { "k": "place" },
      "geometry": { "type": "Point", "coordinates": [-116.9719, 33.7475] }
    },
    {
      "type": "Feature",
      "properties": { "k": "place" },
      "geometry": { "type": "Point", "coordinates": [-120.0384, 34.5367] }
    },
    {
      "type": "Feature",
      "properties": { "k": "person" },
      "geometry": { "type": "Point", "coordinates": [-118.4892, 34.0089] }
    },
    {
      "type": "Feature",
      "properties": { "k": "place" },
      "geometry": { "type": "Point", "coordinates": [-118.3967, 33.7869] }
    },
    {
      "type": "Feature",
      "properties": { "k": "place" },
      "geometry": { "type": "Point", "coordinates": [-118.4156, 33.8944] }
    },
    {
      "type": "Feature",
      "properties": { "k": "place" },
      "geometry": { "type": "Point", "coordinates": [-118.4061, 33.9214] }
    },
    {
      "type": "Feature",
      "properties": { "k": "place" },
      "geometry": { "type": "Point", "coordinates": [-118.4053, 33.8889] }
    },
    {
      "type": "Feature",
      "properties": { "k": "place" },
      "geometry": { "type": "Point", "coordinates": [-118.3486, 33.9172] }
    },
    {
      "type": "Feature",
      "properties": { "k": "person" },
      "geometry": { "type": "Point", "coordinates": [-118.25, 34.06] }
    },
    {
      "type": "Feature",
      "properties": { "k": "person" },
      "geometry": { "type": "Point", "coordinates": [-118.25, 34.05] }
    },
    {
      "type": "Feature",
      "properties": { "k": "place" },
      "geometry": { "type": "Point", "coordinates": [-118.4008, 34.0078] }
    },
    {
      "type": "Feature",
      "properties": { "k": "place" },
      "geometry": { "type": "Point", "coordinates": [-118.4738, 34.0159] }
    },
    {
      "type": "Feature",
      "properties": { "k": "person" },
      "geometry": { "type": "Point", "coordinates": [-118.4439, 34.0649] }
    },
    {
      "type": "Feature",
      "properties": { "k": "place" },
      "geometry": { "type": "Point", "coordinates": [-118.3994, 34.0731] }
    },
    {
      "type": "Feature",
      "properties": { "k": "place" },
      "geometry": { "type": "Point", "coordinates": [-118.315, 34.0209] }
    },
    {
      "type": "Feature",
      "properties": { "k": "place" },
      "geometry": { "type": "Point", "coordinates": [-118.2399, 33.9436] }
    },
    {
      "type": "Feature",
      "properties": { "k": "place" },
      "geometry": { "type": "Point", "coordinates": [-118.2412, 33.9392] }
    },
    {
      "type": "Feature",
      "properties": { "k": "place" },
      "geometry": { "type": "Point", "coordinates": [-118.2579, 34.012] }
    },
    {
      "type": "Feature",
      "properties": { "k": "place" },
      "geometry": { "type": "Point", "coordinates": [-118.2568, 34.0063] }
    },
    {
      "type": "Feature",
      "properties": { "k": "event" },
      "geometry": { "type": "Point", "coordinates": [-118.2861, 33.9806] }
    },
    {
      "type": "Feature",
      "properties": { "k": "place" },
      "geometry": { "type": "Point", "coordinates": [-118.2626, 33.9952] }
    },
    {
      "type": "Feature",
      "properties": { "k": "place" },
      "geometry": { "type": "Point", "coordinates": [-118.2568, 34.0125] }
    },
    {
      "type": "Feature",
      "properties": { "k": "person" },
      "geometry": { "type": "Point", "coordinates": [-118.2481, 34.0074] }
    },
    {
      "type": "Feature",
      "properties": { "k": "person" },
      "geometry": { "type": "Point", "coordinates": [-118.2479, 33.9731] }
    },
    {
      "type": "Feature",
      "properties": { "k": "place" },
      "geometry": { "type": "Point", "coordinates": [-118.2567, 34.0068] }
    },
    {
      "type": "Feature",
      "properties": { "k": "institution" },
      "geometry": { "type": "Point", "coordinates": [-118.2834, 34.0156] }
    },
    {
      "type": "Feature",
      "properties": { "k": "place" },
      "geometry": { "type": "Point", "coordinates": [-118.2573, 34.0171] }
    },
    {
      "type": "Feature",
      "properties": { "k": "place" },
      "geometry": { "type": "Point", "coordinates": [-118.2473, 34.0284] }
    },
    {
      "type": "Feature",
      "properties": { "k": "person" },
      "geometry": { "type": "Point", "coordinates": [-118.2456, 34.0516] }
    },
    {
      "type": "Feature",
      "properties": { "k": "invention" },
      "geometry": { "type": "Point", "coordinates": [-118.2437, 34.0522] }
    },
    {
      "type": "Feature",
      "properties": { "k": "place" },
      "geometry": { "type": "Point", "coordinates": [-118.2536, 34.015] }
    },
    {
      "type": "Feature",
      "properties": { "k": "person" },
      "geometry": { "type": "Point", "coordinates": [-118.326, 34.102] }
    },
    {
      "type": "Feature",
      "properties": { "k": "place" },
      "geometry": { "type": "Point", "coordinates": [-118.3586, 34.2006] }
    },
    {
      "type": "Feature",
      "properties": { "k": "place" },
      "geometry": { "type": "Point", "coordinates": [-118.255, 34.1461] }
    },
    {
      "type": "Feature",
      "properties": { "k": "place" },
      "geometry": { "type": "Point", "coordinates": [-118.2619, 34.1964] }
    },
    {
      "type": "Feature",
      "properties": { "k": "place" },
      "geometry": { "type": "Point", "coordinates": [-118.2619, 34.1964] }
    },
    {
      "type": "Feature",
      "properties": { "k": "place" },
      "geometry": { "type": "Point", "coordinates": [-119.4564, 35.1425] }
    },
    {
      "type": "Feature",
      "properties": { "k": "person" },
      "geometry": { "type": "Point", "coordinates": [-119.3889, 35.8636] }
    },
    {
      "type": "Feature",
      "properties": { "k": "place" },
      "geometry": { "type": "Point", "coordinates": [-119.3889, 35.8636] }
    },
    {
      "type": "Feature",
      "properties": { "k": "place" },
      "geometry": { "type": "Point", "coordinates": [-119.389, 35.8644] }
    },
    {
      "type": "Feature",
      "properties": { "k": "place" },
      "geometry": { "type": "Point", "coordinates": [-118.7811, 36.2288] }
    },
    {
      "type": "Feature",
      "properties": { "k": "place" },
      "geometry": { "type": "Point", "coordinates": [-123.0322, 37.7272] }
    },
    {
      "type": "Feature",
      "properties": { "k": "person" },
      "geometry": { "type": "Point", "coordinates": [-122.42, 37.78] }
    },
    {
      "type": "Feature",
      "properties": { "k": "place" },
      "geometry": { "type": "Point", "coordinates": [-122.4324, 37.784] }
    },
    {
      "type": "Feature",
      "properties": { "k": "place" },
      "geometry": { "type": "Point", "coordinates": [-122.4113, 37.7852] }
    },
    {
      "type": "Feature",
      "properties": { "k": "place" },
      "geometry": { "type": "Point", "coordinates": [-122.4306, 37.7748] }
    },
    {
      "type": "Feature",
      "properties": { "k": "place" },
      "geometry": { "type": "Point", "coordinates": [-122.4306, 37.7867] }
    },
    {
      "type": "Feature",
      "properties": { "k": "institution" },
      "geometry": { "type": "Point", "coordinates": [-122.4014, 37.7866] }
    },
    {
      "type": "Feature",
      "properties": { "k": "place" },
      "geometry": { "type": "Point", "coordinates": [-122.4228, 37.7617] }
    },
    {
      "type": "Feature",
      "properties": { "k": "person" },
      "geometry": { "type": "Point", "coordinates": [-122.4644, 37.7997] }
    },
    {
      "type": "Feature",
      "properties": { "k": "person" },
      "geometry": { "type": "Point", "coordinates": [-121.88, 37.34] }
    },
    {
      "type": "Feature",
      "properties": { "k": "person" },
      "geometry": { "type": "Point", "coordinates": [-121.88, 37.34] }
    },
    {
      "type": "Feature",
      "properties": { "k": "person" },
      "geometry": { "type": "Point", "coordinates": [-122.22, 37.78] }
    },
    {
      "type": "Feature",
      "properties": { "k": "place" },
      "geometry": { "type": "Point", "coordinates": [-122.1561, 37.725] }
    },
    {
      "type": "Feature",
      "properties": { "k": "institution" },
      "geometry": { "type": "Point", "coordinates": [-122.1664, 37.7888] }
    },
    {
      "type": "Feature",
      "properties": { "k": "person" },
      "geometry": { "type": "Point", "coordinates": [-122.28, 37.81] }
    },
    {
      "type": "Feature",
      "properties": { "k": "person" },
      "geometry": { "type": "Point", "coordinates": [-122.2714, 37.8022] }
    },
    {
      "type": "Feature",
      "properties": { "k": "movement" },
      "geometry": { "type": "Point", "coordinates": [-122.2712, 37.8044] }
    },
    {
      "type": "Feature",
      "properties": { "k": "event" },
      "geometry": { "type": "Point", "coordinates": [-122.2711, 37.8267] }
    },
    {
      "type": "Feature",
      "properties": { "k": "institution" },
      "geometry": { "type": "Point", "coordinates": [-122.2712, 37.8044] }
    },
    {
      "type": "Feature",
      "properties": { "k": "place" },
      "geometry": { "type": "Point", "coordinates": [-122.2333, 37.8167] }
    },
    {
      "type": "Feature",
      "properties": { "k": "place" },
      "geometry": { "type": "Point", "coordinates": [-121.9125, 37.6471] }
    },
    {
      "type": "Feature",
      "properties": { "k": "place" },
      "geometry": { "type": "Point", "coordinates": [-121.2849, 37.9436] }
    },
    {
      "type": "Feature",
      "properties": { "k": "case" },
      "geometry": { "type": "Point", "coordinates": [-121.7405, 38.5449] }
    },
    {
      "type": "Feature",
      "properties": { "k": "place" },
      "geometry": { "type": "Point", "coordinates": [-121.3443, 38.4501] }
    },
    {
      "type": "Feature",
      "properties": { "k": "place" },
      "geometry": { "type": "Point", "coordinates": [-121.3443, 38.4501] }
    },
    {
      "type": "Feature",
      "properties": { "k": "institution" },
      "geometry": { "type": "Point", "coordinates": [-121.4933, 38.5764] }
    },
    {
      "type": "Feature",
      "properties": { "k": "person" },
      "geometry": { "type": "Point", "coordinates": [-121.4938, 38.5766] }
    },
    {
      "type": "Feature",
      "properties": { "k": "place" },
      "geometry": { "type": "Point", "coordinates": [-121.4562, 38.5478] }
    },
    {
      "type": "Feature",
      "properties": { "k": "place" },
      "geometry": { "type": "Point", "coordinates": [-120.3814, 37.9837] }
    },
    {
      "type": "Feature",
      "properties": { "k": "other" },
      "geometry": { "type": "Point", "coordinates": [-120.8922, 38.8003] }
    },
    {
      "type": "Feature",
      "properties": { "k": "place" },
      "geometry": { "type": "Point", "coordinates": [-119.7692, 38.9561] }
    },
    {
      "type": "Feature",
      "properties": { "k": "place" },
      "geometry": { "type": "Point", "coordinates": [-119.7436, 38.9408] }
    },
    {
      "type": "Feature",
      "properties": { "k": "person" },
      "geometry": { "type": "Point", "coordinates": [-117.76, 34.04] }
    },
    {
      "type": "Feature",
      "properties": { "k": "person" },
      "geometry": { "type": "Point", "coordinates": [-117.8913, 34.9239] }
    },
    {
      "type": "Feature",
      "properties": { "k": "place" },
      "geometry": { "type": "Point", "coordinates": [-115.1497, 36.1821] }
    },
    {
      "type": "Feature",
      "properties": { "k": "place" },
      "geometry": { "type": "Point", "coordinates": [-115.144, 36.1772] }
    },
    {
      "type": "Feature",
      "properties": { "k": "place" },
      "geometry": { "type": "Point", "coordinates": [-115.1462, 36.1813] }
    },
    {
      "type": "Feature",
      "properties": { "k": "place" },
      "geometry": { "type": "Point", "coordinates": [-115.1536, 36.1783] }
    },
    {
      "type": "Feature",
      "properties": { "k": "place" },
      "geometry": { "type": "Point", "coordinates": [-115.0144, 36.2141] }
    },
    {
      "type": "Feature",
      "properties": { "k": "place" },
      "geometry": { "type": "Point", "coordinates": [-115.0144, 36.2141] }
    },
    {
      "type": "Feature",
      "properties": { "k": "person" },
      "geometry": { "type": "Point", "coordinates": [-122.4453, 40.0994] }
    },
    {
      "type": "Feature",
      "properties": { "k": "place" },
      "geometry": { "type": "Point", "coordinates": [-119.8212, 39.5261] }
    },
    {
      "type": "Feature",
      "properties": { "k": "place" },
      "geometry": { "type": "Point", "coordinates": [-119.6633, 40.7313] }
    },
    {
      "type": "Feature",
      "properties": { "k": "place" },
      "geometry": { "type": "Point", "coordinates": [-119.6633, 40.7313] }
    },
    {
      "type": "Feature",
      "properties": { "k": "place" },
      "geometry": { "type": "Point", "coordinates": [-123.3283, 42.4389] }
    },
    {
      "type": "Feature",
      "properties": { "k": "place" },
      "geometry": { "type": "Point", "coordinates": [-123.2589, 44.5701] }
    },
    {
      "type": "Feature",
      "properties": { "k": "person" },
      "geometry": { "type": "Point", "coordinates": [-123.03, 44.94] }
    },
    {
      "type": "Feature",
      "properties": { "k": "law" },
      "geometry": { "type": "Point", "coordinates": [-123.0304, 44.9385] }
    },
    {
      "type": "Feature",
      "properties": { "k": "place" },
      "geometry": { "type": "Point", "coordinates": [-116.2119, 43.6297] }
    },
    {
      "type": "Feature",
      "properties": { "k": "place" },
      "geometry": { "type": "Point", "coordinates": [-116.193, 43.6101] }
    },
    {
      "type": "Feature",
      "properties": { "k": "place" },
      "geometry": { "type": "Point", "coordinates": [-110.3367, 31.5458] }
    },
    {
      "type": "Feature",
      "properties": { "k": "place" },
      "geometry": { "type": "Point", "coordinates": [-110.344, 31.5536] }
    },
    {
      "type": "Feature",
      "properties": { "k": "place" },
      "geometry": { "type": "Point", "coordinates": [-109.9521, 31.3404] }
    },
    {
      "type": "Feature",
      "properties": { "k": "place" },
      "geometry": { "type": "Point", "coordinates": [-110.9794, 32.2657] }
    },
    {
      "type": "Feature",
      "properties": { "k": "place" },
      "geometry": { "type": "Point", "coordinates": [-111.3663, 32.9185] }
    },
    {
      "type": "Feature",
      "properties": { "k": "place" },
      "geometry": { "type": "Point", "coordinates": [-112.4989, 33.3452] }
    },
    {
      "type": "Feature",
      "properties": { "k": "place" },
      "geometry": { "type": "Point", "coordinates": [-112.0005, 33.4167] }
    },
    {
      "type": "Feature",
      "properties": { "k": "person" },
      "geometry": { "type": "Point", "coordinates": [-112.0279, 33.4533] }
    },
    {
      "type": "Feature",
      "properties": { "k": "place" },
      "geometry": { "type": "Point", "coordinates": [-112.0586, 33.4481] }
    },
    {
      "type": "Feature",
      "properties": { "k": "place" },
      "geometry": { "type": "Point", "coordinates": [-111.9431, 33.4128] }
    },
    {
      "type": "Feature",
      "properties": { "k": "place" },
      "geometry": { "type": "Point", "coordinates": [-111.8305, 33.4238] }
    },
    {
      "type": "Feature",
      "properties": { "k": "place" },
      "geometry": { "type": "Point", "coordinates": [-111.9261, 33.4931] }
    },
    {
      "type": "Feature",
      "properties": { "k": "place" },
      "geometry": { "type": "Point", "coordinates": [-106.9242, 32.4771] }
    },
    {
      "type": "Feature",
      "properties": { "k": "place" },
      "geometry": { "type": "Point", "coordinates": [-107.0128, 33.6072] }
    },
    {
      "type": "Feature",
      "properties": { "k": "place" },
      "geometry": { "type": "Point", "coordinates": [-103.7938, 30.5931] }
    },
    {
      "type": "Feature",
      "properties": { "k": "place" },
      "geometry": { "type": "Point", "coordinates": [-102.0725, 30.2323] }
    },
    {
      "type": "Feature",
      "properties": { "k": "place" },
      "geometry": { "type": "Point", "coordinates": [-106.4123, 31.7952] }
    },
    {
      "type": "Feature",
      "properties": { "k": "person" },
      "geometry": { "type": "Point", "coordinates": [-106.66, 32.13] }
    },
    {
      "type": "Feature",
      "properties": { "k": "place" },
      "geometry": { "type": "Point", "coordinates": [-106.6627, 32.1182] }
    },
    {
      "type": "Feature",
      "properties": { "k": "place" },
      "geometry": { "type": "Point", "coordinates": [-106.7743, 32.3152] }
    },
    {
      "type": "Feature",
      "properties": { "k": "place" },
      "geometry": { "type": "Point", "coordinates": [-105.3775, 31.4509] }
    },
    {
      "type": "Feature",
      "properties": { "k": "place" },
      "geometry": { "type": "Point", "coordinates": [-105.3775, 31.4509] }
    },
    {
      "type": "Feature",
      "properties": { "k": "place" },
      "geometry": { "type": "Point", "coordinates": [-105.3775, 31.4509] }
    },
    {
      "type": "Feature",
      "properties": { "k": "place" },
      "geometry": { "type": "Point", "coordinates": [-104.4426, 33.0968] }
    },
    {
      "type": "Feature",
      "properties": { "k": "person" },
      "geometry": { "type": "Point", "coordinates": [-103.7931, 31.3133] }
    },
    {
      "type": "Feature",
      "properties": { "k": "person" },
      "geometry": { "type": "Point", "coordinates": [-100.4818, 28.7028] }
    },
    {
      "type": "Feature",
      "properties": { "k": "organization" },
      "geometry": { "type": "Point", "coordinates": [-100.4231, 29.3044] }
    },
    {
      "type": "Feature",
      "properties": { "k": "place" },
      "geometry": { "type": "Point", "coordinates": [-99.7935, 29.2041] }
    },
    {
      "type": "Feature",
      "properties": { "k": "place" },
      "geometry": { "type": "Point", "coordinates": [-98.4728, 29.4223] }
    },
    {
      "type": "Feature",
      "properties": { "k": "place" },
      "geometry": { "type": "Point", "coordinates": [-98.4533, 29.4151] }
    },
    {
      "type": "Feature",
      "properties": { "k": "place" },
      "geometry": { "type": "Point", "coordinates": [-98.5201, 29.4487] }
    },
    {
      "type": "Feature",
      "properties": { "k": "place" },
      "geometry": { "type": "Point", "coordinates": [-97.7578, 28.3987] }
    },
    {
      "type": "Feature",
      "properties": { "k": "place" },
      "geometry": { "type": "Point", "coordinates": [-98.0867, 29.1739] }
    },
    {
      "type": "Feature",
      "properties": { "k": "place" },
      "geometry": { "type": "Point", "coordinates": [-98.0387, 29.4612] }
    },
    {
      "type": "Feature",
      "properties": { "k": "place" },
      "geometry": { "type": "Point", "coordinates": [-97.9847, 29.4747] }
    },
    {
      "type": "Feature",
      "properties": { "k": "place" },
      "geometry": { "type": "Point", "coordinates": [-97.2981, 29.0901] }
    },
    {
      "type": "Feature",
      "properties": { "k": "place" },
      "geometry": { "type": "Point", "coordinates": [-97.1478, 29.0236] }
    },
    {
      "type": "Feature",
      "properties": { "k": "place" },
      "geometry": { "type": "Point", "coordinates": [-97.4919, 29.4619] }
    },
    {
      "type": "Feature",
      "properties": { "k": "person" },
      "geometry": { "type": "Point", "coordinates": [-96.1, 29.3] }
    },
    {
      "type": "Feature",
      "properties": { "k": "place" },
      "geometry": { "type": "Point", "coordinates": [-97.0038, 28.7948] }
    },
    {
      "type": "Feature",
      "properties": { "k": "place" },
      "geometry": { "type": "Point", "coordinates": [-96.0015, 28.7748] }
    },
    {
      "type": "Feature",
      "properties": { "k": "place" },
      "geometry": { "type": "Point", "coordinates": [-96, 29.4358] }
    },
    {
      "type": "Feature",
      "properties": { "k": "place" },
      "geometry": { "type": "Point", "coordinates": [-95.9943, 29.4501] }
    },
    {
      "type": "Feature",
      "properties": { "k": "person" },
      "geometry": { "type": "Point", "coordinates": [-97.9628, 29.5613] }
    },
    {
      "type": "Feature",
      "properties": { "k": "place" },
      "geometry": { "type": "Point", "coordinates": [-98.0293, 30.0612] }
    },
    {
      "type": "Feature",
      "properties": { "k": "place" },
      "geometry": { "type": "Point", "coordinates": [-98.0293, 30.0612] }
    },
    {
      "type": "Feature",
      "properties": { "k": "place" },
      "geometry": { "type": "Point", "coordinates": [-97.8715, 30.0992] }
    },
    {
      "type": "Feature",
      "properties": { "k": "place" },
      "geometry": { "type": "Point", "coordinates": [-97.6631, 29.886] }
    },
    {
      "type": "Feature",
      "properties": { "k": "place" },
      "geometry": { "type": "Point", "coordinates": [-97.4615, 30.0986] }
    },
    {
      "type": "Feature",
      "properties": { "k": "place" },
      "geometry": { "type": "Point", "coordinates": [-97.3177, 30.1212] }
    },
    {
      "type": "Feature",
      "properties": { "k": "place" },
      "geometry": { "type": "Point", "coordinates": [-97.3176, 30.119] }
    },
    {
      "type": "Feature",
      "properties": { "k": "place" },
      "geometry": { "type": "Point", "coordinates": [-97.3161, 30.1084] }
    },
    {
      "type": "Feature",
      "properties": { "k": "place" },
      "geometry": { "type": "Point", "coordinates": [-97.3125, 30.1085] }
    },
    {
      "type": "Feature",
      "properties": { "k": "place" },
      "geometry": { "type": "Point", "coordinates": [-97.3115, 30.1091] }
    },
    {
      "type": "Feature",
      "properties": { "k": "place" },
      "geometry": { "type": "Point", "coordinates": [-97.3125, 30.1095] }
    },
    {
      "type": "Feature",
      "properties": { "k": "person" },
      "geometry": { "type": "Point", "coordinates": [-97.3058, 30.1156] }
    },
    {
      "type": "Feature",
      "properties": { "k": "person" },
      "geometry": { "type": "Point", "coordinates": [-97.74, 30.27] }
    },
    {
      "type": "Feature",
      "properties": { "k": "person" },
      "geometry": { "type": "Point", "coordinates": [-97.74, 30.27] }
    },
    {
      "type": "Feature",
      "properties": { "k": "place" },
      "geometry": { "type": "Point", "coordinates": [-97.7433, 30.269] }
    },
    {
      "type": "Feature",
      "properties": { "k": "person" },
      "geometry": { "type": "Point", "coordinates": [-97.7406, 30.2747] }
    },
    {
      "type": "Feature",
      "properties": { "k": "place" },
      "geometry": { "type": "Point", "coordinates": [-97.7528, 30.2472] }
    },
    {
      "type": "Feature",
      "properties": { "k": "organization" },
      "geometry": { "type": "Point", "coordinates": [-97.7406, 30.2747] }
    },
    {
      "type": "Feature",
      "properties": { "k": "person" },
      "geometry": { "type": "Point", "coordinates": [-97.7417, 30.2594] }
    },
    {
      "type": "Feature",
      "properties": { "k": "person" },
      "geometry": { "type": "Point", "coordinates": [-97.7713, 30.3264] }
    },
    {
      "type": "Feature",
      "properties": { "k": "place" },
      "geometry": { "type": "Point", "coordinates": [-97.731, 30.2753] }
    },
    {
      "type": "Feature",
      "properties": { "k": "place" },
      "geometry": { "type": "Point", "coordinates": [-97.7247, 30.2718] }
    },
    {
      "type": "Feature",
      "properties": { "k": "place" },
      "geometry": { "type": "Point", "coordinates": [-97.7102, 30.2701] }
    },
    {
      "type": "Feature",
      "properties": { "k": "place" },
      "geometry": { "type": "Point", "coordinates": [-97.6913, 30.2395] }
    },
    {
      "type": "Feature",
      "properties": { "k": "place" },
      "geometry": { "type": "Point", "coordinates": [-97.6913, 30.2395] }
    },
    {
      "type": "Feature",
      "properties": { "k": "place" },
      "geometry": { "type": "Point", "coordinates": [-97.7282, 30.2721] }
    },
    {
      "type": "Feature",
      "properties": { "k": "place" },
      "geometry": { "type": "Point", "coordinates": [-97.7183, 30.2687] }
    },
    {
      "type": "Feature",
      "properties": { "k": "place" },
      "geometry": { "type": "Point", "coordinates": [-97.7217, 30.2732] }
    },
    {
      "type": "Feature",
      "properties": { "k": "place" },
      "geometry": { "type": "Point", "coordinates": [-97.6913, 30.2395] }
    },
    {
      "type": "Feature",
      "properties": { "k": "place" },
      "geometry": { "type": "Point", "coordinates": [-97.6913, 30.2395] }
    },
    {
      "type": "Feature",
      "properties": { "k": "place" },
      "geometry": { "type": "Point", "coordinates": [-97.7117, 30.2637] }
    },
    {
      "type": "Feature",
      "properties": { "k": "place" },
      "geometry": { "type": "Point", "coordinates": [-97.7217, 30.2647] }
    },
    {
      "type": "Feature",
      "properties": { "k": "institution" },
      "geometry": { "type": "Point", "coordinates": [-97.7244, 30.2702] }
    },
    {
      "type": "Feature",
      "properties": { "k": "place" },
      "geometry": { "type": "Point", "coordinates": [-97.7264, 30.2708] }
    },
    {
      "type": "Feature",
      "properties": { "k": "case" },
      "geometry": { "type": "Point", "coordinates": [-97.7341, 30.2849] }
    },
    {
      "type": "Feature",
      "properties": { "k": "place" },
      "geometry": { "type": "Point", "coordinates": [-97.4051, 30.5722] }
    },
    {
      "type": "Feature",
      "properties": { "k": "place" },
      "geometry": { "type": "Point", "coordinates": [-97.3684, 30.3594] }
    },
    {
      "type": "Feature",
      "properties": { "k": "person" },
      "geometry": { "type": "Point", "coordinates": [-96.9332, 30.1777] }
    },
    {
      "type": "Feature",
      "properties": { "k": "place" },
      "geometry": { "type": "Point", "coordinates": [-96.4103, 30.2151] }
    },
    {
      "type": "Feature",
      "properties": { "k": "case" },
      "geometry": { "type": "Point", "coordinates": [-95.7602, 29.5822] }
    },
    {
      "type": "Feature",
      "properties": { "k": "person" },
      "geometry": { "type": "Point", "coordinates": [-96.2347, 30.1833] }
    },
    {
      "type": "Feature",
      "properties": { "k": "place" },
      "geometry": { "type": "Point", "coordinates": [-96.0297, 30.0964] }
    },
    {
      "type": "Feature",
      "properties": { "k": "place" },
      "geometry": { "type": "Point", "coordinates": [-95.9803, 30.0941] }
    },
    {
      "type": "Feature",
      "properties": { "k": "place" },
      "geometry": { "type": "Point", "coordinates": [-95.9894, 30.0932] }
    },
    {
      "type": "Feature",
      "properties": { "k": "place" },
      "geometry": { "type": "Point", "coordinates": [-95.9801, 30.0938] }
    },
    {
      "type": "Feature",
      "properties": { "k": "place" },
      "geometry": { "type": "Point", "coordinates": [-95.9803, 30.0954] }
    },
    {
      "type": "Feature",
      "properties": { "k": "place" },
      "geometry": { "type": "Point", "coordinates": [-95.984, 30.0935] }
    },
    {
      "type": "Feature",
      "properties": { "k": "school" },
      "geometry": { "type": "Point", "coordinates": [-95.9894, 30.0919] }
    },
    {
      "type": "Feature",
      "properties": { "k": "place" },
      "geometry": { "type": "Point", "coordinates": [-96.6221, 30.4935] }
    },
    {
      "type": "Feature",
      "properties": { "k": "person" },
      "geometry": { "type": "Point", "coordinates": [-96.35, 30.61] }
    },
    {
      "type": "Feature",
      "properties": { "k": "place" },
      "geometry": { "type": "Point", "coordinates": [-96.3672, 30.6826] }
    },
    {
      "type": "Feature",
      "properties": { "k": "place" },
      "geometry": { "type": "Point", "coordinates": [-100.4314, 31.4597] }
    },
    {
      "type": "Feature",
      "properties": { "k": "place" },
      "geometry": { "type": "Point", "coordinates": [-100.4428, 31.4654] }
    },
    {
      "type": "Feature",
      "properties": { "k": "law" },
      "geometry": { "type": "Point", "coordinates": [-99.3312, 31.4757] }
    },
    {
      "type": "Feature",
      "properties": { "k": "law" },
      "geometry": { "type": "Point", "coordinates": [-99.3312, 31.4757] }
    },
    {
      "type": "Feature",
      "properties": { "k": "place" },
      "geometry": { "type": "Point", "coordinates": [-98.9906, 31.7249] }
    },
    {
      "type": "Feature",
      "properties": { "k": "place" },
      "geometry": { "type": "Point", "coordinates": [-98.56, 31.95] }
    },
    {
      "type": "Feature",
      "properties": { "k": "place" },
      "geometry": { "type": "Point", "coordinates": [-98.56, 31.95] }
    },
    {
      "type": "Feature",
      "properties": { "k": "place" },
      "geometry": { "type": "Point", "coordinates": [-98.56, 31.95] }
    },
    {
      "type": "Feature",
      "properties": { "k": "place" },
      "geometry": { "type": "Point", "coordinates": [-98.56, 31.95] }
    },
    {
      "type": "Feature",
      "properties": { "k": "place" },
      "geometry": { "type": "Point", "coordinates": [-98.56, 31.95] }
    },
    {
      "type": "Feature",
      "properties": { "k": "place" },
      "geometry": { "type": "Point", "coordinates": [-98.2676, 31.0654] }
    },
    {
      "type": "Feature",
      "properties": { "k": "person" },
      "geometry": { "type": "Point", "coordinates": [-97.33, 31.09] }
    },
    {
      "type": "Feature",
      "properties": { "k": "place" },
      "geometry": { "type": "Point", "coordinates": [-97.2015, 31.5496] }
    },
    {
      "type": "Feature",
      "properties": { "k": "person" },
      "geometry": { "type": "Point", "coordinates": [-97.1472, 31.5492] }
    },
    {
      "type": "Feature",
      "properties": { "k": "person" },
      "geometry": { "type": "Point", "coordinates": [-97.1467, 31.5493] }
    },
    {
      "type": "Feature",
      "properties": { "k": "other" },
      "geometry": { "type": "Point", "coordinates": [-97.1472, 31.5492] }
    },
    {
      "type": "Feature",
      "properties": { "k": "place" },
      "geometry": { "type": "Point", "coordinates": [-97.1238, 31.5552] }
    },
    {
      "type": "Feature",
      "properties": { "k": "person" },
      "geometry": { "type": "Point", "coordinates": [-96.6711, 30.9782] }
    },
    {
      "type": "Feature",
      "properties": { "k": "place" },
      "geometry": { "type": "Point", "coordinates": [-96.4769, 32.0484] }
    },
    {
      "type": "Feature",
      "properties": { "k": "place" },
      "geometry": { "type": "Point", "coordinates": [-96.4769, 32.0484] }
    },
    {
      "type": "Feature",
      "properties": { "k": "place" },
      "geometry": { "type": "Point", "coordinates": [-95.6408, 31.7558] }
    },
    {
      "type": "Feature",
      "properties": { "k": "event" },
      "geometry": { "type": "Point", "coordinates": [-97.14, 32.56] }
    },
    {
      "type": "Feature",
      "properties": { "k": "school" },
      "geometry": { "type": "Point", "coordinates": [-97.14, 32.56] }
    },
    {
      "type": "Feature",
      "properties": { "k": "place" },
      "geometry": { "type": "Point", "coordinates": [-97.3192, 32.735] }
    },
    {
      "type": "Feature",
      "properties": { "k": "place" },
      "geometry": { "type": "Point", "coordinates": [-97.3184, 32.7327] }
    },
    {
      "type": "Feature",
      "properties": { "k": "place" },
      "geometry": { "type": "Point", "coordinates": [-97.3055, 32.7583] }
    },
    {
      "type": "Feature",
      "properties": { "k": "place" },
      "geometry": { "type": "Point", "coordinates": [-97.3272, 32.7589] }
    },
    {
      "type": "Feature",
      "properties": { "k": "place" },
      "geometry": { "type": "Point", "coordinates": [-97.2912, 32.7721] }
    },
    {
      "type": "Feature",
      "properties": { "k": "place" },
      "geometry": { "type": "Point", "coordinates": [-97.2912, 32.7721] }
    },
    {
      "type": "Feature",
      "properties": { "k": "place" },
      "geometry": { "type": "Point", "coordinates": [-97.347, 32.7897] }
    },
    {
      "type": "Feature",
      "properties": { "k": "place" },
      "geometry": { "type": "Point", "coordinates": [-96.846, 32.3811] }
    },
    {
      "type": "Feature",
      "properties": { "k": "place" },
      "geometry": { "type": "Point", "coordinates": [-96.8419, 32.3838] }
    },
    {
      "type": "Feature",
      "properties": { "k": "place" },
      "geometry": { "type": "Point", "coordinates": [-96.8426, 32.384] }
    },
    {
      "type": "Feature",
      "properties": { "k": "place" },
      "geometry": { "type": "Point", "coordinates": [-96.8383, 32.3852] }
    },
    {
      "type": "Feature",
      "properties": { "k": "school" },
      "geometry": { "type": "Point", "coordinates": [-96.7552, 32.6781] }
    },
    {
      "type": "Feature",
      "properties": { "k": "school" },
      "geometry": { "type": "Point", "coordinates": [-96.755, 32.677] }
    },
    {
      "type": "Feature",
      "properties": { "k": "person" },
      "geometry": { "type": "Point", "coordinates": [-96.81, 32.79] }
    },
    {
      "type": "Feature",
      "properties": { "k": "place" },
      "geometry": { "type": "Point", "coordinates": [-96.7784, 32.767] }
    },
    {
      "type": "Feature",
      "properties": { "k": "place" },
      "geometry": { "type": "Point", "coordinates": [-96.7927, 32.7828] }
    },
    {
      "type": "Feature",
      "properties": { "k": "publication" },
      "geometry": { "type": "Point", "coordinates": [-96.797, 32.7767] }
    },
    {
      "type": "Feature",
      "properties": { "k": "place" },
      "geometry": { "type": "Point", "coordinates": [-96.7784, 32.767] }
    },
    {
      "type": "Feature",
      "properties": { "k": "place" },
      "geometry": { "type": "Point", "coordinates": [-96.7784, 32.767] }
    },
    {
      "type": "Feature",
      "properties": { "k": "person" },
      "geometry": { "type": "Point", "coordinates": [-96.8089, 32.7792] }
    },
    {
      "type": "Feature",
      "properties": { "k": "place" },
      "geometry": { "type": "Point", "coordinates": [-96.8061, 32.7512] }
    },
    {
      "type": "Feature",
      "properties": { "k": "place" },
      "geometry": { "type": "Point", "coordinates": [-96.7669, 32.7647] }
    },
    {
      "type": "Feature",
      "properties": { "k": "event" },
      "geometry": { "type": "Point", "coordinates": [-96.7656, 32.7819] }
    },
    {
      "type": "Feature",
      "properties": { "k": "institution" },
      "geometry": { "type": "Point", "coordinates": [-96.7643, 32.7792] }
    },
    {
      "type": "Feature",
      "properties": { "k": "place" },
      "geometry": { "type": "Point", "coordinates": [-96.7871, 32.7842] }
    },
    {
      "type": "Feature",
      "properties": { "k": "place" },
      "geometry": { "type": "Point", "coordinates": [-96.7964, 32.7922] }
    },
    {
      "type": "Feature",
      "properties": { "k": "place" },
      "geometry": { "type": "Point", "coordinates": [-96.2856, 32.7355] }
    },
    {
      "type": "Feature",
      "properties": { "k": "place" },
      "geometry": { "type": "Point", "coordinates": [-96.2753, 32.7361] }
    },
    {
      "type": "Feature",
      "properties": { "k": "place" },
      "geometry": { "type": "Point", "coordinates": [-96.1533, 32.7247] }
    },
    {
      "type": "Feature",
      "properties": { "k": "place" },
      "geometry": { "type": "Point", "coordinates": [-95.6317, 32.7919] }
    },
    {
      "type": "Feature",
      "properties": { "k": "place" },
      "geometry": { "type": "Point", "coordinates": [-96.0637, 33.3702] }
    },
    {
      "type": "Feature",
      "properties": { "k": "place" },
      "geometry": { "type": "Point", "coordinates": [-95.2717, 29.3936] }
    },
    {
      "type": "Feature",
      "properties": { "k": "place" },
      "geometry": { "type": "Point", "coordinates": [-94.9773, 29.3843] }
    },
    {
      "type": "Feature",
      "properties": { "k": "place" },
      "geometry": { "type": "Point", "coordinates": [-94.8882, 29.2339] }
    },
    {
      "type": "Feature",
      "properties": { "k": "place" },
      "geometry": { "type": "Point", "coordinates": [-94.7925, 29.2997] }
    },
    {
      "type": "Feature",
      "properties": { "k": "event" },
      "geometry": { "type": "Point", "coordinates": [-94.7891, 29.3007] }
    },
    {
      "type": "Feature",
      "properties": { "k": "person" },
      "geometry": { "type": "Point", "coordinates": [-95.37, 29.76] }
    },
    {
      "type": "Feature",
      "properties": { "k": "school" },
      "geometry": { "type": "Point", "coordinates": [-95.4543, 29.8028] }
    },
    {
      "type": "Feature",
      "properties": { "k": "place" },
      "geometry": { "type": "Point", "coordinates": [-95.3654, 29.7344] }
    },
    {
      "type": "Feature",
      "properties": { "k": "institution" },
      "geometry": { "type": "Point", "coordinates": [-95.3781, 29.7359] }
    },
    {
      "type": "Feature",
      "properties": { "k": "case" },
      "geometry": { "type": "Point", "coordinates": [-95.3698, 29.7604] }
    },
    {
      "type": "Feature",
      "properties": { "k": "place" },
      "geometry": { "type": "Point", "coordinates": [-95.3652, 29.7558] }
    },
    {
      "type": "Feature",
      "properties": { "k": "publication" },
      "geometry": { "type": "Point", "coordinates": [-95.3698, 29.7604] }
    },
    {
      "type": "Feature",
      "properties": { "k": "place" },
      "geometry": { "type": "Point", "coordinates": [-95.3995, 29.7753] }
    },
    {
      "type": "Feature",
      "properties": { "k": "person" },
      "geometry": { "type": "Point", "coordinates": [-95.3858, 29.7653] }
    },
    {
      "type": "Feature",
      "properties": { "k": "place" },
      "geometry": { "type": "Point", "coordinates": [-95.3708, 29.7593] }
    },
    {
      "type": "Feature",
      "properties": { "k": "place" },
      "geometry": { "type": "Point", "coordinates": [-95.3575, 29.7265] }
    },
    {
      "type": "Feature",
      "properties": { "k": "place" },
      "geometry": { "type": "Point", "coordinates": [-95.3605, 29.7314] }
    },
    {
      "type": "Feature",
      "properties": { "k": "place" },
      "geometry": { "type": "Point", "coordinates": [-95.3611, 29.721] }
    },
    {
      "type": "Feature",
      "properties": { "k": "place" },
      "geometry": { "type": "Point", "coordinates": [-95.3244, 29.7758] }
    },
    {
      "type": "Feature",
      "properties": { "k": "place" },
      "geometry": { "type": "Point", "coordinates": [-95.3959, 29.8174] }
    },
    {
      "type": "Feature",
      "properties": { "k": "place" },
      "geometry": { "type": "Point", "coordinates": [-95.3865, 29.8227] }
    },
    {
      "type": "Feature",
      "properties": { "k": "place" },
      "geometry": { "type": "Point", "coordinates": [-95.393, 29.8175] }
    },
    {
      "type": "Feature",
      "properties": { "k": "place" },
      "geometry": { "type": "Point", "coordinates": [-95.3951, 29.8108] }
    },
    {
      "type": "Feature",
      "properties": { "k": "place" },
      "geometry": { "type": "Point", "coordinates": [-95.3928, 29.8182] }
    },
    {
      "type": "Feature",
      "properties": { "k": "place" },
      "geometry": { "type": "Point", "coordinates": [-95.3959, 29.8183] }
    },
    {
      "type": "Feature",
      "properties": { "k": "place" },
      "geometry": { "type": "Point", "coordinates": [-95.393, 29.8573] }
    },
    {
      "type": "Feature",
      "properties": { "k": "place" },
      "geometry": { "type": "Point", "coordinates": [-95.393, 29.8573] }
    },
    {
      "type": "Feature",
      "properties": { "k": "person" },
      "geometry": { "type": "Point", "coordinates": [-95.3098, 29.8131] }
    },
    {
      "type": "Feature",
      "properties": { "k": "person" },
      "geometry": { "type": "Point", "coordinates": [-95.3098, 29.8131] }
    },
    {
      "type": "Feature",
      "properties": { "k": "person" },
      "geometry": { "type": "Point", "coordinates": [-95.39, 30.05] }
    },
    {
      "type": "Feature",
      "properties": { "k": "person" },
      "geometry": { "type": "Point", "coordinates": [-95.4439, 29.9308] }
    },
    {
      "type": "Feature",
      "properties": { "k": "place" },
      "geometry": { "type": "Point", "coordinates": [-94.8706, 30.8181] }
    },
    {
      "type": "Feature",
      "properties": { "k": "person" },
      "geometry": { "type": "Point", "coordinates": [-94.1039, 30.0688] }
    },
    {
      "type": "Feature",
      "properties": { "k": "place" },
      "geometry": { "type": "Point", "coordinates": [-93.358, 30.2296] }
    },
    {
      "type": "Feature",
      "properties": { "k": "place" },
      "geometry": { "type": "Point", "coordinates": [-92.8244, 30.5511] }
    },
    {
      "type": "Feature",
      "properties": { "k": "place" },
      "geometry": { "type": "Point", "coordinates": [-93.2725, 30.8427] }
    },
    {
      "type": "Feature",
      "properties": { "k": "place" },
      "geometry": { "type": "Point", "coordinates": [-90.0362, 29.5033] }
    },
    {
      "type": "Feature",
      "properties": { "k": "place" },
      "geometry": { "type": "Point", "coordinates": [-91.8427, 29.606] }
    },
    {
      "type": "Feature",
      "properties": { "k": "school" },
      "geometry": { "type": "Point", "coordinates": [-91.46, 29.63] }
    },
    {
      "type": "Feature",
      "properties": { "k": "place" },
      "geometry": { "type": "Point", "coordinates": [-92.0379, 29.9564] }
    },
    {
      "type": "Feature",
      "properties": { "k": "place" },
      "geometry": { "type": "Point", "coordinates": [-92.0642, 30.2065] }
    },
    {
      "type": "Feature",
      "properties": { "k": "place" },
      "geometry": { "type": "Point", "coordinates": [-92.0642, 30.2065] }
    },
    {
      "type": "Feature",
      "properties": { "k": "place" },
      "geometry": { "type": "Point", "coordinates": [-92.411, 30.2915] }
    },
    {
      "type": "Feature",
      "properties": { "k": "place" },
      "geometry": { "type": "Point", "coordinates": [-92.411, 30.2915] }
    },
    {
      "type": "Feature",
      "properties": { "k": "place" },
      "geometry": { "type": "Point", "coordinates": [-92.411, 30.2915] }
    },
    {
      "type": "Feature",
      "properties": { "k": "place" },
      "geometry": { "type": "Point", "coordinates": [-92.1325, 30.6189] }
    },
    {
      "type": "Feature",
      "properties": { "k": "place" },
      "geometry": { "type": "Point", "coordinates": [-91.9978, 30.2354] }
    },
    {
      "type": "Feature",
      "properties": { "k": "place" },
      "geometry": { "type": "Point", "coordinates": [-92.0421, 30.326] }
    },
    {
      "type": "Feature",
      "properties": { "k": "place" },
      "geometry": { "type": "Point", "coordinates": [-91.9893, 30.5834] }
    },
    {
      "type": "Feature",
      "properties": { "k": "place" },
      "geometry": { "type": "Point", "coordinates": [-91.4363, 30.601] }
    },
    {
      "type": "Feature",
      "properties": { "k": "event" },
      "geometry": { "type": "Point", "coordinates": [-91.4382, 30.7035] }
    },
    {
      "type": "Feature",
      "properties": { "k": "place" },
      "geometry": { "type": "Point", "coordinates": [-91.4218, 30.8734] }
    },
    {
      "type": "Feature",
      "properties": { "k": "place" },
      "geometry": { "type": "Point", "coordinates": [-90.722, 29.5916] }
    },
    {
      "type": "Feature",
      "properties": { "k": "other" },
      "geometry": { "type": "Point", "coordinates": [-91.1669, 30.1856] }
    },
    {
      "type": "Feature",
      "properties": { "k": "place" },
      "geometry": { "type": "Point", "coordinates": [-91.1608, 30.177] }
    },
    {
      "type": "Feature",
      "properties": { "k": "place" },
      "geometry": { "type": "Point", "coordinates": [-90.7722, 30.006] }
    },
    {
      "type": "Feature",
      "properties": { "k": "place" },
      "geometry": { "type": "Point", "coordinates": [-90.7253, 30.0087] }
    },
    {
      "type": "Feature",
      "properties": { "k": "institution" },
      "geometry": { "type": "Point", "coordinates": [-90.9902, 30.1015] }
    },
    {
      "type": "Feature",
      "properties": { "k": "place" },
      "geometry": { "type": "Point", "coordinates": [-90.6823, 29.9467] }
    },
    {
      "type": "Feature",
      "properties": { "k": "place" },
      "geometry": { "type": "Point", "coordinates": [-90.6406, 30.0272] }
    },
    {
      "type": "Feature",
      "properties": { "k": "institution" },
      "geometry": { "type": "Point", "coordinates": [-90.6506, 30.0392] }
    },
    {
      "type": "Feature",
      "properties": { "k": "place" },
      "geometry": { "type": "Point", "coordinates": [-90.6506, 30.0392] }
    },
    {
      "type": "Feature",
      "properties": { "k": "person" },
      "geometry": { "type": "Point", "coordinates": [-90.5817, 30.0319] }
    },
    {
      "type": "Feature",
      "properties": { "k": "place" },
      "geometry": { "type": "Point", "coordinates": [-90.3579, 29.9057] }
    },
    {
      "type": "Feature",
      "properties": { "k": "event" },
      "geometry": { "type": "Point", "coordinates": [-90.3559, 29.9598] }
    },
    {
      "type": "Feature",
      "properties": { "k": "place" },
      "geometry": { "type": "Point", "coordinates": [-90.3653, 29.9454] }
    },
    {
      "type": "Feature",
      "properties": { "k": "place" },
      "geometry": { "type": "Point", "coordinates": [-90.3869, 29.9542] }
    },
    {
      "type": "Feature",
      "properties": { "k": "place" },
      "geometry": { "type": "Point", "coordinates": [-90.5564, 30.0733] }
    },
    {
      "type": "Feature",
      "properties": { "k": "person" },
      "geometry": { "type": "Point", "coordinates": [-90.08, 29.96] }
    },
    {
      "type": "Feature",
      "properties": { "k": "person" },
      "geometry": { "type": "Point", "coordinates": [-90.08, 29.98] }
    },
    {
      "type": "Feature",
      "properties": { "k": "place" },
      "geometry": { "type": "Point", "coordinates": [-90.1041, 29.9237] }
    },
    {
      "type": "Feature",
      "properties": { "k": "place" },
      "geometry": { "type": "Point", "coordinates": [-90.1073, 29.9642] }
    },
    {
      "type": "Feature",
      "properties": { "k": "place" },
      "geometry": { "type": "Point", "coordinates": [-90.1262, 29.9354] }
    },
    {
      "type": "Feature",
      "properties": { "k": "school" },
      "geometry": { "type": "Point", "coordinates": [-90.107, 29.9652] }
    },
    {
      "type": "Feature",
      "properties": { "k": "institution" },
      "geometry": { "type": "Point", "coordinates": [-90.1207, 29.9397] }
    },
    {
      "type": "Feature",
      "properties": { "k": "person" },
      "geometry": { "type": "Point", "coordinates": [-90.0734, 29.9561] }
    },
    {
      "type": "Feature",
      "properties": { "k": "case" },
      "geometry": { "type": "Point", "coordinates": [-90.0715, 29.9511] }
    },
    {
      "type": "Feature",
      "properties": { "k": "place" },
      "geometry": { "type": "Point", "coordinates": [-90.075, 29.9509] }
    },
    {
      "type": "Feature",
      "properties": { "k": "publication" },
      "geometry": { "type": "Point", "coordinates": [-90.0715, 29.9511] }
    },
    {
      "type": "Feature",
      "properties": { "k": "place" },
      "geometry": { "type": "Point", "coordinates": [-90.0845, 29.9361] }
    },
    {
      "type": "Feature",
      "properties": { "k": "invention" },
      "geometry": { "type": "Point", "coordinates": [-90.0715, 29.9511] }
    },
    {
      "type": "Feature",
      "properties": { "k": "place" },
      "geometry": { "type": "Point", "coordinates": [-90.075, 29.9516] }
    },
    {
      "type": "Feature",
      "properties": { "k": "publication" },
      "geometry": { "type": "Point", "coordinates": [-90.0715, 29.9511] }
    },
    {
      "type": "Feature",
      "properties": { "k": "place" },
      "geometry": { "type": "Point", "coordinates": [-90.0634, 29.9707] }
    },
    {
      "type": "Feature",
      "properties": { "k": "place" },
      "geometry": { "type": "Point", "coordinates": [-90.0768, 29.967] }
    },
    {
      "type": "Feature",
      "properties": { "k": "publication" },
      "geometry": { "type": "Point", "coordinates": [-90.0715, 29.9511] }
    },
    {
      "type": "Feature",
      "properties": { "k": "case" },
      "geometry": { "type": "Point", "coordinates": [-90.0715, 29.9511] }
    },
    {
      "type": "Feature",
      "properties": { "k": "place" },
      "geometry": { "type": "Point", "coordinates": [-90.0665, 29.9654] }
    },
    {
      "type": "Feature",
      "properties": { "k": "place" },
      "geometry": { "type": "Point", "coordinates": [-90.0722, 29.9646] }
    },
    {
      "type": "Feature",
      "properties": { "k": "place" },
      "geometry": { "type": "Point", "coordinates": [-90.0705, 29.9703] }
    },
    {
      "type": "Feature",
      "properties": { "k": "person" },
      "geometry": { "type": "Point", "coordinates": [-90.0715, 29.9511] }
    },
    {
      "type": "Feature",
      "properties": { "k": "place" },
      "geometry": { "type": "Point", "coordinates": [-90.0752, 29.9529] }
    },
    {
      "type": "Feature",
      "properties": { "k": "place" },
      "geometry": { "type": "Point", "coordinates": [-90.0125, 29.9608] }
    },
    {
      "type": "Feature",
      "properties": { "k": "person" },
      "geometry": { "type": "Point", "coordinates": [-90.1174, 29.9813] }
    },
    {
      "type": "Feature",
      "properties": { "k": "place" },
      "geometry": { "type": "Point", "coordinates": [-90.0614, 29.9821] }
    },
    {
      "type": "Feature",
      "properties": { "k": "place" },
      "geometry": { "type": "Point", "coordinates": [-90.0689, 29.9718] }
    },
    {
      "type": "Feature",
      "properties": { "k": "other" },
      "geometry": { "type": "Point", "coordinates": [-90.0783, 29.9761] }
    },
    {
      "type": "Feature",
      "properties": { "k": "school" },
      "geometry": { "type": "Point", "coordinates": [-90.0653, 29.995] }
    },
    {
      "type": "Feature",
      "properties": { "k": "place" },
      "geometry": { "type": "Point", "coordinates": [-90.0333, 29.9766] }
    },
    {
      "type": "Feature",
      "properties": { "k": "place" },
      "geometry": { "type": "Point", "coordinates": [-90.0449, 30.0262] }
    },
    {
      "type": "Feature",
      "properties": { "k": "place" },
      "geometry": { "type": "Point", "coordinates": [-91.1128, 30.3034] }
    },
    {
      "type": "Feature",
      "properties": { "k": "person" },
      "geometry": { "type": "Point", "coordinates": [-91.18, 30.45] }
    },
    {
      "type": "Feature",
      "properties": { "k": "place" },
      "geometry": { "type": "Point", "coordinates": [-91.3098, 30.4641] }
    },
    {
      "type": "Feature",
      "properties": { "k": "place" },
      "geometry": { "type": "Point", "coordinates": [-91.3098, 30.4641] }
    },
    {
      "type": "Feature",
      "properties": { "k": "law" },
      "geometry": { "type": "Point", "coordinates": [-91.1868, 30.4459] }
    },
    {
      "type": "Feature",
      "properties": { "k": "place" },
      "geometry": { "type": "Point", "coordinates": [-91.1884, 30.4509] }
    },
    {
      "type": "Feature",
      "properties": { "k": "place" },
      "geometry": { "type": "Point", "coordinates": [-91.1711, 30.4385] }
    },
    {
      "type": "Feature",
      "properties": { "k": "place" },
      "geometry": { "type": "Point", "coordinates": [-91.179, 30.4338] }
    },
    {
      "type": "Feature",
      "properties": { "k": "place" },
      "geometry": { "type": "Point", "coordinates": [-91.1693, 30.4566] }
    },
    {
      "type": "Feature",
      "properties": { "k": "place" },
      "geometry": { "type": "Point", "coordinates": [-91.2184, 30.5219] }
    },
    {
      "type": "Feature",
      "properties": { "k": "place" },
      "geometry": { "type": "Point", "coordinates": [-91.1944, 30.5239] }
    },
    {
      "type": "Feature",
      "properties": { "k": "school" },
      "geometry": { "type": "Point", "coordinates": [-91.1917, 30.525] }
    },
    {
      "type": "Feature",
      "properties": { "k": "place" },
      "geometry": { "type": "Point", "coordinates": [-91.0931, 30.5439] }
    },
    {
      "type": "Feature",
      "properties": { "k": "place" },
      "geometry": { "type": "Point", "coordinates": [-91.0931, 30.5439] }
    },
    {
      "type": "Feature",
      "properties": { "k": "place" },
      "geometry": { "type": "Point", "coordinates": [-91.0931, 30.5439] }
    },
    {
      "type": "Feature",
      "properties": { "k": "place" },
      "geometry": { "type": "Point", "coordinates": [-91.1723, 30.5956] }
    },
    {
      "type": "Feature",
      "properties": { "k": "other" },
      "geometry": { "type": "Point", "coordinates": [-91.3875, 30.8031] }
    },
    {
      "type": "Feature",
      "properties": { "k": "place" },
      "geometry": { "type": "Point", "coordinates": [-91.3903, 30.8201] }
    },
    {
      "type": "Feature",
      "properties": { "k": "place" },
      "geometry": { "type": "Point", "coordinates": [-91.0434, 30.8398] }
    },
    {
      "type": "Feature",
      "properties": { "k": "place" },
      "geometry": { "type": "Point", "coordinates": [-90.8768, 30.9367] }
    },
    {
      "type": "Feature",
      "properties": { "k": "place" },
      "geometry": { "type": "Point", "coordinates": [-90.5774, 30.4141] }
    },
    {
      "type": "Feature",
      "properties": { "k": "place" },
      "geometry": { "type": "Point", "coordinates": [-90.0622, 30.3557] }
    },
    {
      "type": "Feature",
      "properties": { "k": "place" },
      "geometry": { "type": "Point", "coordinates": [-94.6202, 31.6206] }
    },
    {
      "type": "Feature",
      "properties": { "k": "place" },
      "geometry": { "type": "Point", "coordinates": [-95.623, 31.7683] }
    },
    {
      "type": "Feature",
      "properties": { "k": "place" },
      "geometry": { "type": "Point", "coordinates": [-94.7564, 32.1094] }
    },
    {
      "type": "Feature",
      "properties": { "k": "place" },
      "geometry": { "type": "Point", "coordinates": [-93.7066, 30.9715] }
    },
    {
      "type": "Feature",
      "properties": { "k": "event" },
      "geometry": { "type": "Point", "coordinates": [-93.7069, 30.9703] }
    },
    {
      "type": "Feature",
      "properties": { "k": "place" },
      "geometry": { "type": "Point", "coordinates": [-93.6389, 30.9936] }
    },
    {
      "type": "Feature",
      "properties": { "k": "place" },
      "geometry": { "type": "Point", "coordinates": [-92.9677, 31.0896] }
    },
    {
      "type": "Feature",
      "properties": { "k": "place" },
      "geometry": { "type": "Point", "coordinates": [-93.4736, 31.5712] }
    },
    {
      "type": "Feature",
      "properties": { "k": "place" },
      "geometry": { "type": "Point", "coordinates": [-92.9886, 31.6251] }
    },
    {
      "type": "Feature",
      "properties": { "k": "place" },
      "geometry": { "type": "Point", "coordinates": [-92.9417, 31.5503] }
    },
    {
      "type": "Feature",
      "properties": { "k": "place" },
      "geometry": { "type": "Point", "coordinates": [-92.9734, 31.6021] }
    },
    {
      "type": "Feature",
      "properties": { "k": "person" },
      "geometry": { "type": "Point", "coordinates": [-94.1794, 31.7931] }
    },
    {
      "type": "Feature",
      "properties": { "k": "place" },
      "geometry": { "type": "Point", "coordinates": [-93.9474, 32.11] }
    },
    {
      "type": "Feature",
      "properties": { "k": "place" },
      "geometry": { "type": "Point", "coordinates": [-93.7131, 32.1089] }
    },
    {
      "type": "Feature",
      "properties": { "k": "place" },
      "geometry": { "type": "Point", "coordinates": [-93.0028, 31.6656] }
    },
    {
      "type": "Feature",
      "properties": { "k": "place" },
      "geometry": { "type": "Point", "coordinates": [-93.0188, 31.6813] }
    },
    {
      "type": "Feature",
      "properties": { "k": "place" },
      "geometry": { "type": "Point", "coordinates": [-93.0036, 31.6656] }
    },
    {
      "type": "Feature",
      "properties": { "k": "place" },
      "geometry": { "type": "Point", "coordinates": [-93.0286, 31.6436] }
    },
    {
      "type": "Feature",
      "properties": { "k": "place" },
      "geometry": { "type": "Point", "coordinates": [-93.0412, 32.341] }
    },
    {
      "type": "Feature",
      "properties": { "k": "place" },
      "geometry": { "type": "Point", "coordinates": [-95.3153, 32.3525] }
    },
    {
      "type": "Feature",
      "properties": { "k": "place" },
      "geometry": { "type": "Point", "coordinates": [-95.3068, 32.3559] }
    },
    {
      "type": "Feature",
      "properties": { "k": "place" },
      "geometry": { "type": "Point", "coordinates": [-95.3118, 32.3761] }
    },
    {
      "type": "Feature",
      "properties": { "k": "place" },
      "geometry": { "type": "Point", "coordinates": [-95.3126, 32.3737] }
    },
    {
      "type": "Feature",
      "properties": { "k": "place" },
      "geometry": { "type": "Point", "coordinates": [-95.3125, 32.3746] }
    },
    {
      "type": "Feature",
      "properties": { "k": "place" },
      "geometry": { "type": "Point", "coordinates": [-95.3137, 32.463] }
    },
    {
      "type": "Feature",
      "properties": { "k": "place" },
      "geometry": { "type": "Point", "coordinates": [-95.1796, 32.5871] }
    },
    {
      "type": "Feature",
      "properties": { "k": "place" },
      "geometry": { "type": "Point", "coordinates": [-95.1815, 32.5879] }
    },
    {
      "type": "Feature",
      "properties": { "k": "school" },
      "geometry": { "type": "Point", "coordinates": [-94.37, 32.55] }
    },
    {
      "type": "Feature",
      "properties": { "k": "school" },
      "geometry": { "type": "Point", "coordinates": [-94.371, 32.545] }
    },
    {
      "type": "Feature",
      "properties": { "k": "place" },
      "geometry": { "type": "Point", "coordinates": [-94.3516, 32.7564] }
    },
    {
      "type": "Feature",
      "properties": { "k": "place" },
      "geometry": { "type": "Point", "coordinates": [-95.5703, 33.6673] }
    },
    {
      "type": "Feature",
      "properties": { "k": "place" },
      "geometry": { "type": "Point", "coordinates": [-94.3962, 33.0532] }
    },
    {
      "type": "Feature",
      "properties": { "k": "place" },
      "geometry": { "type": "Point", "coordinates": [-94.3576, 33.0837] }
    },
    {
      "type": "Feature",
      "properties": { "k": "place" },
      "geometry": { "type": "Point", "coordinates": [-94.67, 33.5162] }
    },
    {
      "type": "Feature",
      "properties": { "k": "school" },
      "geometry": { "type": "Point", "coordinates": [-94.42, 33.45] }
    },
    {
      "type": "Feature",
      "properties": { "k": "person" },
      "geometry": { "type": "Point", "coordinates": [-93.88, 32.58] }
    },
    {
      "type": "Feature",
      "properties": { "k": "place" },
      "geometry": { "type": "Point", "coordinates": [-93.885, 32.5801] }
    },
    {
      "type": "Feature",
      "properties": { "k": "place" },
      "geometry": { "type": "Point", "coordinates": [-93.885, 32.5801] }
    },
    {
      "type": "Feature",
      "properties": { "k": "place" },
      "geometry": { "type": "Point", "coordinates": [-93.885, 32.5801] }
    },
    {
      "type": "Feature",
      "properties": { "k": "person" },
      "geometry": { "type": "Point", "coordinates": [-93.7487, 32.5037] }
    },
    {
      "type": "Feature",
      "properties": { "k": "place" },
      "geometry": { "type": "Point", "coordinates": [-93.7542, 32.5035] }
    },
    {
      "type": "Feature",
      "properties": { "k": "place" },
      "geometry": { "type": "Point", "coordinates": [-93.7536, 32.5041] }
    },
    {
      "type": "Feature",
      "properties": { "k": "place" },
      "geometry": { "type": "Point", "coordinates": [-93.8346, 32.5456] }
    },
    {
      "type": "Feature",
      "properties": { "k": "place" },
      "geometry": { "type": "Point", "coordinates": [-92.9897, 32.8272] }
    },
    {
      "type": "Feature",
      "properties": { "k": "place" },
      "geometry": { "type": "Point", "coordinates": [-92.9897, 32.8272] }
    },
    {
      "type": "Feature",
      "properties": { "k": "place" },
      "geometry": { "type": "Point", "coordinates": [-93.8672, 33.0534] }
    },
    {
      "type": "Feature",
      "properties": { "k": "place" },
      "geometry": { "type": "Point", "coordinates": [-94.1302, 33.668] }
    },
    {
      "type": "Feature",
      "properties": { "k": "place" },
      "geometry": { "type": "Point", "coordinates": [-93.4882, 33.3532] }
    },
    {
      "type": "Feature",
      "properties": { "k": "place" },
      "geometry": { "type": "Point", "coordinates": [-93.2328, 33.223] }
    },
    {
      "type": "Feature",
      "properties": { "k": "place" },
      "geometry": { "type": "Point", "coordinates": [-92.8784, 33.5912] }
    },
    {
      "type": "Feature",
      "properties": { "k": "place" },
      "geometry": { "type": "Point", "coordinates": [-92.6584, 31.3065] }
    },
    {
      "type": "Feature",
      "properties": { "k": "case" },
      "geometry": { "type": "Point", "coordinates": [-92.7085, 31.5271] }
    },
    {
      "type": "Feature",
      "properties": { "k": "event" },
      "geometry": { "type": "Point", "coordinates": [-92.7117, 31.5169] }
    },
    {
      "type": "Feature",
      "properties": { "k": "place" },
      "geometry": { "type": "Point", "coordinates": [-92.443, 31.3096] }
    },
    {
      "type": "Feature",
      "properties": { "k": "place" },
      "geometry": { "type": "Point", "coordinates": [-92.4383, 31.5067] }
    },
    {
      "type": "Feature",
      "properties": { "k": "place" },
      "geometry": { "type": "Point", "coordinates": [-91.4473, 31.0964] }
    },
    {
      "type": "Feature",
      "properties": { "k": "place" },
      "geometry": { "type": "Point", "coordinates": [-91.4368, 31.3846] }
    },
    {
      "type": "Feature",
      "properties": { "k": "other" },
      "geometry": { "type": "Point", "coordinates": [-91.6717, 31.5944] }
    },
    {
      "type": "Feature",
      "properties": { "k": "organization" },
      "geometry": { "type": "Point", "coordinates": [-92.716, 32.2413] }
    },
    {
      "type": "Feature",
      "properties": { "k": "place" },
      "geometry": { "type": "Point", "coordinates": [-90.8073, 31.156] }
    },
    {
      "type": "Feature",
      "properties": { "k": "place" },
      "geometry": { "type": "Point", "coordinates": [-91.3518, 31.4862] }
    },
    {
      "type": "Feature",
      "properties": { "k": "place" },
      "geometry": { "type": "Point", "coordinates": [-91.3518, 31.4862] }
    },
    {
      "type": "Feature",
      "properties": { "k": "place" },
      "geometry": { "type": "Point", "coordinates": [-91.3518, 31.4862] }
    },
    {
      "type": "Feature",
      "properties": { "k": "place" },
      "geometry": { "type": "Point", "coordinates": [-91.3518, 31.4862] }
    },
    {
      "type": "Feature",
      "properties": { "k": "place" },
      "geometry": { "type": "Point", "coordinates": [-91.3518, 31.4862] }
    },
    {
      "type": "Feature",
      "properties": { "k": "place" },
      "geometry": { "type": "Point", "coordinates": [-91.3518, 31.4862] }
    },
    {
      "type": "Feature",
      "properties": { "k": "place" },
      "geometry": { "type": "Point", "coordinates": [-91.3518, 31.4862] }
    },
    {
      "type": "Feature",
      "properties": { "k": "place" },
      "geometry": { "type": "Point", "coordinates": [-91.3518, 31.4862] }
    },
    {
      "type": "Feature",
      "properties": { "k": "place" },
      "geometry": { "type": "Point", "coordinates": [-91.4017, 31.5566] }
    },
    {
      "type": "Feature",
      "properties": { "k": "place" },
      "geometry": { "type": "Point", "coordinates": [-91.3916, 31.5596] }
    },
    {
      "type": "Feature",
      "properties": { "k": "place" },
      "geometry": { "type": "Point", "coordinates": [-91.3926, 31.5574] }
    },
    {
      "type": "Feature",
      "properties": { "k": "place" },
      "geometry": { "type": "Point", "coordinates": [-91.3703, 31.5766] }
    },
    {
      "type": "Feature",
      "properties": { "k": "place" },
      "geometry": { "type": "Point", "coordinates": [-91.3493, 31.6309] }
    },
    {
      "type": "Feature",
      "properties": { "k": "person" },
      "geometry": { "type": "Point", "coordinates": [-90.45, 31.24] }
    },
    {
      "type": "Feature",
      "properties": { "k": "place" },
      "geometry": { "type": "Point", "coordinates": [-90.549, 31.1338] }
    },
    {
      "type": "Feature",
      "properties": { "k": "place" },
      "geometry": { "type": "Point", "coordinates": [-90.3977, 31.1775] }
    },
    {
      "type": "Feature",
      "properties": { "k": "place" },
      "geometry": { "type": "Point", "coordinates": [-90.0953, 31.0573] }
    },
    {
      "type": "Feature",
      "properties": { "k": "place" },
      "geometry": { "type": "Point", "coordinates": [-90.1464, 31.0706] }
    },
    {
      "type": "Feature",
      "properties": { "k": "place" },
      "geometry": { "type": "Point", "coordinates": [-90.4338, 31.5711] }
    },
    {
      "type": "Feature",
      "properties": { "k": "place" },
      "geometry": { "type": "Point", "coordinates": [-91.3686, 31.8131] }
    },
    {
      "type": "Feature",
      "properties": { "k": "place" },
      "geometry": { "type": "Point", "coordinates": [-91.288, 31.7751] }
    },
    {
      "type": "Feature",
      "properties": { "k": "place" },
      "geometry": { "type": "Point", "coordinates": [-91.0937, 31.764] }
    },
    {
      "type": "Feature",
      "properties": { "k": "place" },
      "geometry": { "type": "Point", "coordinates": [-91.1429, 31.8772] }
    },
    {
      "type": "Feature",
      "properties": { "k": "person" },
      "geometry": { "type": "Point", "coordinates": [-91.1411, 31.8769] }
    },
    {
      "type": "Feature",
      "properties": { "k": "school" },
      "geometry": { "type": "Point", "coordinates": [-91.1411, 31.8769] }
    },
    {
      "type": "Feature",
      "properties": { "k": "place" },
      "geometry": { "type": "Point", "coordinates": [-91.1395, 31.876] }
    },
    {
      "type": "Feature",
      "properties": { "k": "place" },
      "geometry": { "type": "Point", "coordinates": [-91.1421, 31.8755] }
    },
    {
      "type": "Feature",
      "properties": { "k": "place" },
      "geometry": { "type": "Point", "coordinates": [-91.0439, 31.7336] }
    },
    {
      "type": "Feature",
      "properties": { "k": "place" },
      "geometry": { "type": "Point", "coordinates": [-91.0439, 31.7336] }
    },
    {
      "type": "Feature",
      "properties": { "k": "place" },
      "geometry": { "type": "Point", "coordinates": [-90.9918, 31.9575] }
    },
    {
      "type": "Feature",
      "properties": { "k": "place" },
      "geometry": { "type": "Point", "coordinates": [-91.3426, 32.0015] }
    },
    {
      "type": "Feature",
      "properties": { "k": "place" },
      "geometry": { "type": "Point", "coordinates": [-91.3426, 32.0015] }
    },
    {
      "type": "Feature",
      "properties": { "k": "place" },
      "geometry": { "type": "Point", "coordinates": [-91.108, 32.0254] }
    },
    {
      "type": "Feature",
      "properties": { "k": "person" },
      "geometry": { "type": "Point", "coordinates": [-91.1209, 32.1532] }
    },
    {
      "type": "Feature",
      "properties": { "k": "place" },
      "geometry": { "type": "Point", "coordinates": [-90.8524, 32.3433] }
    },
    {
      "type": "Feature",
      "properties": { "k": "place" },
      "geometry": { "type": "Point", "coordinates": [-90.466, 32.2678] }
    },
    {
      "type": "Feature",
      "properties": { "k": "place" },
      "geometry": { "type": "Point", "coordinates": [-90.466, 32.2678] }
    },
    {
      "type": "Feature",
      "properties": { "k": "place" },
      "geometry": { "type": "Point", "coordinates": [-90.466, 32.2678] }
    },
    {
      "type": "Feature",
      "properties": { "k": "place" },
      "geometry": { "type": "Point", "coordinates": [-90.466, 32.2678] }
    },
    {
      "type": "Feature",
      "properties": { "k": "place" },
      "geometry": { "type": "Point", "coordinates": [-90.466, 32.2678] }
    },
    {
      "type": "Feature",
      "properties": { "k": "place" },
      "geometry": { "type": "Point", "coordinates": [-90.466, 32.2678] }
    },
    {
      "type": "Feature",
      "properties": { "k": "place" },
      "geometry": { "type": "Point", "coordinates": [-90.466, 32.2678] }
    },
    {
      "type": "Feature",
      "properties": { "k": "place" },
      "geometry": { "type": "Point", "coordinates": [-90.466, 32.2678] }
    },
    {
      "type": "Feature",
      "properties": { "k": "place" },
      "geometry": { "type": "Point", "coordinates": [-90.466, 32.2678] }
    },
    {
      "type": "Feature",
      "properties": { "k": "place" },
      "geometry": { "type": "Point", "coordinates": [-90.466, 32.2678] }
    },
    {
      "type": "Feature",
      "properties": { "k": "organization" },
      "geometry": { "type": "Point", "coordinates": [-90.1848, 32.2988] }
    },
    {
      "type": "Feature",
      "properties": { "k": "event" },
      "geometry": { "type": "Point", "coordinates": [-90.1848, 32.2988] }
    },
    {
      "type": "Feature",
      "properties": { "k": "event" },
      "geometry": { "type": "Point", "coordinates": [-90.1848, 32.2988] }
    },
    {
      "type": "Feature",
      "properties": { "k": "organization" },
      "geometry": { "type": "Point", "coordinates": [-90.1848, 32.2988] }
    },
    {
      "type": "Feature",
      "properties": { "k": "law" },
      "geometry": { "type": "Point", "coordinates": [-90.1848, 32.2988] }
    },
    {
      "type": "Feature",
      "properties": { "k": "place" },
      "geometry": { "type": "Point", "coordinates": [-90.206, 32.2906] }
    },
    {
      "type": "Feature",
      "properties": { "k": "place" },
      "geometry": { "type": "Point", "coordinates": [-90.201, 32.2995] }
    },
    {
      "type": "Feature",
      "properties": { "k": "place" },
      "geometry": { "type": "Point", "coordinates": [-90.2026, 32.2968] }
    },
    {
      "type": "Feature",
      "properties": { "k": "place" },
      "geometry": { "type": "Point", "coordinates": [-90.2074, 32.2961] }
    },
    {
      "type": "Feature",
      "properties": { "k": "person" },
      "geometry": { "type": "Point", "coordinates": [-90.1796, 32.2998] }
    },
    {
      "type": "Feature",
      "properties": { "k": "publication" },
      "geometry": { "type": "Point", "coordinates": [-90.1848, 32.2988] }
    },
    {
      "type": "Feature",
      "properties": { "k": "place" },
      "geometry": { "type": "Point", "coordinates": [-90.2156, 32.2988] }
    },
    {
      "type": "Feature",
      "properties": { "k": "publication" },
      "geometry": { "type": "Point", "coordinates": [-90.1848, 32.2988] }
    },
    {
      "type": "Feature",
      "properties": { "k": "place" },
      "geometry": { "type": "Point", "coordinates": [-90.2079, 32.2968] }
    },
    {
      "type": "Feature",
      "properties": { "k": "place" },
      "geometry": { "type": "Point", "coordinates": [-90.1855, 32.304] }
    },
    {
      "type": "Feature",
      "properties": { "k": "place" },
      "geometry": { "type": "Point", "coordinates": [-90.1845, 32.3095] }
    },
    {
      "type": "Feature",
      "properties": { "k": "person" },
      "geometry": { "type": "Point", "coordinates": [-90.1822, 32.3039] }
    },
    {
      "type": "Feature",
      "properties": { "k": "organization" },
      "geometry": { "type": "Point", "coordinates": [-90.1822, 32.3039] }
    },
    {
      "type": "Feature",
      "properties": { "k": "institution" },
      "geometry": { "type": "Point", "coordinates": [-90.1789, 32.3014] }
    },
    {
      "type": "Feature",
      "properties": { "k": "place" },
      "geometry": { "type": "Point", "coordinates": [-90.1866, 32.3054] }
    },
    {
      "type": "Feature",
      "properties": { "k": "place" },
      "geometry": { "type": "Point", "coordinates": [-90.2126, 32.341] }
    },
    {
      "type": "Feature",
      "properties": { "k": "place" },
      "geometry": { "type": "Point", "coordinates": [-90.2127, 32.341] }
    },
    {
      "type": "Feature",
      "properties": { "k": "place" },
      "geometry": { "type": "Point", "coordinates": [-92.7133, 32.5184] }
    },
    {
      "type": "Feature",
      "properties": { "k": "person" },
      "geometry": { "type": "Point", "coordinates": [-92.72, 32.53] }
    },
    {
      "type": "Feature",
      "properties": { "k": "place" },
      "geometry": { "type": "Point", "coordinates": [-92.7126, 32.5218] }
    },
    {
      "type": "Feature",
      "properties": { "k": "school" },
      "geometry": { "type": "Point", "coordinates": [-92.714, 32.524] }
    },
    {
      "type": "Feature",
      "properties": { "k": "place" },
      "geometry": { "type": "Point", "coordinates": [-92.1516, 32.4809] }
    },
    {
      "type": "Feature",
      "properties": { "k": "place" },
      "geometry": { "type": "Point", "coordinates": [-92.1516, 32.4809] }
    },
    {
      "type": "Feature",
      "properties": { "k": "place" },
      "geometry": { "type": "Point", "coordinates": [-92.109, 32.472] }
    },
    {
      "type": "Feature",
      "properties": { "k": "place" },
      "geometry": { "type": "Point", "coordinates": [-92.1091, 32.5071] }
    },
    {
      "type": "Feature",
      "properties": { "k": "place" },
      "geometry": { "type": "Point", "coordinates": [-92.0973, 32.5141] }
    },
    {
      "type": "Feature",
      "properties": { "k": "person" },
      "geometry": { "type": "Point", "coordinates": [-92.1061, 32.5286] }
    },
    {
      "type": "Feature",
      "properties": { "k": "place" },
      "geometry": { "type": "Point", "coordinates": [-92.5981, 33.1682] }
    },
    {
      "type": "Feature",
      "properties": { "k": "place" },
      "geometry": { "type": "Point", "coordinates": [-92.4255, 33.1953] }
    },
    {
      "type": "Feature",
      "properties": { "k": "place" },
      "geometry": { "type": "Point", "coordinates": [-91.9674, 33.1321] }
    },
    {
      "type": "Feature",
      "properties": { "k": "place" },
      "geometry": { "type": "Point", "coordinates": [-92.0594, 33.4282] }
    },
    {
      "type": "Feature",
      "properties": { "k": "place" },
      "geometry": { "type": "Point", "coordinates": [-91.4411, 33.5298] }
    },
    {
      "type": "Feature",
      "properties": { "k": "place" },
      "geometry": { "type": "Point", "coordinates": [-91.5662, 33.6752] }
    },
    {
      "type": "Feature",
      "properties": { "k": "event" },
      "geometry": { "type": "Point", "coordinates": [-91.1233, 32.4383] }
    },
    {
      "type": "Feature",
      "properties": { "k": "place" },
      "geometry": { "type": "Point", "coordinates": [-91.1, 32.44] }
    },
    {
      "type": "Feature",
      "properties": { "k": "place" },
      "geometry": { "type": "Point", "coordinates": [-91.2021, 32.6863] }
    },
    {
      "type": "Feature",
      "properties": { "k": "place" },
      "geometry": { "type": "Point", "coordinates": [-90.8722, 32.3517] }
    },
    {
      "type": "Feature",
      "properties": { "k": "organization" },
      "geometry": { "type": "Point", "coordinates": [-90.8775, 32.3525] }
    },
    {
      "type": "Feature",
      "properties": { "k": "place" },
      "geometry": { "type": "Point", "coordinates": [-90.8422, 32.3653] }
    },
    {
      "type": "Feature",
      "properties": { "k": "organization" },
      "geometry": { "type": "Point", "coordinates": [-90.8775, 32.3525] }
    },
    {
      "type": "Feature",
      "properties": { "k": "place" },
      "geometry": { "type": "Point", "coordinates": [-90.8524, 32.3561] }
    },
    {
      "type": "Feature",
      "properties": { "k": "person" },
      "geometry": { "type": "Point", "coordinates": [-91.0512, 32.9021] }
    },
    {
      "type": "Feature",
      "properties": { "k": "place" },
      "geometry": { "type": "Point", "coordinates": [-91.0521, 32.9006] }
    },
    {
      "type": "Feature",
      "properties": { "k": "place" },
      "geometry": { "type": "Point", "coordinates": [-91.0467, 32.8964] }
    },
    {
      "type": "Feature",
      "properties": { "k": "school" },
      "geometry": { "type": "Point", "coordinates": [-90.1608, 32.4031] }
    },
    {
      "type": "Feature",
      "properties": { "k": "place" },
      "geometry": { "type": "Point", "coordinates": [-90.0372, 32.5119] }
    },
    {
      "type": "Feature",
      "properties": { "k": "place" },
      "geometry": { "type": "Point", "coordinates": [-90.0416, 32.6153] }
    },
    {
      "type": "Feature",
      "properties": { "k": "place" },
      "geometry": { "type": "Point", "coordinates": [-90.3879, 32.7657] }
    },
    {
      "type": "Feature",
      "properties": { "k": "place" },
      "geometry": { "type": "Point", "coordinates": [-90.4354, 32.8225] }
    },
    {
      "type": "Feature",
      "properties": { "k": "place" },
      "geometry": { "type": "Point", "coordinates": [-90.4139, 32.8439] }
    },
    {
      "type": "Feature",
      "properties": { "k": "place" },
      "geometry": { "type": "Point", "coordinates": [-90.401, 32.8563] }
    },
    {
      "type": "Feature",
      "properties": { "k": "person" },
      "geometry": { "type": "Point", "coordinates": [-90.2612, 32.8324] }
    },
    {
      "type": "Feature",
      "properties": { "k": "place" },
      "geometry": { "type": "Point", "coordinates": [-91.269, 33.0901] }
    },
    {
      "type": "Feature",
      "properties": { "k": "place" },
      "geometry": { "type": "Point", "coordinates": [-91.2773, 33.2736] }
    },
    {
      "type": "Feature",
      "properties": { "k": "place" },
      "geometry": { "type": "Point", "coordinates": [-91.2869, 33.3302] }
    },
    {
      "type": "Feature",
      "properties": { "k": "place" },
      "geometry": { "type": "Point", "coordinates": [-90.9444, 33.2732] }
    },
    {
      "type": "Feature",
      "properties": { "k": "movement" },
      "geometry": { "type": "Point", "coordinates": [-90.7746, 33.6021] }
    },
    {
      "type": "Feature",
      "properties": { "k": "place" },
      "geometry": { "type": "Point", "coordinates": [-90.7328, 33.7476] }
    },
    {
      "type": "Feature",
      "properties": { "k": "school" },
      "geometry": { "type": "Point", "coordinates": [-90.52, 33.13] }
    },
    {
      "type": "Feature",
      "properties": { "k": "place" },
      "geometry": { "type": "Point", "coordinates": [-90.5951, 33.6055] }
    },
    {
      "type": "Feature",
      "properties": { "k": "place" },
      "geometry": { "type": "Point", "coordinates": [-90.5951, 33.6055] }
    },
    {
      "type": "Feature",
      "properties": { "k": "person" },
      "geometry": { "type": "Point", "coordinates": [-90.5495, 33.7304] }
    },
    {
      "type": "Feature",
      "properties": { "k": "place" },
      "geometry": { "type": "Point", "coordinates": [-90.3413, 33.5141] }
    },
    {
      "type": "Feature",
      "properties": { "k": "place" },
      "geometry": { "type": "Point", "coordinates": [-90.2949, 33.5498] }
    },
    {
      "type": "Feature",
      "properties": { "k": "place" },
      "geometry": { "type": "Point", "coordinates": [-90.2949, 33.5498] }
    },
    {
      "type": "Feature",
      "properties": { "k": "person" },
      "geometry": { "type": "Point", "coordinates": [-90.1795, 33.5162] }
    },
    {
      "type": "Feature",
      "properties": { "k": "event" },
      "geometry": { "type": "Point", "coordinates": [-90.1795, 33.5162] }
    },
    {
      "type": "Feature",
      "properties": { "k": "place" },
      "geometry": { "type": "Point", "coordinates": [-90.1811, 33.5139] }
    },
    {
      "type": "Feature",
      "properties": { "k": "event" },
      "geometry": { "type": "Point", "coordinates": [-90.1811, 33.5517] }
    },
    {
      "type": "Feature",
      "properties": { "k": "place" },
      "geometry": { "type": "Point", "coordinates": [-112.4469, 34.5853] }
    },
    {
      "type": "Feature",
      "properties": { "k": "place" },
      "geometry": { "type": "Point", "coordinates": [-108.9998, 34.9402] }
    },
    {
      "type": "Feature",
      "properties": { "k": "place" },
      "geometry": { "type": "Point", "coordinates": [-108.7306, 39.1547] }
    },
    {
      "type": "Feature",
      "properties": { "k": "place" },
      "geometry": { "type": "Point", "coordinates": [-108.5694, 39.0695] }
    },
    {
      "type": "Feature",
      "properties": { "k": "place" },
      "geometry": { "type": "Point", "coordinates": [-106.645, 35.07] }
    },
    {
      "type": "Feature",
      "properties": { "k": "institution" },
      "geometry": { "type": "Point", "coordinates": [-103.2253, 34.4] }
    },
    {
      "type": "Feature",
      "properties": { "k": "place" },
      "geometry": { "type": "Point", "coordinates": [-105.4276, 37.8452] }
    },
    {
      "type": "Feature",
      "properties": { "k": "place" },
      "geometry": { "type": "Point", "coordinates": [-104.4847, 38.1628] }
    },
    {
      "type": "Feature",
      "properties": { "k": "place" },
      "geometry": { "type": "Point", "coordinates": [-104.4847, 38.1628] }
    },
    {
      "type": "Feature",
      "properties": { "k": "place" },
      "geometry": { "type": "Point", "coordinates": [-104.4847, 38.1628] }
    },
    {
      "type": "Feature",
      "properties": { "k": "person" },
      "geometry": { "type": "Point", "coordinates": [-104.82, 38.83] }
    },
    {
      "type": "Feature",
      "properties": { "k": "place" },
      "geometry": { "type": "Point", "coordinates": [-104.8152, 38.8405] }
    },
    {
      "type": "Feature",
      "properties": { "k": "place" },
      "geometry": { "type": "Point", "coordinates": [-104.5275, 38.8274] }
    },
    {
      "type": "Feature",
      "properties": { "k": "place" },
      "geometry": { "type": "Point", "coordinates": [-103.3153, 36.8933] }
    },
    {
      "type": "Feature",
      "properties": { "k": "place" },
      "geometry": { "type": "Point", "coordinates": [-104.0441, 37.3188] }
    },
    {
      "type": "Feature",
      "properties": { "k": "place" },
      "geometry": { "type": "Point", "coordinates": [-103.7213, 37.8842] }
    },
    {
      "type": "Feature",
      "properties": { "k": "place" },
      "geometry": { "type": "Point", "coordinates": [-103.0776, 37.9319] }
    },
    {
      "type": "Feature",
      "properties": { "k": "other" },
      "geometry": { "type": "Point", "coordinates": [-103.4294, 38.0406] }
    },
    {
      "type": "Feature",
      "properties": { "k": "place" },
      "geometry": { "type": "Point", "coordinates": [-111.9242, 40.6679] }
    },
    {
      "type": "Feature",
      "properties": { "k": "event" },
      "geometry": { "type": "Point", "coordinates": [-111.8911, 40.7608] }
    },
    {
      "type": "Feature",
      "properties": { "k": "place" },
      "geometry": { "type": "Point", "coordinates": [-111.8836, 40.7567] }
    },
    {
      "type": "Feature",
      "properties": { "k": "person" },
      "geometry": { "type": "Point", "coordinates": [-111.56, 40.7] }
    },
    {
      "type": "Feature",
      "properties": { "k": "place" },
      "geometry": { "type": "Point", "coordinates": [-110.5885, 39.6733] }
    },
    {
      "type": "Feature",
      "properties": { "k": "place" },
      "geometry": { "type": "Point", "coordinates": [-110.5885, 39.6733] }
    },
    {
      "type": "Feature",
      "properties": { "k": "place" },
      "geometry": { "type": "Point", "coordinates": [-110.5885, 39.6733] }
    },
    {
      "type": "Feature",
      "properties": { "k": "place" },
      "geometry": { "type": "Point", "coordinates": [-110.5885, 39.6733] }
    },
    {
      "type": "Feature",
      "properties": { "k": "place" },
      "geometry": { "type": "Point", "coordinates": [-110.5885, 39.6733] }
    },
    {
      "type": "Feature",
      "properties": { "k": "place" },
      "geometry": { "type": "Point", "coordinates": [-110.5885, 39.6733] }
    },
    {
      "type": "Feature",
      "properties": { "k": "place" },
      "geometry": { "type": "Point", "coordinates": [-110.5885, 39.6733] }
    },
    {
      "type": "Feature",
      "properties": { "k": "place" },
      "geometry": { "type": "Point", "coordinates": [-110.5885, 39.6733] }
    },
    {
      "type": "Feature",
      "properties": { "k": "place" },
      "geometry": { "type": "Point", "coordinates": [-110.5885, 39.6733] }
    },
    {
      "type": "Feature",
      "properties": { "k": "place" },
      "geometry": { "type": "Point", "coordinates": [-110.5885, 39.6733] }
    },
    {
      "type": "Feature",
      "properties": { "k": "place" },
      "geometry": { "type": "Point", "coordinates": [-110.4296, 40.2894] }
    },
    {
      "type": "Feature",
      "properties": { "k": "place" },
      "geometry": { "type": "Point", "coordinates": [-110.4296, 40.2894] }
    },
    {
      "type": "Feature",
      "properties": { "k": "place" },
      "geometry": { "type": "Point", "coordinates": [-111.9783, 41.2201] }
    },
    {
      "type": "Feature",
      "properties": { "k": "place" },
      "geometry": { "type": "Point", "coordinates": [-112.4465, 42.8688] }
    },
    {
      "type": "Feature",
      "properties": { "k": "place" },
      "geometry": { "type": "Point", "coordinates": [-112.4468, 42.8618] }
    },
    {
      "type": "Feature",
      "properties": { "k": "place" },
      "geometry": { "type": "Point", "coordinates": [-105.5289, 39.8612] }
    },
    {
      "type": "Feature",
      "properties": { "k": "place" },
      "geometry": { "type": "Point", "coordinates": [-105.4569, 39.9211] }
    },
    {
      "type": "Feature",
      "properties": { "k": "place" },
      "geometry": { "type": "Point", "coordinates": [-105.0016, 39.7501] }
    },
    {
      "type": "Feature",
      "properties": { "k": "place" },
      "geometry": { "type": "Point", "coordinates": [-104.9595, 39.7567] }
    },
    {
      "type": "Feature",
      "properties": { "k": "person" },
      "geometry": { "type": "Point", "coordinates": [-104.9849, 39.7392] }
    },
    {
      "type": "Feature",
      "properties": { "k": "place" },
      "geometry": { "type": "Point", "coordinates": [-104.9745, 39.7592] }
    },
    {
      "type": "Feature",
      "properties": { "k": "place" },
      "geometry": { "type": "Point", "coordinates": [-104.9316, 39.747] }
    },
    {
      "type": "Feature",
      "properties": { "k": "place" },
      "geometry": { "type": "Point", "coordinates": [-104.8811, 39.7619] }
    },
    {
      "type": "Feature",
      "properties": { "k": "place" },
      "geometry": { "type": "Point", "coordinates": [-104.8811, 39.7619] }
    },
    {
      "type": "Feature",
      "properties": { "k": "place" },
      "geometry": { "type": "Point", "coordinates": [-104.8811, 39.7619] }
    },
    {
      "type": "Feature",
      "properties": { "k": "place" },
      "geometry": { "type": "Point", "coordinates": [-104.8811, 39.7619] }
    },
    {
      "type": "Feature",
      "properties": { "k": "place" },
      "geometry": { "type": "Point", "coordinates": [-104.8811, 39.7619] }
    },
    {
      "type": "Feature",
      "properties": { "k": "place" },
      "geometry": { "type": "Point", "coordinates": [-104.8811, 39.7619] }
    },
    {
      "type": "Feature",
      "properties": { "k": "place" },
      "geometry": { "type": "Point", "coordinates": [-104.8811, 39.7619] }
    },
    {
      "type": "Feature",
      "properties": { "k": "place" },
      "geometry": { "type": "Point", "coordinates": [-104.2594, 40.2906] }
    },
    {
      "type": "Feature",
      "properties": { "k": "person" },
      "geometry": { "type": "Point", "coordinates": [-104.7962, 41.1437] }
    },
    {
      "type": "Feature",
      "properties": { "k": "place" },
      "geometry": { "type": "Point", "coordinates": [-99.56, 34.93] }
    },
    {
      "type": "Feature",
      "properties": { "k": "place" },
      "geometry": { "type": "Point", "coordinates": [-98.4766, 34.6626] }
    },
    {
      "type": "Feature",
      "properties": { "k": "place" },
      "geometry": { "type": "Point", "coordinates": [-97.1227, 34.1804] }
    },
    {
      "type": "Feature",
      "properties": { "k": "place" },
      "geometry": { "type": "Point", "coordinates": [-97.1208, 34.1697] }
    },
    {
      "type": "Feature",
      "properties": { "k": "place" },
      "geometry": { "type": "Point", "coordinates": [-97.123, 34.1704] }
    },
    {
      "type": "Feature",
      "properties": { "k": "place" },
      "geometry": { "type": "Point", "coordinates": [-97.0514, 34.4006] }
    },
    {
      "type": "Feature",
      "properties": { "k": "place" },
      "geometry": { "type": "Point", "coordinates": [-98.3852, 34.6096] }
    },
    {
      "type": "Feature",
      "properties": { "k": "place" },
      "geometry": { "type": "Point", "coordinates": [-98.3897, 34.6711] }
    },
    {
      "type": "Feature",
      "properties": { "k": "place" },
      "geometry": { "type": "Point", "coordinates": [-97.9515, 34.4951] }
    },
    {
      "type": "Feature",
      "properties": { "k": "place" },
      "geometry": { "type": "Point", "coordinates": [-98.2373, 35.0782] }
    },
    {
      "type": "Feature",
      "properties": { "k": "place" },
      "geometry": { "type": "Point", "coordinates": [-97.9313, 35.039] }
    },
    {
      "type": "Feature",
      "properties": { "k": "place" },
      "geometry": { "type": "Point", "coordinates": [-97.4616, 34.4824] }
    },
    {
      "type": "Feature",
      "properties": { "k": "school" },
      "geometry": { "type": "Point", "coordinates": [-97.31, 34.71] }
    },
    {
      "type": "Feature",
      "properties": { "k": "place" },
      "geometry": { "type": "Point", "coordinates": [-96.1261, 34.3751] }
    },
    {
      "type": "Feature",
      "properties": { "k": "place" },
      "geometry": { "type": "Point", "coordinates": [-96.6683, 34.7636] }
    },
    {
      "type": "Feature",
      "properties": { "k": "place" },
      "geometry": { "type": "Point", "coordinates": [-96.4017, 35.0836] }
    },
    {
      "type": "Feature",
      "properties": { "k": "case" },
      "geometry": { "type": "Point", "coordinates": [-97.4458, 35.2086] }
    },
    {
      "type": "Feature",
      "properties": { "k": "case" },
      "geometry": { "type": "Point", "coordinates": [-97.4458, 35.2086] }
    },
    {
      "type": "Feature",
      "properties": { "k": "place" },
      "geometry": { "type": "Point", "coordinates": [-97.4436, 35.2208] }
    },
    {
      "type": "Feature",
      "properties": { "k": "person" },
      "geometry": { "type": "Point", "coordinates": [-97.5628, 35.4916] }
    },
    {
      "type": "Feature",
      "properties": { "k": "case" },
      "geometry": { "type": "Point", "coordinates": [-97.5164, 35.4676] }
    },
    {
      "type": "Feature",
      "properties": { "k": "publication" },
      "geometry": { "type": "Point", "coordinates": [-97.5164, 35.4676] }
    },
    {
      "type": "Feature",
      "properties": { "k": "place" },
      "geometry": { "type": "Point", "coordinates": [-97.5071, 35.4698] }
    },
    {
      "type": "Feature",
      "properties": { "k": "place" },
      "geometry": { "type": "Point", "coordinates": [-97.5077, 35.4694] }
    },
    {
      "type": "Feature",
      "properties": { "k": "place" },
      "geometry": { "type": "Point", "coordinates": [-97.4941, 35.4754] }
    },
    {
      "type": "Feature",
      "properties": { "k": "place" },
      "geometry": { "type": "Point", "coordinates": [-97.5072, 35.4705] }
    },
    {
      "type": "Feature",
      "properties": { "k": "place" },
      "geometry": { "type": "Point", "coordinates": [-97.4975, 35.4733] }
    },
    {
      "type": "Feature",
      "properties": { "k": "place" },
      "geometry": { "type": "Point", "coordinates": [-97.4863, 35.4747] }
    },
    {
      "type": "Feature",
      "properties": { "k": "place" },
      "geometry": { "type": "Point", "coordinates": [-97.5065, 35.4695] }
    },
    {
      "type": "Feature",
      "properties": { "k": "place" },
      "geometry": { "type": "Point", "coordinates": [-97.484, 35.4953] }
    },
    {
      "type": "Feature",
      "properties": { "k": "place" },
      "geometry": { "type": "Point", "coordinates": [-97.491, 35.4836] }
    },
    {
      "type": "Feature",
      "properties": { "k": "place" },
      "geometry": { "type": "Point", "coordinates": [-97.5085, 35.4712] }
    },
    {
      "type": "Feature",
      "properties": { "k": "place" },
      "geometry": { "type": "Point", "coordinates": [-97.4705, 35.4935] }
    },
    {
      "type": "Feature",
      "properties": { "k": "place" },
      "geometry": { "type": "Point", "coordinates": [-97.4658, 35.4858] }
    },
    {
      "type": "Feature",
      "properties": { "k": "place" },
      "geometry": { "type": "Point", "coordinates": [-97.1953, 35.3181] }
    },
    {
      "type": "Feature",
      "properties": { "k": "place" },
      "geometry": { "type": "Point", "coordinates": [-97.4565, 35.5229] }
    },
    {
      "type": "Feature",
      "properties": { "k": "place" },
      "geometry": { "type": "Point", "coordinates": [-97.4094, 35.5546] }
    },
    {
      "type": "Feature",
      "properties": { "k": "place" },
      "geometry": { "type": "Point", "coordinates": [-97.4094, 35.5546] }
    },
    {
      "type": "Feature",
      "properties": { "k": "place" },
      "geometry": { "type": "Point", "coordinates": [-97.4094, 35.5546] }
    },
    {
      "type": "Feature",
      "properties": { "k": "place" },
      "geometry": { "type": "Point", "coordinates": [-97.4094, 35.5546] }
    },
    {
      "type": "Feature",
      "properties": { "k": "place" },
      "geometry": { "type": "Point", "coordinates": [-97.4094, 35.5546] }
    },
    {
      "type": "Feature",
      "properties": { "k": "place" },
      "geometry": { "type": "Point", "coordinates": [-97.4801, 35.658] }
    },
    {
      "type": "Feature",
      "properties": { "k": "place" },
      "geometry": { "type": "Point", "coordinates": [-97.3606, 35.6814] }
    },
    {
      "type": "Feature",
      "properties": { "k": "place" },
      "geometry": { "type": "Point", "coordinates": [-97.3254, 35.6625] }
    },
    {
      "type": "Feature",
      "properties": { "k": "place" },
      "geometry": { "type": "Point", "coordinates": [-97.1415, 35.6664] }
    },
    {
      "type": "Feature",
      "properties": { "k": "place" },
      "geometry": { "type": "Point", "coordinates": [-97.7887, 36.3781] }
    },
    {
      "type": "Feature",
      "properties": { "k": "place" },
      "geometry": { "type": "Point", "coordinates": [-97.4279, 35.875] }
    },
    {
      "type": "Feature",
      "properties": { "k": "place" },
      "geometry": { "type": "Point", "coordinates": [-97.451, 35.9143] }
    },
    {
      "type": "Feature",
      "properties": { "k": "place" },
      "geometry": { "type": "Point", "coordinates": [-97.451, 35.9143] }
    },
    {
      "type": "Feature",
      "properties": { "k": "institution" },
      "geometry": { "type": "Point", "coordinates": [-97.2614, 35.9447] }
    },
    {
      "type": "Feature",
      "properties": { "k": "place" },
      "geometry": { "type": "Point", "coordinates": [-97.2553, 35.9451] }
    },
    {
      "type": "Feature",
      "properties": { "k": "place" },
      "geometry": { "type": "Point", "coordinates": [-97.2552, 35.9438] }
    },
    {
      "type": "Feature",
      "properties": { "k": "place" },
      "geometry": { "type": "Point", "coordinates": [-97.2603, 35.944] }
    },
    {
      "type": "Feature",
      "properties": { "k": "person" },
      "geometry": { "type": "Point", "coordinates": [-96.96, 35.21] }
    },
    {
      "type": "Feature",
      "properties": { "k": "place" },
      "geometry": { "type": "Point", "coordinates": [-96.9703, 35.2147] }
    },
    {
      "type": "Feature",
      "properties": { "k": "place" },
      "geometry": { "type": "Point", "coordinates": [-96.6098, 35.1742] }
    },
    {
      "type": "Feature",
      "properties": { "k": "place" },
      "geometry": { "type": "Point", "coordinates": [-96.4912, 35.1594] }
    },
    {
      "type": "Feature",
      "properties": { "k": "place" },
      "geometry": { "type": "Point", "coordinates": [-96.4869, 35.1582] }
    },
    {
      "type": "Feature",
      "properties": { "k": "place" },
      "geometry": { "type": "Point", "coordinates": [-96.4828, 35.4956] }
    },
    {
      "type": "Feature",
      "properties": { "k": "event" },
      "geometry": { "type": "Point", "coordinates": [-96.4794, 35.4906] }
    },
    {
      "type": "Feature",
      "properties": { "k": "place" },
      "geometry": { "type": "Point", "coordinates": [-96.9101, 35.5646] }
    },
    {
      "type": "Feature",
      "properties": { "k": "place" },
      "geometry": { "type": "Point", "coordinates": [-96.6464, 35.7683] }
    },
    {
      "type": "Feature",
      "properties": { "k": "place" },
      "geometry": { "type": "Point", "coordinates": [-96.1943, 35.4026] }
    },
    {
      "type": "Feature",
      "properties": { "k": "organization" },
      "geometry": { "type": "Point", "coordinates": [-96.1875, 35.3986] }
    },
    {
      "type": "Feature",
      "properties": { "k": "place" },
      "geometry": { "type": "Point", "coordinates": [-95.9265, 35.2141] }
    },
    {
      "type": "Feature",
      "properties": { "k": "place" },
      "geometry": { "type": "Point", "coordinates": [-95.8737, 35.5031] }
    },
    {
      "type": "Feature",
      "properties": { "k": "place" },
      "geometry": { "type": "Point", "coordinates": [-95.9585, 35.626] }
    },
    {
      "type": "Feature",
      "properties": { "k": "place" },
      "geometry": { "type": "Point", "coordinates": [-95.9701, 35.6277] }
    },
    {
      "type": "Feature",
      "properties": { "k": "place" },
      "geometry": { "type": "Point", "coordinates": [-95.9611, 35.6343] }
    },
    {
      "type": "Feature",
      "properties": { "k": "place" },
      "geometry": { "type": "Point", "coordinates": [-95.9659, 35.6435] }
    },
    {
      "type": "Feature",
      "properties": { "k": "place" },
      "geometry": { "type": "Point", "coordinates": [-95.9659, 35.6435] }
    },
    {
      "type": "Feature",
      "properties": { "k": "place" },
      "geometry": { "type": "Point", "coordinates": [-96.9314, 36.2317] }
    },
    {
      "type": "Feature",
      "properties": { "k": "event" },
      "geometry": { "type": "Point", "coordinates": [-95.9858, 36.1597] }
    },
    {
      "type": "Feature",
      "properties": { "k": "place" },
      "geometry": { "type": "Point", "coordinates": [-95.986, 36.1614] }
    },
    {
      "type": "Feature",
      "properties": { "k": "place" },
      "geometry": { "type": "Point", "coordinates": [-95.9862, 36.1617] }
    },
    {
      "type": "Feature",
      "properties": { "k": "place" },
      "geometry": { "type": "Point", "coordinates": [-95.9903, 36.1645] }
    },
    {
      "type": "Feature",
      "properties": { "k": "institution" },
      "geometry": { "type": "Point", "coordinates": [-95.9868, 36.1594] }
    },
    {
      "type": "Feature",
      "properties": { "k": "place" },
      "geometry": { "type": "Point", "coordinates": [-95.9863, 36.1616] }
    },
    {
      "type": "Feature",
      "properties": { "k": "place" },
      "geometry": { "type": "Point", "coordinates": [-95.9779, 36.182] }
    },
    {
      "type": "Feature",
      "properties": { "k": "place" },
      "geometry": { "type": "Point", "coordinates": [-95.9418, 36.1203] }
    },
    {
      "type": "Feature",
      "properties": { "k": "place" },
      "geometry": { "type": "Point", "coordinates": [-95.9418, 36.1203] }
    },
    {
      "type": "Feature",
      "properties": { "k": "place" },
      "geometry": { "type": "Point", "coordinates": [-95.9418, 36.1203] }
    },
    {
      "type": "Feature",
      "properties": { "k": "place" },
      "geometry": { "type": "Point", "coordinates": [-98.4847, 37.0175] }
    },
    {
      "type": "Feature",
      "properties": { "k": "place" },
      "geometry": { "type": "Point", "coordinates": [-98.7745, 37.9562] }
    },
    {
      "type": "Feature",
      "properties": { "k": "place" },
      "geometry": { "type": "Point", "coordinates": [-100.1513, 38.4772] }
    },
    {
      "type": "Feature",
      "properties": { "k": "place" },
      "geometry": { "type": "Point", "coordinates": [-99.9087, 38.4804] }
    },
    {
      "type": "Feature",
      "properties": { "k": "place" },
      "geometry": { "type": "Point", "coordinates": [-99.8799, 39.355] }
    },
    {
      "type": "Feature",
      "properties": { "k": "place" },
      "geometry": { "type": "Point", "coordinates": [-99.3222, 38.8794] }
    },
    {
      "type": "Feature",
      "properties": { "k": "place" },
      "geometry": { "type": "Point", "coordinates": [-97.0709, 36.693] }
    },
    {
      "type": "Feature",
      "properties": { "k": "place" },
      "geometry": { "type": "Point", "coordinates": [-97.0694, 36.6931] }
    },
    {
      "type": "Feature",
      "properties": { "k": "place" },
      "geometry": { "type": "Point", "coordinates": [-97.0719, 36.6922] }
    },
    {
      "type": "Feature",
      "properties": { "k": "place" },
      "geometry": { "type": "Point", "coordinates": [-97.3008, 36.8014] }
    },
    {
      "type": "Feature",
      "properties": { "k": "place" },
      "geometry": { "type": "Point", "coordinates": [-97.1439, 36.8149] }
    },
    {
      "type": "Feature",
      "properties": { "k": "place" },
      "geometry": { "type": "Point", "coordinates": [-98.0783, 37.9482] }
    },
    {
      "type": "Feature",
      "properties": { "k": "place" },
      "geometry": { "type": "Point", "coordinates": [-97.4611, 37.681] }
    },
    {
      "type": "Feature",
      "properties": { "k": "place" },
      "geometry": { "type": "Point", "coordinates": [-97.3412, 37.6946] }
    },
    {
      "type": "Feature",
      "properties": { "k": "place" },
      "geometry": { "type": "Point", "coordinates": [-97.3354, 37.6856] }
    },
    {
      "type": "Feature",
      "properties": { "k": "place" },
      "geometry": { "type": "Point", "coordinates": [-97.3383, 37.6956] }
    },
    {
      "type": "Feature",
      "properties": { "k": "event" },
      "geometry": { "type": "Point", "coordinates": [-97.3356, 37.6858] }
    },
    {
      "type": "Feature",
      "properties": { "k": "place" },
      "geometry": { "type": "Point", "coordinates": [-97.3221, 37.7066] }
    },
    {
      "type": "Feature",
      "properties": { "k": "place" },
      "geometry": { "type": "Point", "coordinates": [-96.7023, 36.576] }
    },
    {
      "type": "Feature",
      "properties": { "k": "place" },
      "geometry": { "type": "Point", "coordinates": [-95.9594, 36.7472] }
    },
    {
      "type": "Feature",
      "properties": { "k": "place" },
      "geometry": { "type": "Point", "coordinates": [-96.2631, 37.4694] }
    },
    {
      "type": "Feature",
      "properties": { "k": "place" },
      "geometry": { "type": "Point", "coordinates": [-95.6619, 37.5267] }
    },
    {
      "type": "Feature",
      "properties": { "k": "other" },
      "geometry": { "type": "Point", "coordinates": [-98, 38] }
    },
    {
      "type": "Feature",
      "properties": { "k": "law" },
      "geometry": { "type": "Point", "coordinates": [-98.3804, 38.4937] }
    },
    {
      "type": "Feature",
      "properties": { "k": "place" },
      "geometry": { "type": "Point", "coordinates": [-97.6515, 38.7918] }
    },
    {
      "type": "Feature",
      "properties": { "k": "person" },
      "geometry": { "type": "Point", "coordinates": [-96.37, 38.58] }
    },
    {
      "type": "Feature",
      "properties": { "k": "place" },
      "geometry": { "type": "Point", "coordinates": [-96.2033, 38.5875] }
    },
    {
      "type": "Feature",
      "properties": { "k": "place" },
      "geometry": { "type": "Point", "coordinates": [-96.2033, 38.5875] }
    },
    {
      "type": "Feature",
      "properties": { "k": "place" },
      "geometry": { "type": "Point", "coordinates": [-96.7275, 39.2912] }
    },
    {
      "type": "Feature",
      "properties": { "k": "place" },
      "geometry": { "type": "Point", "coordinates": [-96.5624, 39.1768] }
    },
    {
      "type": "Feature",
      "properties": { "k": "place" },
      "geometry": { "type": "Point", "coordinates": [-95.7381, 38.7794] }
    },
    {
      "type": "Feature",
      "properties": { "k": "place" },
      "geometry": { "type": "Point", "coordinates": [-95.7036, 39.0142] }
    },
    {
      "type": "Feature",
      "properties": { "k": "place" },
      "geometry": { "type": "Point", "coordinates": [-95.7557, 39.0418] }
    },
    {
      "type": "Feature",
      "properties": { "k": "place" },
      "geometry": { "type": "Point", "coordinates": [-95.7557, 39.0418] }
    },
    {
      "type": "Feature",
      "properties": { "k": "place" },
      "geometry": { "type": "Point", "coordinates": [-95.7557, 39.0418] }
    },
    {
      "type": "Feature",
      "properties": { "k": "place" },
      "geometry": { "type": "Point", "coordinates": [-95.7557, 39.0418] }
    },
    {
      "type": "Feature",
      "properties": { "k": "place" },
      "geometry": { "type": "Point", "coordinates": [-95.6728, 39.0536] }
    },
    {
      "type": "Feature",
      "properties": { "k": "event" },
      "geometry": { "type": "Point", "coordinates": [-95.6781, 39.0481] }
    },
    {
      "type": "Feature",
      "properties": { "k": "place" },
      "geometry": { "type": "Point", "coordinates": [-95.6942, 39.0479] }
    },
    {
      "type": "Feature",
      "properties": { "k": "movement" },
      "geometry": { "type": "Point", "coordinates": [-95.6752, 39.0473] }
    },
    {
      "type": "Feature",
      "properties": { "k": "person" },
      "geometry": { "type": "Point", "coordinates": [-95.678, 39.0483] }
    },
    {
      "type": "Feature",
      "properties": { "k": "case" },
      "geometry": { "type": "Point", "coordinates": [-95.6702, 39.0392] }
    },
    {
      "type": "Feature",
      "properties": { "k": "place" },
      "geometry": { "type": "Point", "coordinates": [-95.6713, 39.0679] }
    },
    {
      "type": "Feature",
      "properties": { "k": "place" },
      "geometry": { "type": "Point", "coordinates": [-94.3536, 33.9392] }
    },
    {
      "type": "Feature",
      "properties": { "k": "place" },
      "geometry": { "type": "Point", "coordinates": [-94.2397, 34.5861] }
    },
    {
      "type": "Feature",
      "properties": { "k": "place" },
      "geometry": { "type": "Point", "coordinates": [-94.1335, 33.8864] }
    },
    {
      "type": "Feature",
      "properties": { "k": "place" },
      "geometry": { "type": "Point", "coordinates": [-93.6111, 33.8326] }
    },
    {
      "type": "Feature",
      "properties": { "k": "place" },
      "geometry": { "type": "Point", "coordinates": [-93.3404, 33.996] }
    },
    {
      "type": "Feature",
      "properties": { "k": "place" },
      "geometry": { "type": "Point", "coordinates": [-93.4548, 34.0371] }
    },
    {
      "type": "Feature",
      "properties": { "k": "place" },
      "geometry": { "type": "Point", "coordinates": [-93.0677, 34.1214] }
    },
    {
      "type": "Feature",
      "properties": { "k": "place" },
      "geometry": { "type": "Point", "coordinates": [-92.8217, 34.3625] }
    },
    {
      "type": "Feature",
      "properties": { "k": "place" },
      "geometry": { "type": "Point", "coordinates": [-93.0495, 34.5071] }
    },
    {
      "type": "Feature",
      "properties": { "k": "place" },
      "geometry": { "type": "Point", "coordinates": [-93.1469, 34.5789] }
    },
    {
      "type": "Feature",
      "properties": { "k": "place" },
      "geometry": { "type": "Point", "coordinates": [-93.1469, 34.5789] }
    },
    {
      "type": "Feature",
      "properties": { "k": "place" },
      "geometry": { "type": "Point", "coordinates": [-95.5801, 35.2843] }
    },
    {
      "type": "Feature",
      "properties": { "k": "place" },
      "geometry": { "type": "Point", "coordinates": [-95.4931, 35.5318] }
    },
    {
      "type": "Feature",
      "properties": { "k": "place" },
      "geometry": { "type": "Point", "coordinates": [-95.3839, 35.6176] }
    },
    {
      "type": "Feature",
      "properties": { "k": "place" },
      "geometry": { "type": "Point", "coordinates": [-95.3839, 35.6176] }
    },
    {
      "type": "Feature",
      "properties": { "k": "place" },
      "geometry": { "type": "Point", "coordinates": [-95.4246, 35.6692] }
    },
    {
      "type": "Feature",
      "properties": { "k": "place" },
      "geometry": { "type": "Point", "coordinates": [-95.4235, 35.6683] }
    },
    {
      "type": "Feature",
      "properties": { "k": "place" },
      "geometry": { "type": "Point", "coordinates": [-95.5483, 35.7634] }
    },
    {
      "type": "Feature",
      "properties": { "k": "place" },
      "geometry": { "type": "Point", "coordinates": [-95.3691, 35.7497] }
    },
    {
      "type": "Feature",
      "properties": { "k": "place" },
      "geometry": { "type": "Point", "coordinates": [-95.3742, 35.7529] }
    },
    {
      "type": "Feature",
      "properties": { "k": "place" },
      "geometry": { "type": "Point", "coordinates": [-95.3701, 35.7535] }
    },
    {
      "type": "Feature",
      "properties": { "k": "place" },
      "geometry": { "type": "Point", "coordinates": [-95.3783, 35.7545] }
    },
    {
      "type": "Feature",
      "properties": { "k": "place" },
      "geometry": { "type": "Point", "coordinates": [-95.3691, 35.7567] }
    },
    {
      "type": "Feature",
      "properties": { "k": "place" },
      "geometry": { "type": "Point", "coordinates": [-95.4378, 35.8348] }
    },
    {
      "type": "Feature",
      "properties": { "k": "place" },
      "geometry": { "type": "Point", "coordinates": [-95.4385, 35.839] }
    },
    {
      "type": "Feature",
      "properties": { "k": "place" },
      "geometry": { "type": "Point", "coordinates": [-95.3576, 35.8395] }
    },
    {
      "type": "Feature",
      "properties": { "k": "place" },
      "geometry": { "type": "Point", "coordinates": [-94.4164, 35.2333] }
    },
    {
      "type": "Feature",
      "properties": { "k": "person" },
      "geometry": { "type": "Point", "coordinates": [-94.3819, 35.3797] }
    },
    {
      "type": "Feature",
      "properties": { "k": "place" },
      "geometry": { "type": "Point", "coordinates": [-94.3552, 35.437] }
    },
    {
      "type": "Feature",
      "properties": { "k": "place" },
      "geometry": { "type": "Point", "coordinates": [-95.5896, 35.8857] }
    },
    {
      "type": "Feature",
      "properties": { "k": "place" },
      "geometry": { "type": "Point", "coordinates": [-95.5896, 35.8946] }
    },
    {
      "type": "Feature",
      "properties": { "k": "place" },
      "geometry": { "type": "Point", "coordinates": [-95.5872, 35.897] }
    },
    {
      "type": "Feature",
      "properties": { "k": "place" },
      "geometry": { "type": "Point", "coordinates": [-94.4171, 35.9489] }
    },
    {
      "type": "Feature",
      "properties": { "k": "place" },
      "geometry": { "type": "Point", "coordinates": [-94.2563, 36.3378] }
    },
    {
      "type": "Feature",
      "properties": { "k": "place" },
      "geometry": { "type": "Point", "coordinates": [-93.1407, 35.2785] }
    },
    {
      "type": "Feature",
      "properties": { "k": "place" },
      "geometry": { "type": "Point", "coordinates": [-93.0268, 35.4566] }
    },
    {
      "type": "Feature",
      "properties": { "k": "place" },
      "geometry": { "type": "Point", "coordinates": [-94.1575, 36.1903] }
    },
    {
      "type": "Feature",
      "properties": { "k": "place" },
      "geometry": { "type": "Point", "coordinates": [-93.1197, 36.2439] }
    },
    {
      "type": "Feature",
      "properties": { "k": "place" },
      "geometry": { "type": "Point", "coordinates": [-93.0939, 36.3061] }
    },
    {
      "type": "Feature",
      "properties": { "k": "place" },
      "geometry": { "type": "Point", "coordinates": [-92.4903, 34.0892] }
    },
    {
      "type": "Feature",
      "properties": { "k": "place" },
      "geometry": { "type": "Point", "coordinates": [-92.4021, 33.817] }
    },
    {
      "type": "Feature",
      "properties": { "k": "place" },
      "geometry": { "type": "Point", "coordinates": [-92.4079, 34.3118] }
    },
    {
      "type": "Feature",
      "properties": { "k": "place" },
      "geometry": { "type": "Point", "coordinates": [-92.06, 34.268] }
    },
    {
      "type": "Feature",
      "properties": { "k": "place" },
      "geometry": { "type": "Point", "coordinates": [-92.0224, 34.2428] }
    },
    {
      "type": "Feature",
      "properties": { "k": "place" },
      "geometry": { "type": "Point", "coordinates": [-92.0205, 34.2451] }
    },
    {
      "type": "Feature",
      "properties": { "k": "place" },
      "geometry": { "type": "Point", "coordinates": [-92.0187, 34.244] }
    },
    {
      "type": "Feature",
      "properties": { "k": "place" },
      "geometry": { "type": "Point", "coordinates": [-91.9835, 34.3953] }
    },
    {
      "type": "Feature",
      "properties": { "k": "place" },
      "geometry": { "type": "Point", "coordinates": [-91.9559, 34.4356] }
    },
    {
      "type": "Feature",
      "properties": { "k": "person" },
      "geometry": { "type": "Point", "coordinates": [-92.29, 34.75] }
    },
    {
      "type": "Feature",
      "properties": { "k": "person" },
      "geometry": { "type": "Point", "coordinates": [-92.29, 34.75] }
    },
    {
      "type": "Feature",
      "properties": { "k": "person" },
      "geometry": { "type": "Point", "coordinates": [-92.29, 34.75] }
    },
    {
      "type": "Feature",
      "properties": { "k": "person" },
      "geometry": { "type": "Point", "coordinates": [-92.2881, 34.7218] }
    },
    {
      "type": "Feature",
      "properties": { "k": "school" },
      "geometry": { "type": "Point", "coordinates": [-92.298, 34.736] }
    },
    {
      "type": "Feature",
      "properties": { "k": "movement" },
      "geometry": { "type": "Point", "coordinates": [-92.2982, 34.7368] }
    },
    {
      "type": "Feature",
      "properties": { "k": "place" },
      "geometry": { "type": "Point", "coordinates": [-92.2978, 34.7367] }
    },
    {
      "type": "Feature",
      "properties": { "k": "place" },
      "geometry": { "type": "Point", "coordinates": [-92.2888, 34.7352] }
    },
    {
      "type": "Feature",
      "properties": { "k": "event" },
      "geometry": { "type": "Point", "coordinates": [-92.3, 34.74] }
    },
    {
      "type": "Feature",
      "properties": { "k": "person" },
      "geometry": { "type": "Point", "coordinates": [-92.2896, 34.7465] }
    },
    {
      "type": "Feature",
      "properties": { "k": "place" },
      "geometry": { "type": "Point", "coordinates": [-92.2924, 34.7354] }
    },
    {
      "type": "Feature",
      "properties": { "k": "place" },
      "geometry": { "type": "Point", "coordinates": [-92.29, 34.7351] }
    },
    {
      "type": "Feature",
      "properties": { "k": "place" },
      "geometry": { "type": "Point", "coordinates": [-92.2862, 34.7325] }
    },
    {
      "type": "Feature",
      "properties": { "k": "place" },
      "geometry": { "type": "Point", "coordinates": [-92.289, 34.7366] }
    },
    {
      "type": "Feature",
      "properties": { "k": "place" },
      "geometry": { "type": "Point", "coordinates": [-92.288, 34.7292] }
    },
    {
      "type": "Feature",
      "properties": { "k": "place" },
      "geometry": { "type": "Point", "coordinates": [-92.2871, 34.7312] }
    },
    {
      "type": "Feature",
      "properties": { "k": "place" },
      "geometry": { "type": "Point", "coordinates": [-92.2855, 34.7317] }
    },
    {
      "type": "Feature",
      "properties": { "k": "event" },
      "geometry": { "type": "Point", "coordinates": [-92.2881, 34.7444] }
    },
    {
      "type": "Feature",
      "properties": { "k": "place" },
      "geometry": { "type": "Point", "coordinates": [-92.2906, 34.7348] }
    },
    {
      "type": "Feature",
      "properties": { "k": "case" },
      "geometry": { "type": "Point", "coordinates": [-92.2999, 34.7395] }
    },
    {
      "type": "Feature",
      "properties": { "k": "school" },
      "geometry": { "type": "Point", "coordinates": [-92.29, 34.736] }
    },
    {
      "type": "Feature",
      "properties": { "k": "place" },
      "geometry": { "type": "Point", "coordinates": [-92.313, 34.7703] }
    },
    {
      "type": "Feature",
      "properties": { "k": "place" },
      "geometry": { "type": "Point", "coordinates": [-92.313, 34.7703] }
    },
    {
      "type": "Feature",
      "properties": { "k": "place" },
      "geometry": { "type": "Point", "coordinates": [-92.313, 34.7703] }
    },
    {
      "type": "Feature",
      "properties": { "k": "place" },
      "geometry": { "type": "Point", "coordinates": [-92.313, 34.7703] }
    },
    {
      "type": "Feature",
      "properties": { "k": "place" },
      "geometry": { "type": "Point", "coordinates": [-92.2804, 34.7416] }
    },
    {
      "type": "Feature",
      "properties": { "k": "place" },
      "geometry": { "type": "Point", "coordinates": [-92.2815, 34.7382] }
    },
    {
      "type": "Feature",
      "properties": { "k": "place" },
      "geometry": { "type": "Point", "coordinates": [-92.2771, 34.7405] }
    },
    {
      "type": "Feature",
      "properties": { "k": "place" },
      "geometry": { "type": "Point", "coordinates": [-92.2839, 34.7355] }
    },
    {
      "type": "Feature",
      "properties": { "k": "place" },
      "geometry": { "type": "Point", "coordinates": [-92.2838, 34.7357] }
    },
    {
      "type": "Feature",
      "properties": { "k": "place" },
      "geometry": { "type": "Point", "coordinates": [-92.2575, 34.7363] }
    },
    {
      "type": "Feature",
      "properties": { "k": "place" },
      "geometry": { "type": "Point", "coordinates": [-92.2613, 34.7593] }
    },
    {
      "type": "Feature",
      "properties": { "k": "place" },
      "geometry": { "type": "Point", "coordinates": [-92.5654, 35.0751] }
    },
    {
      "type": "Feature",
      "properties": { "k": "place" },
      "geometry": { "type": "Point", "coordinates": [-91.8962, 34.7825] }
    },
    {
      "type": "Feature",
      "properties": { "k": "place" },
      "geometry": { "type": "Point", "coordinates": [-90.8841, 33.7991] }
    },
    {
      "type": "Feature",
      "properties": { "k": "place" },
      "geometry": { "type": "Point", "coordinates": [-90.7289, 33.8771] }
    },
    {
      "type": "Feature",
      "properties": { "k": "place" },
      "geometry": { "type": "Point", "coordinates": [-90.7287, 33.8758] }
    },
    {
      "type": "Feature",
      "properties": { "k": "place" },
      "geometry": { "type": "Point", "coordinates": [-90.7269, 33.88] }
    },
    {
      "type": "Feature",
      "properties": { "k": "person" },
      "geometry": { "type": "Point", "coordinates": [-90.7279, 33.8807] }
    },
    {
      "type": "Feature",
      "properties": { "k": "place" },
      "geometry": { "type": "Point", "coordinates": [-90.7276, 33.8785] }
    },
    {
      "type": "Feature",
      "properties": { "k": "place" },
      "geometry": { "type": "Point", "coordinates": [-91.3221, 34.4017] }
    },
    {
      "type": "Feature",
      "properties": { "k": "event" },
      "geometry": { "type": "Point", "coordinates": [-90.8517, 34.3273] }
    },
    {
      "type": "Feature",
      "properties": { "k": "place" },
      "geometry": { "type": "Point", "coordinates": [-90.8556, 34.4237] }
    },
    {
      "type": "Feature",
      "properties": { "k": "place" },
      "geometry": { "type": "Point", "coordinates": [-90.8556, 34.4237] }
    },
    {
      "type": "Feature",
      "properties": { "k": "person" },
      "geometry": { "type": "Point", "coordinates": [-90.4, 33.8] }
    },
    {
      "type": "Feature",
      "properties": { "k": "place" },
      "geometry": { "type": "Point", "coordinates": [-90.3696, 33.9707] }
    },
    {
      "type": "Feature",
      "properties": { "k": "person" },
      "geometry": { "type": "Point", "coordinates": [-90.2747, 33.8606] }
    },
    {
      "type": "Feature",
      "properties": { "k": "place" },
      "geometry": { "type": "Point", "coordinates": [-90.5748, 34.2015] }
    },
    {
      "type": "Feature",
      "properties": { "k": "place" },
      "geometry": { "type": "Point", "coordinates": [-90.5608, 34.1957] }
    },
    {
      "type": "Feature",
      "properties": { "k": "place" },
      "geometry": { "type": "Point", "coordinates": [-90.5685, 34.2544] }
    },
    {
      "type": "Feature",
      "properties": { "k": "place" },
      "geometry": { "type": "Point", "coordinates": [-90.2902, 34.2528] }
    },
    {
      "type": "Feature",
      "properties": { "k": "place" },
      "geometry": { "type": "Point", "coordinates": [-90.708, 34.6201] }
    },
    {
      "type": "Feature",
      "properties": { "k": "place" },
      "geometry": { "type": "Point", "coordinates": [-91.1942, 34.8823] }
    },
    {
      "type": "Feature",
      "properties": { "k": "place" },
      "geometry": { "type": "Point", "coordinates": [-91.1727, 34.951] }
    },
    {
      "type": "Feature",
      "properties": { "k": "place" },
      "geometry": { "type": "Point", "coordinates": [-90.7721, 35.0095] }
    },
    {
      "type": "Feature",
      "properties": { "k": "place" },
      "geometry": { "type": "Point", "coordinates": [-90.5908, 34.5256] }
    },
    {
      "type": "Feature",
      "properties": { "k": "place" },
      "geometry": { "type": "Point", "coordinates": [-90.596, 34.5419] }
    },
    {
      "type": "Feature",
      "properties": { "k": "place" },
      "geometry": { "type": "Point", "coordinates": [-90.1358, 35.0614] }
    },
    {
      "type": "Feature",
      "properties": { "k": "place" },
      "geometry": { "type": "Point", "coordinates": [-90.0643, 35.1077] }
    },
    {
      "type": "Feature",
      "properties": { "k": "event" },
      "geometry": { "type": "Point", "coordinates": [-90.0519, 35.1461] }
    },
    {
      "type": "Feature",
      "properties": { "k": "place" },
      "geometry": { "type": "Point", "coordinates": [-90.0444, 35.1288] }
    },
    {
      "type": "Feature",
      "properties": { "k": "place" },
      "geometry": { "type": "Point", "coordinates": [-90.0523, 35.1397] }
    },
    {
      "type": "Feature",
      "properties": { "k": "place" },
      "geometry": { "type": "Point", "coordinates": [-90.0575, 35.1344] }
    },
    {
      "type": "Feature",
      "properties": { "k": "place" },
      "geometry": { "type": "Point", "coordinates": [-90.0496, 35.1214] }
    },
    {
      "type": "Feature",
      "properties": { "k": "movement" },
      "geometry": { "type": "Point", "coordinates": [-90.0494, 35.1495] }
    },
    {
      "type": "Feature",
      "properties": { "k": "place" },
      "geometry": { "type": "Point", "coordinates": [-90.0485, 35.1389] }
    },
    {
      "type": "Feature",
      "properties": { "k": "place" },
      "geometry": { "type": "Point", "coordinates": [-90.0482, 35.1395] }
    },
    {
      "type": "Feature",
      "properties": { "k": "place" },
      "geometry": { "type": "Point", "coordinates": [-90.0511, 35.1353] }
    },
    {
      "type": "Feature",
      "properties": { "k": "institution" },
      "geometry": { "type": "Point", "coordinates": [-90.0576, 35.1345] }
    },
    {
      "type": "Feature",
      "properties": { "k": "person" },
      "geometry": { "type": "Point", "coordinates": [-90.0519, 35.1461] }
    },
    {
      "type": "Feature",
      "properties": { "k": "institution" },
      "geometry": { "type": "Point", "coordinates": [-90.0519, 35.1461] }
    },
    {
      "type": "Feature",
      "properties": { "k": "place" },
      "geometry": { "type": "Point", "coordinates": [-90.0348, 35.1211] }
    },
    {
      "type": "Feature",
      "properties": { "k": "place" },
      "geometry": { "type": "Point", "coordinates": [-90.0363, 35.1196] }
    },
    {
      "type": "Feature",
      "properties": { "k": "place" },
      "geometry": { "type": "Point", "coordinates": [-90.0375, 35.1457] }
    },
    {
      "type": "Feature",
      "properties": { "k": "school" },
      "geometry": { "type": "Point", "coordinates": [-90.035, 35.121] }
    },
    {
      "type": "Feature",
      "properties": { "k": "place" },
      "geometry": { "type": "Point", "coordinates": [-90.0432, 35.1203] }
    },
    {
      "type": "Feature",
      "properties": { "k": "place" },
      "geometry": { "type": "Point", "coordinates": [-90.0354, 35.1179] }
    },
    {
      "type": "Feature",
      "properties": { "k": "place" },
      "geometry": { "type": "Point", "coordinates": [-92.6892, 35.2657] }
    },
    {
      "type": "Feature",
      "properties": { "k": "place" },
      "geometry": { "type": "Point", "coordinates": [-92.5561, 35.2316] }
    },
    {
      "type": "Feature",
      "properties": { "k": "place" },
      "geometry": { "type": "Point", "coordinates": [-92.4335, 35.3206] }
    },
    {
      "type": "Feature",
      "properties": { "k": "place" },
      "geometry": { "type": "Point", "coordinates": [-91.753, 35.2551] }
    },
    {
      "type": "Feature",
      "properties": { "k": "place" },
      "geometry": { "type": "Point", "coordinates": [-91.6374, 35.7724] }
    },
    {
      "type": "Feature",
      "properties": { "k": "place" },
      "geometry": { "type": "Point", "coordinates": [-91.3575, 35.2861] }
    },
    {
      "type": "Feature",
      "properties": { "k": "place" },
      "geometry": { "type": "Point", "coordinates": [-90.9978, 35.4008] }
    },
    {
      "type": "Feature",
      "properties": { "k": "place" },
      "geometry": { "type": "Point", "coordinates": [-90.467, 35.2973] }
    },
    {
      "type": "Feature",
      "properties": { "k": "place" },
      "geometry": { "type": "Point", "coordinates": [-90.2016, 35.2214] }
    },
    {
      "type": "Feature",
      "properties": { "k": "place" },
      "geometry": { "type": "Point", "coordinates": [-90.4253, 35.525] }
    },
    {
      "type": "Feature",
      "properties": { "k": "place" },
      "geometry": { "type": "Point", "coordinates": [-90.6969, 35.8111] }
    },
    {
      "type": "Feature",
      "properties": { "k": "place" },
      "geometry": { "type": "Point", "coordinates": [-90.9447, 36.0589] }
    },
    {
      "type": "Feature",
      "properties": { "k": "place" },
      "geometry": { "type": "Point", "coordinates": [-90.5614, 36.1058] }
    },
    {
      "type": "Feature",
      "properties": { "k": "place" },
      "geometry": { "type": "Point", "coordinates": [-90.4353, 36.3775] }
    },
    {
      "type": "Feature",
      "properties": { "k": "place" },
      "geometry": { "type": "Point", "coordinates": [-95.3533, 36.7968] }
    },
    {
      "type": "Feature",
      "properties": { "k": "place" },
      "geometry": { "type": "Point", "coordinates": [-95.1513, 36.6325] }
    },
    {
      "type": "Feature",
      "properties": { "k": "place" },
      "geometry": { "type": "Point", "coordinates": [-95.6176, 37.0322] }
    },
    {
      "type": "Feature",
      "properties": { "k": "place" },
      "geometry": { "type": "Point", "coordinates": [-94.3739, 36.8764] }
    },
    {
      "type": "Feature",
      "properties": { "k": "person" },
      "geometry": { "type": "Point", "coordinates": [-94.3556, 36.986] }
    },
    {
      "type": "Feature",
      "properties": { "k": "place" },
      "geometry": { "type": "Point", "coordinates": [-94.3373, 37.2052] }
    },
    {
      "type": "Feature",
      "properties": { "k": "place" },
      "geometry": { "type": "Point", "coordinates": [-94.8539, 37.5058] }
    },
    {
      "type": "Feature",
      "properties": { "k": "place" },
      "geometry": { "type": "Point", "coordinates": [-94.6686, 37.5528] }
    },
    {
      "type": "Feature",
      "properties": { "k": "place" },
      "geometry": { "type": "Point", "coordinates": [-94.2792, 37.4978] }
    },
    {
      "type": "Feature",
      "properties": { "k": "person" },
      "geometry": { "type": "Point", "coordinates": [-94.72, 37.82] }
    },
    {
      "type": "Feature",
      "properties": { "k": "place" },
      "geometry": { "type": "Point", "coordinates": [-94.0033, 36.9456] }
    },
    {
      "type": "Feature",
      "properties": { "k": "place" },
      "geometry": { "type": "Point", "coordinates": [-93.9278, 36.9219] }
    },
    {
      "type": "Feature",
      "properties": { "k": "place" },
      "geometry": { "type": "Point", "coordinates": [-93.47, 36.74] }
    },
    {
      "type": "Feature",
      "properties": { "k": "place" },
      "geometry": { "type": "Point", "coordinates": [-93.04, 36.65] }
    },
    {
      "type": "Feature",
      "properties": { "k": "person" },
      "geometry": { "type": "Point", "coordinates": [-93.2983, 37.2153] }
    },
    {
      "type": "Feature",
      "properties": { "k": "place" },
      "geometry": { "type": "Point", "coordinates": [-93.2815, 37.2167] }
    },
    {
      "type": "Feature",
      "properties": { "k": "place" },
      "geometry": { "type": "Point", "coordinates": [-93.2874, 37.2172] }
    },
    {
      "type": "Feature",
      "properties": { "k": "place" },
      "geometry": { "type": "Point", "coordinates": [-93.6002, 37.324] }
    },
    {
      "type": "Feature",
      "properties": { "k": "place" },
      "geometry": { "type": "Point", "coordinates": [-95.2909, 38.8964] }
    },
    {
      "type": "Feature",
      "properties": { "k": "place" },
      "geometry": { "type": "Point", "coordinates": [-95.2909, 38.8964] }
    },
    {
      "type": "Feature",
      "properties": { "k": "place" },
      "geometry": { "type": "Point", "coordinates": [-95.2309, 38.9674] }
    },
    {
      "type": "Feature",
      "properties": { "k": "person" },
      "geometry": { "type": "Point", "coordinates": [-94.94, 39.33] }
    },
    {
      "type": "Feature",
      "properties": { "k": "place" },
      "geometry": { "type": "Point", "coordinates": [-94.9247, 39.3463] }
    },
    {
      "type": "Feature",
      "properties": { "k": "place" },
      "geometry": { "type": "Point", "coordinates": [-94.3432, 39.0054] }
    },
    {
      "type": "Feature",
      "properties": { "k": "place" },
      "geometry": { "type": "Point", "coordinates": [-94.3432, 39.0054] }
    },
    {
      "type": "Feature",
      "properties": { "k": "place" },
      "geometry": { "type": "Point", "coordinates": [-94.3432, 39.0054] }
    },
    {
      "type": "Feature",
      "properties": { "k": "place" },
      "geometry": { "type": "Point", "coordinates": [-94.3432, 39.0054] }
    },
    {
      "type": "Feature",
      "properties": { "k": "place" },
      "geometry": { "type": "Point", "coordinates": [-94.3432, 39.0054] }
    },
    {
      "type": "Feature",
      "properties": { "k": "place" },
      "geometry": { "type": "Point", "coordinates": [-94.7631, 39.1154] }
    },
    {
      "type": "Feature",
      "properties": { "k": "place" },
      "geometry": { "type": "Point", "coordinates": [-94.7631, 39.1154] }
    },
    {
      "type": "Feature",
      "properties": { "k": "publication" },
      "geometry": { "type": "Point", "coordinates": [-94.5786, 39.0997] }
    },
    {
      "type": "Feature",
      "properties": { "k": "publication" },
      "geometry": { "type": "Point", "coordinates": [-94.5786, 39.0997] }
    },
    {
      "type": "Feature",
      "properties": { "k": "person" },
      "geometry": { "type": "Point", "coordinates": [-94.5986, 39.1024] }
    },
    {
      "type": "Feature",
      "properties": { "k": "publication" },
      "geometry": { "type": "Point", "coordinates": [-94.5786, 39.0997] }
    },
    {
      "type": "Feature",
      "properties": { "k": "place" },
      "geometry": { "type": "Point", "coordinates": [-94.6617, 39.1539] }
    },
    {
      "type": "Feature",
      "properties": { "k": "place" },
      "geometry": { "type": "Point", "coordinates": [-94.6859, 39.1949] }
    },
    {
      "type": "Feature",
      "properties": { "k": "place" },
      "geometry": { "type": "Point", "coordinates": [-94.6853, 39.1929] }
    },
    {
      "type": "Feature",
      "properties": { "k": "place" },
      "geometry": { "type": "Point", "coordinates": [-94.6322, 39.1209] }
    },
    {
      "type": "Feature",
      "properties": { "k": "institution" },
      "geometry": { "type": "Point", "coordinates": [-94.6275, 39.1141] }
    },
    {
      "type": "Feature",
      "properties": { "k": "place" },
      "geometry": { "type": "Point", "coordinates": [-94.6212, 39.1251] }
    },
    {
      "type": "Feature",
      "properties": { "k": "event" },
      "geometry": { "type": "Point", "coordinates": [-94.92, 39.31] }
    },
    {
      "type": "Feature",
      "properties": { "k": "organization" },
      "geometry": { "type": "Point", "coordinates": [-94.9211, 39.355] }
    },
    {
      "type": "Feature",
      "properties": { "k": "person" },
      "geometry": { "type": "Point", "coordinates": [-94.5647, 39.0903] }
    },
    {
      "type": "Feature",
      "properties": { "k": "place" },
      "geometry": { "type": "Point", "coordinates": [-94.5611, 39.0889] }
    },
    {
      "type": "Feature",
      "properties": { "k": "place" },
      "geometry": { "type": "Point", "coordinates": [-94.5695, 39.0905] }
    },
    {
      "type": "Feature",
      "properties": { "k": "place" },
      "geometry": { "type": "Point", "coordinates": [-94.5603, 39.089] }
    },
    {
      "type": "Feature",
      "properties": { "k": "place" },
      "geometry": { "type": "Point", "coordinates": [-94.5621, 39.0904] }
    },
    {
      "type": "Feature",
      "properties": { "k": "place" },
      "geometry": { "type": "Point", "coordinates": [-94.5594, 39.089] }
    },
    {
      "type": "Feature",
      "properties": { "k": "institution" },
      "geometry": { "type": "Point", "coordinates": [-94.5625, 39.0914] }
    },
    {
      "type": "Feature",
      "properties": { "k": "place" },
      "geometry": { "type": "Point", "coordinates": [-94.5626, 39.0909] }
    },
    {
      "type": "Feature",
      "properties": { "k": "event" },
      "geometry": { "type": "Point", "coordinates": [-94.5645, 39.0904] }
    },
    {
      "type": "Feature",
      "properties": { "k": "institution" },
      "geometry": { "type": "Point", "coordinates": [-94.555, 39.091] }
    },
    {
      "type": "Feature",
      "properties": { "k": "place" },
      "geometry": { "type": "Point", "coordinates": [-94.4209, 39.254] }
    },
    {
      "type": "Feature",
      "properties": { "k": "place" },
      "geometry": { "type": "Point", "coordinates": [-92.8423, 38.4282] }
    },
    {
      "type": "Feature",
      "properties": { "k": "place" },
      "geometry": { "type": "Point", "coordinates": [-93.7449, 38.7619] }
    },
    {
      "type": "Feature",
      "properties": { "k": "place" },
      "geometry": { "type": "Point", "coordinates": [-93.7258, 38.7643] }
    },
    {
      "type": "Feature",
      "properties": { "k": "place" },
      "geometry": { "type": "Point", "coordinates": [-93.7208, 39.0786] }
    },
    {
      "type": "Feature",
      "properties": { "k": "place" },
      "geometry": { "type": "Point", "coordinates": [-93.8641, 39.2011] }
    },
    {
      "type": "Feature",
      "properties": { "k": "place" },
      "geometry": { "type": "Point", "coordinates": [-93.2275, 38.7163] }
    },
    {
      "type": "Feature",
      "properties": { "k": "place" },
      "geometry": { "type": "Point", "coordinates": [-93.18, 39.0164] }
    },
    {
      "type": "Feature",
      "properties": { "k": "place" },
      "geometry": { "type": "Point", "coordinates": [-92.8416, 39.2266] }
    },
    {
      "type": "Feature",
      "properties": { "k": "place" },
      "geometry": { "type": "Point", "coordinates": [-90.8222, 36.6233] }
    },
    {
      "type": "Feature",
      "properties": { "k": "place" },
      "geometry": { "type": "Point", "coordinates": [-90.4031, 36.7152] }
    },
    {
      "type": "Feature",
      "properties": { "k": "place" },
      "geometry": { "type": "Point", "coordinates": [-90.3972, 36.7647] }
    },
    {
      "type": "Feature",
      "properties": { "k": "place" },
      "geometry": { "type": "Point", "coordinates": [-90.1615, 37.8858] }
    },
    {
      "type": "Feature",
      "properties": { "k": "place" },
      "geometry": { "type": "Point", "coordinates": [-92.7753, 38.6585] }
    },
    {
      "type": "Feature",
      "properties": { "k": "place" },
      "geometry": { "type": "Point", "coordinates": [-92.28, 38.5032] }
    },
    {
      "type": "Feature",
      "properties": { "k": "school" },
      "geometry": { "type": "Point", "coordinates": [-92.17, 38.57] }
    },
    {
      "type": "Feature",
      "properties": { "k": "place" },
      "geometry": { "type": "Point", "coordinates": [-92.1683, 38.5634] }
    },
    {
      "type": "Feature",
      "properties": { "k": "place" },
      "geometry": { "type": "Point", "coordinates": [-92.1701, 38.5678] }
    },
    {
      "type": "Feature",
      "properties": { "k": "place" },
      "geometry": { "type": "Point", "coordinates": [-91.9638, 38.6308] }
    },
    {
      "type": "Feature",
      "properties": { "k": "place" },
      "geometry": { "type": "Point", "coordinates": [-92.7446, 38.9705] }
    },
    {
      "type": "Feature",
      "properties": { "k": "place" },
      "geometry": { "type": "Point", "coordinates": [-92.7442, 38.9705] }
    },
    {
      "type": "Feature",
      "properties": { "k": "place" },
      "geometry": { "type": "Point", "coordinates": [-92.3326, 38.9524] }
    },
    {
      "type": "Feature",
      "properties": { "k": "place" },
      "geometry": { "type": "Point", "coordinates": [-92.3334, 38.9552] }
    },
    {
      "type": "Feature",
      "properties": { "k": "place" },
      "geometry": { "type": "Point", "coordinates": [-92.3317, 38.9554] }
    },
    {
      "type": "Feature",
      "properties": { "k": "place" },
      "geometry": { "type": "Point", "coordinates": [-92.3311, 38.9548] }
    },
    {
      "type": "Feature",
      "properties": { "k": "case" },
      "geometry": { "type": "Point", "coordinates": [-92.3277, 38.9404] }
    },
    {
      "type": "Feature",
      "properties": { "k": "place" },
      "geometry": { "type": "Point", "coordinates": [-91.9234, 38.8355] }
    },
    {
      "type": "Feature",
      "properties": { "k": "place" },
      "geometry": { "type": "Point", "coordinates": [-91.9534, 38.8541] }
    },
    {
      "type": "Feature",
      "properties": { "k": "place" },
      "geometry": { "type": "Point", "coordinates": [-91.4928, 39.3049] }
    },
    {
      "type": "Feature",
      "properties": { "k": "place" },
      "geometry": { "type": "Point", "coordinates": [-91.1636, 38.2128] }
    },
    {
      "type": "Feature",
      "properties": { "k": "place" },
      "geometry": { "type": "Point", "coordinates": [-91.2146, 38.6133] }
    },
    {
      "type": "Feature",
      "properties": { "k": "place" },
      "geometry": { "type": "Point", "coordinates": [-91.0336, 38.5469] }
    },
    {
      "type": "Feature",
      "properties": { "k": "place" },
      "geometry": { "type": "Point", "coordinates": [-90.411, 38.579] }
    },
    {
      "type": "Feature",
      "properties": { "k": "place" },
      "geometry": { "type": "Point", "coordinates": [-90.4026, 38.5651] }
    },
    {
      "type": "Feature",
      "properties": { "k": "person" },
      "geometry": { "type": "Point", "coordinates": [-90.21, 38.64] }
    },
    {
      "type": "Feature",
      "properties": { "k": "place" },
      "geometry": { "type": "Point", "coordinates": [-90.25, 38.5623] }
    },
    {
      "type": "Feature",
      "properties": { "k": "place" },
      "geometry": { "type": "Point", "coordinates": [-90.2197, 38.6201] }
    },
    {
      "type": "Feature",
      "properties": { "k": "case" },
      "geometry": { "type": "Point", "coordinates": [-90.1994, 38.627] }
    },
    {
      "type": "Feature",
      "properties": { "k": "case" },
      "geometry": { "type": "Point", "coordinates": [-90.1994, 38.627] }
    },
    {
      "type": "Feature",
      "properties": { "k": "case" },
      "geometry": { "type": "Point", "coordinates": [-90.1994, 38.627] }
    },
    {
      "type": "Feature",
      "properties": { "k": "place" },
      "geometry": { "type": "Point", "coordinates": [-90.2066, 38.6224] }
    },
    {
      "type": "Feature",
      "properties": { "k": "place" },
      "geometry": { "type": "Point", "coordinates": [-90.2267, 38.6314] }
    },
    {
      "type": "Feature",
      "properties": { "k": "place" },
      "geometry": { "type": "Point", "coordinates": [-90.2446, 38.6357] }
    },
    {
      "type": "Feature",
      "properties": { "k": "place" },
      "geometry": { "type": "Point", "coordinates": [-90.2433, 38.66] }
    },
    {
      "type": "Feature",
      "properties": { "k": "school" },
      "geometry": { "type": "Point", "coordinates": [-90.2391, 38.6597] }
    },
    {
      "type": "Feature",
      "properties": { "k": "place" },
      "geometry": { "type": "Point", "coordinates": [-90.2435, 38.6488] }
    },
    {
      "type": "Feature",
      "properties": { "k": "place" },
      "geometry": { "type": "Point", "coordinates": [-90.2446, 38.6357] }
    },
    {
      "type": "Feature",
      "properties": { "k": "place" },
      "geometry": { "type": "Point", "coordinates": [-90.2458, 38.6646] }
    },
    {
      "type": "Feature",
      "properties": { "k": "place" },
      "geometry": { "type": "Point", "coordinates": [-90.2446, 38.6357] }
    },
    {
      "type": "Feature",
      "properties": { "k": "place" },
      "geometry": { "type": "Point", "coordinates": [-90.2199, 38.6366] }
    },
    {
      "type": "Feature",
      "properties": { "k": "place" },
      "geometry": { "type": "Point", "coordinates": [-90.2446, 38.6357] }
    },
    {
      "type": "Feature",
      "properties": { "k": "place" },
      "geometry": { "type": "Point", "coordinates": [-90.2446, 38.6357] }
    },
    {
      "type": "Feature",
      "properties": { "k": "place" },
      "geometry": { "type": "Point", "coordinates": [-90.2446, 38.6357] }
    },
    {
      "type": "Feature",
      "properties": { "k": "place" },
      "geometry": { "type": "Point", "coordinates": [-90.2446, 38.6357] }
    },
    {
      "type": "Feature",
      "properties": { "k": "place" },
      "geometry": { "type": "Point", "coordinates": [-90.2312, 38.6656] }
    },
    {
      "type": "Feature",
      "properties": { "k": "place" },
      "geometry": { "type": "Point", "coordinates": [-90.2446, 38.6357] }
    },
    {
      "type": "Feature",
      "properties": { "k": "place" },
      "geometry": { "type": "Point", "coordinates": [-90.2392, 38.6595] }
    },
    {
      "type": "Feature",
      "properties": { "k": "place" },
      "geometry": { "type": "Point", "coordinates": [-90.2269, 38.6472] }
    },
    {
      "type": "Feature",
      "properties": { "k": "place" },
      "geometry": { "type": "Point", "coordinates": [-90.2371, 38.6616] }
    },
    {
      "type": "Feature",
      "properties": { "k": "place" },
      "geometry": { "type": "Point", "coordinates": [-90.24, 38.6625] }
    },
    {
      "type": "Feature",
      "properties": { "k": "place" },
      "geometry": { "type": "Point", "coordinates": [-90.2441, 38.6587] }
    },
    {
      "type": "Feature",
      "properties": { "k": "place" },
      "geometry": { "type": "Point", "coordinates": [-90.2376, 38.6651] }
    },
    {
      "type": "Feature",
      "properties": { "k": "place" },
      "geometry": { "type": "Point", "coordinates": [-90.2365, 38.6612] }
    },
    {
      "type": "Feature",
      "properties": { "k": "place" },
      "geometry": { "type": "Point", "coordinates": [-90.2386, 38.663] }
    },
    {
      "type": "Feature",
      "properties": { "k": "place" },
      "geometry": { "type": "Point", "coordinates": [-90.2446, 38.6357] }
    },
    {
      "type": "Feature",
      "properties": { "k": "person" },
      "geometry": { "type": "Point", "coordinates": [-90.2407, 38.6597] }
    },
    {
      "type": "Feature",
      "properties": { "k": "person" },
      "geometry": { "type": "Point", "coordinates": [-90.2389, 38.6595] }
    },
    {
      "type": "Feature",
      "properties": { "k": "place" },
      "geometry": { "type": "Point", "coordinates": [-90.2243, 38.6317] }
    },
    {
      "type": "Feature",
      "properties": { "k": "place" },
      "geometry": { "type": "Point", "coordinates": [-90.2452, 38.6674] }
    },
    {
      "type": "Feature",
      "properties": { "k": "school" },
      "geometry": { "type": "Point", "coordinates": [-90.2189, 38.6367] }
    },
    {
      "type": "Feature",
      "properties": { "k": "place" },
      "geometry": { "type": "Point", "coordinates": [-90.2115, 38.6355] }
    },
    {
      "type": "Feature",
      "properties": { "k": "person" },
      "geometry": { "type": "Point", "coordinates": [-90.1913, 38.6346] }
    },
    {
      "type": "Feature",
      "properties": { "k": "place" },
      "geometry": { "type": "Point", "coordinates": [-90.2148, 38.6373] }
    },
    {
      "type": "Feature",
      "properties": { "k": "place" },
      "geometry": { "type": "Point", "coordinates": [-90.2079, 38.6406] }
    },
    {
      "type": "Feature",
      "properties": { "k": "place" },
      "geometry": { "type": "Point", "coordinates": [-90.21, 38.63] }
    },
    {
      "type": "Feature",
      "properties": { "k": "event" },
      "geometry": { "type": "Point", "coordinates": [-90.152, 38.6244] }
    },
    {
      "type": "Feature",
      "properties": { "k": "person" },
      "geometry": { "type": "Point", "coordinates": [-90.1454, 38.6137] }
    },
    {
      "type": "Feature",
      "properties": { "k": "person" },
      "geometry": { "type": "Point", "coordinates": [-90.1446, 38.6288] }
    },
    {
      "type": "Feature",
      "properties": { "k": "place" },
      "geometry": { "type": "Point", "coordinates": [-90.6949, 38.8] }
    },
    {
      "type": "Feature",
      "properties": { "k": "place" },
      "geometry": { "type": "Point", "coordinates": [-90.1183, 38.7583] }
    },
    {
      "type": "Feature",
      "properties": { "k": "place" },
      "geometry": { "type": "Point", "coordinates": [-99.6175, 39.3908] }
    },
    {
      "type": "Feature",
      "properties": { "k": "place" },
      "geometry": { "type": "Point", "coordinates": [-99.6176, 39.3906] }
    },
    {
      "type": "Feature",
      "properties": { "k": "place" },
      "geometry": { "type": "Point", "coordinates": [-99.2764, 39.425] }
    },
    {
      "type": "Feature",
      "properties": { "k": "place" },
      "geometry": { "type": "Point", "coordinates": [-96.13, 39.7244] }
    },
    {
      "type": "Feature",
      "properties": { "k": "place" },
      "geometry": { "type": "Point", "coordinates": [-95.8701, 40.6734] }
    },
    {
      "type": "Feature",
      "properties": { "k": "place" },
      "geometry": { "type": "Point", "coordinates": [-96.7017, 40.7974] }
    },
    {
      "type": "Feature",
      "properties": { "k": "place" },
      "geometry": { "type": "Point", "coordinates": [-96.7075, 40.8002] }
    },
    {
      "type": "Feature",
      "properties": { "k": "place" },
      "geometry": { "type": "Point", "coordinates": [-96.6773, 40.8077] }
    },
    {
      "type": "Feature",
      "properties": { "k": "place" },
      "geometry": { "type": "Point", "coordinates": [-96.6771, 40.8293] }
    },
    {
      "type": "Feature",
      "properties": { "k": "place" },
      "geometry": { "type": "Point", "coordinates": [-96.1541, 41.2971] }
    },
    {
      "type": "Feature",
      "properties": { "k": "place" },
      "geometry": { "type": "Point", "coordinates": [-95.9469, 41.2796] }
    },
    {
      "type": "Feature",
      "properties": { "k": "place" },
      "geometry": { "type": "Point", "coordinates": [-95.9473, 41.2798] }
    },
    {
      "type": "Feature",
      "properties": { "k": "place" },
      "geometry": { "type": "Point", "coordinates": [-95.9457, 41.2813] }
    },
    {
      "type": "Feature",
      "properties": { "k": "place" },
      "geometry": { "type": "Point", "coordinates": [-95.9467, 41.2795] }
    },
    {
      "type": "Feature",
      "properties": { "k": "place" },
      "geometry": { "type": "Point", "coordinates": [-95.9551, 41.2846] }
    },
    {
      "type": "Feature",
      "properties": { "k": "place" },
      "geometry": { "type": "Point", "coordinates": [-95.9562, 41.284] }
    },
    {
      "type": "Feature",
      "properties": { "k": "place" },
      "geometry": { "type": "Point", "coordinates": [-95.9639, 41.2906] }
    },
    {
      "type": "Feature",
      "properties": { "k": "place" },
      "geometry": { "type": "Point", "coordinates": [-95.9636, 41.2905] }
    },
    {
      "type": "Feature",
      "properties": { "k": "place" },
      "geometry": { "type": "Point", "coordinates": [-95.9566, 42.0494] }
    },
    {
      "type": "Feature",
      "properties": { "k": "place" },
      "geometry": { "type": "Point", "coordinates": [-100.5363, 42.2846] }
    },
    {
      "type": "Feature",
      "properties": { "k": "place" },
      "geometry": { "type": "Point", "coordinates": [-97.3884, 43.0066] }
    },
    {
      "type": "Feature",
      "properties": { "k": "place" },
      "geometry": { "type": "Point", "coordinates": [-95.3317, 39.4175] }
    },
    {
      "type": "Feature",
      "properties": { "k": "place" },
      "geometry": { "type": "Point", "coordinates": [-95.3134, 39.5325] }
    },
    {
      "type": "Feature",
      "properties": { "k": "place" },
      "geometry": { "type": "Point", "coordinates": [-95.1224, 39.5654] }
    },
    {
      "type": "Feature",
      "properties": { "k": "place" },
      "geometry": { "type": "Point", "coordinates": [-95.2617, 39.8593] }
    },
    {
      "type": "Feature",
      "properties": { "k": "place" },
      "geometry": { "type": "Point", "coordinates": [-94.881, 39.7592] }
    },
    {
      "type": "Feature",
      "properties": { "k": "place" },
      "geometry": { "type": "Point", "coordinates": [-92.9616, 39.518] }
    },
    {
      "type": "Feature",
      "properties": { "k": "place" },
      "geometry": { "type": "Point", "coordinates": [-94.5575, 40.8778] }
    },
    {
      "type": "Feature",
      "properties": { "k": "place" },
      "geometry": { "type": "Point", "coordinates": [-92.8696, 41.0288] }
    },
    {
      "type": "Feature",
      "properties": { "k": "organization" },
      "geometry": { "type": "Point", "coordinates": [-93.625, 41.5868] }
    },
    {
      "type": "Feature",
      "properties": { "k": "place" },
      "geometry": { "type": "Point", "coordinates": [-93.6282, 41.5936] }
    },
    {
      "type": "Feature",
      "properties": { "k": "place" },
      "geometry": { "type": "Point", "coordinates": [-93.569, 41.6848] }
    },
    {
      "type": "Feature",
      "properties": { "k": "place" },
      "geometry": { "type": "Point", "coordinates": [-91.8572, 39.5478] }
    },
    {
      "type": "Feature",
      "properties": { "k": "place" },
      "geometry": { "type": "Point", "coordinates": [-91.7367, 39.638] }
    },
    {
      "type": "Feature",
      "properties": { "k": "place" },
      "geometry": { "type": "Point", "coordinates": [-91.7328, 39.6542] }
    },
    {
      "type": "Feature",
      "properties": { "k": "place" },
      "geometry": { "type": "Point", "coordinates": [-92.588, 40.1881] }
    },
    {
      "type": "Feature",
      "properties": { "k": "place" },
      "geometry": { "type": "Point", "coordinates": [-91.5172, 40.1255] }
    },
    {
      "type": "Feature",
      "properties": { "k": "place" },
      "geometry": { "type": "Point", "coordinates": [-91.0507, 39.4495] }
    },
    {
      "type": "Feature",
      "properties": { "k": "place" },
      "geometry": { "type": "Point", "coordinates": [-90.889, 39.6251] }
    },
    {
      "type": "Feature",
      "properties": { "k": "place" },
      "geometry": { "type": "Point", "coordinates": [-91.533, 41.6506] }
    },
    {
      "type": "Feature",
      "properties": { "k": "place" },
      "geometry": { "type": "Point", "coordinates": [-91.5232, 41.6563] }
    },
    {
      "type": "Feature",
      "properties": { "k": "place" },
      "geometry": { "type": "Point", "coordinates": [-91.5212, 41.6614] }
    },
    {
      "type": "Feature",
      "properties": { "k": "place" },
      "geometry": { "type": "Point", "coordinates": [-91.6604, 41.9796] }
    },
    {
      "type": "Feature",
      "properties": { "k": "institution" },
      "geometry": { "type": "Point", "coordinates": [-91.6589, 41.9779] }
    },
    {
      "type": "Feature",
      "properties": { "k": "place" },
      "geometry": { "type": "Point", "coordinates": [-91.6157, 41.9843] }
    },
    {
      "type": "Feature",
      "properties": { "k": "place" },
      "geometry": { "type": "Point", "coordinates": [-91.0482, 41.4213] }
    },
    {
      "type": "Feature",
      "properties": { "k": "place" },
      "geometry": { "type": "Point", "coordinates": [-90.5783, 41.5308] }
    },
    {
      "type": "Feature",
      "properties": { "k": "place" },
      "geometry": { "type": "Point", "coordinates": [-90.6223, 41.6421] }
    },
    {
      "type": "Feature",
      "properties": { "k": "person" },
      "geometry": { "type": "Point", "coordinates": [-94.2306, 43.066] }
    },
    {
      "type": "Feature",
      "properties": { "k": "place" },
      "geometry": { "type": "Point", "coordinates": [-93.2119, 43.132] }
    },
    {
      "type": "Feature",
      "properties": { "k": "place" },
      "geometry": { "type": "Point", "coordinates": [-93.3547, 44.8956] }
    },
    {
      "type": "Feature",
      "properties": { "k": "place" },
      "geometry": { "type": "Point", "coordinates": [-93.2641, 44.9196] }
    },
    {
      "type": "Feature",
      "properties": { "k": "place" },
      "geometry": { "type": "Point", "coordinates": [-93.2682, 44.9318] }
    },
    {
      "type": "Feature",
      "properties": { "k": "person" },
      "geometry": { "type": "Point", "coordinates": [-93.2655, 44.9773] }
    },
    {
      "type": "Feature",
      "properties": { "k": "invention" },
      "geometry": { "type": "Point", "coordinates": [-93.265, 44.9778] }
    },
    {
      "type": "Feature",
      "properties": { "k": "organization" },
      "geometry": { "type": "Point", "coordinates": [-93.1264, 44.9514] }
    },
    {
      "type": "Feature",
      "properties": { "k": "place" },
      "geometry": { "type": "Point", "coordinates": [-93.1081, 44.9379] }
    },
    {
      "type": "Feature",
      "properties": { "k": "place" },
      "geometry": { "type": "Point", "coordinates": [-93.118, 44.9537] }
    },
    {
      "type": "Feature",
      "properties": { "k": "place" },
      "geometry": { "type": "Point", "coordinates": [-93.1323, 44.98] }
    },
    {
      "type": "Feature",
      "properties": { "k": "place" },
      "geometry": { "type": "Point", "coordinates": [-93.0649, 44.9419] }
    },
    {
      "type": "Feature",
      "properties": { "k": "place" },
      "geometry": { "type": "Point", "coordinates": [-156.9945, 58.7305] }
    },
    {
      "type": "Feature",
      "properties": { "k": "place" },
      "geometry": { "type": "Point", "coordinates": [-149.8664, 61.2099] }
    },
    {
      "type": "Feature",
      "properties": { "k": "place" },
      "geometry": { "type": "Point", "coordinates": [-122.6652, 45.5392] }
    },
    {
      "type": "Feature",
      "properties": { "k": "place" },
      "geometry": { "type": "Point", "coordinates": [-122.664, 45.5409] }
    },
    {
      "type": "Feature",
      "properties": { "k": "place" },
      "geometry": { "type": "Point", "coordinates": [-122.6633, 45.5366] }
    },
    {
      "type": "Feature",
      "properties": { "k": "place" },
      "geometry": { "type": "Point", "coordinates": [-122.6644, 45.5356] }
    },
    {
      "type": "Feature",
      "properties": { "k": "place" },
      "geometry": { "type": "Point", "coordinates": [-122.6569, 45.5522] }
    },
    {
      "type": "Feature",
      "properties": { "k": "place" },
      "geometry": { "type": "Point", "coordinates": [-122.6681, 45.547] }
    },
    {
      "type": "Feature",
      "properties": { "k": "place" },
      "geometry": { "type": "Point", "coordinates": [-122.6676, 45.5459] }
    },
    {
      "type": "Feature",
      "properties": { "k": "place" },
      "geometry": { "type": "Point", "coordinates": [-122.667, 45.5379] }
    },
    {
      "type": "Feature",
      "properties": { "k": "place" },
      "geometry": { "type": "Point", "coordinates": [-122.664, 45.5589] }
    },
    {
      "type": "Feature",
      "properties": { "k": "place" },
      "geometry": { "type": "Point", "coordinates": [-122.6669, 45.54] }
    },
    {
      "type": "Feature",
      "properties": { "k": "place" },
      "geometry": { "type": "Point", "coordinates": [-122.6388, 45.5408] }
    },
    {
      "type": "Feature",
      "properties": { "k": "place" },
      "geometry": { "type": "Point", "coordinates": [-123.1813, 45.8572] }
    },
    {
      "type": "Feature",
      "properties": { "k": "person" },
      "geometry": { "type": "Point", "coordinates": [-123.0028, 46.7472] }
    },
    {
      "type": "Feature",
      "properties": { "k": "person" },
      "geometry": { "type": "Point", "coordinates": [-122.8763, 47.0129] }
    },
    {
      "type": "Feature",
      "properties": { "k": "place" },
      "geometry": { "type": "Point", "coordinates": [-122.3627, 47.5636] }
    },
    {
      "type": "Feature",
      "properties": { "k": "place" },
      "geometry": { "type": "Point", "coordinates": [-122.1532, 47.0514] }
    },
    {
      "type": "Feature",
      "properties": { "k": "place" },
      "geometry": { "type": "Point", "coordinates": [-122.2402, 47.4929] }
    },
    {
      "type": "Feature",
      "properties": { "k": "institution" },
      "geometry": { "type": "Point", "coordinates": [-122.2985, 47.5847] }
    },
    {
      "type": "Feature",
      "properties": { "k": "institution" },
      "geometry": { "type": "Point", "coordinates": [-122.3013, 47.6132] }
    },
    {
      "type": "Feature",
      "properties": { "k": "place" },
      "geometry": { "type": "Point", "coordinates": [-122.3018, 47.6045] }
    },
    {
      "type": "Feature",
      "properties": { "k": "person" },
      "geometry": { "type": "Point", "coordinates": [-122.3003, 47.7559] }
    },
    {
      "type": "Feature",
      "properties": { "k": "place" },
      "geometry": { "type": "Point", "coordinates": [-121.834, 47.4906] }
    },
    {
      "type": "Feature",
      "properties": { "k": "place" },
      "geometry": { "type": "Point", "coordinates": [-119.0718, 46.2282] }
    },
    {
      "type": "Feature",
      "properties": { "k": "place" },
      "geometry": { "type": "Point", "coordinates": [-119.0755, 46.2311] }
    },
    {
      "type": "Feature",
      "properties": { "k": "place" },
      "geometry": { "type": "Point", "coordinates": [-117.1856, 45.5938] }
    },
    {
      "type": "Feature",
      "properties": { "k": "place" },
      "geometry": { "type": "Point", "coordinates": [-112.5401, 46.0067] }
    },
    {
      "type": "Feature",
      "properties": { "k": "place" },
      "geometry": { "type": "Point", "coordinates": [-112.9519, 46.1303] }
    },
    {
      "type": "Feature",
      "properties": { "k": "place" },
      "geometry": { "type": "Point", "coordinates": [-111.0339, 45.6756] }
    },
    {
      "type": "Feature",
      "properties": { "k": "place" },
      "geometry": { "type": "Point", "coordinates": [-112.0331, 46.5872] }
    },
    {
      "type": "Feature",
      "properties": { "k": "place" },
      "geometry": { "type": "Point", "coordinates": [-112.0236, 46.5885] }
    },
    {
      "type": "Feature",
      "properties": { "k": "place" },
      "geometry": { "type": "Point", "coordinates": [-112.0255, 46.5879] }
    },
    {
      "type": "Feature",
      "properties": { "k": "place" },
      "geometry": { "type": "Point", "coordinates": [-111.2912, 47.4993] }
    },
    {
      "type": "Feature",
      "properties": { "k": "organization" },
      "geometry": { "type": "Point", "coordinates": [-107.5744, 45.7269] }
    },
    {
      "type": "Feature",
      "properties": { "k": "place" },
      "geometry": { "type": "Point", "coordinates": [-102.1597, 45.9383] }
    },
    {
      "type": "Feature",
      "properties": { "k": "place" },
      "geometry": { "type": "Point", "coordinates": [-93.4752, 45.0061] }
    },
    {
      "type": "Feature",
      "properties": { "k": "place" },
      "geometry": { "type": "Point", "coordinates": [-93.4752, 45.0061] }
    },
    {
      "type": "Feature",
      "properties": { "k": "person" },
      "geometry": { "type": "Point", "coordinates": [-92.1005, 46.7867] }
    },
    {
      "type": "Feature",
      "properties": { "k": "person" },
      "geometry": { "type": "Point", "coordinates": [-92.0968, 46.7893] }
    },
    {
      "type": "Feature",
      "properties": { "k": "invention" },
      "geometry": { "type": "Point", "coordinates": [-92.1005, 46.7867] }
    },
    {
      "type": "Feature",
      "properties": { "k": "place" },
      "geometry": { "type": "Point", "coordinates": [-92.0961, 46.7964] }
    },
    {
      "type": "Feature",
      "properties": { "k": "person" },
      "geometry": { "type": "Point", "coordinates": [-92.0968, 46.7893] }
    },
    {
      "type": "Feature",
      "properties": { "k": "person" },
      "geometry": { "type": "Point", "coordinates": [-92.0968, 46.7893] }
    },
    {
      "type": "Feature",
      "properties": { "k": "person" },
      "geometry": { "type": "Point", "coordinates": [-80.4364, 22.1456] }
    },
    {
      "type": "Feature",
      "properties": { "k": "place" },
      "geometry": { "type": "Point", "coordinates": [-64.8833, 17.7154] }
    },
    {
      "type": "Feature",
      "properties": { "k": "place" },
      "geometry": { "type": "Point", "coordinates": [-66.5259, 18.4674] }
    },
    {
      "type": "Feature",
      "properties": { "k": "place" },
      "geometry": { "type": "Point", "coordinates": [-64.9729, 18.3442] }
    },
    {
      "type": "Feature",
      "properties": { "k": "person" },
      "geometry": { "type": "Point", "coordinates": [-81.5753, 23.0511] }
    },
    {
      "type": "Feature",
      "properties": { "k": "place" },
      "geometry": { "type": "Point", "coordinates": [-81.8034, 24.5525] }
    },
    {
      "type": "Feature",
      "properties": { "k": "person" },
      "geometry": { "type": "Point", "coordinates": [-81.7816, 24.5552] }
    },
    {
      "type": "Feature",
      "properties": { "k": "person" },
      "geometry": { "type": "Point", "coordinates": [-81.2036, 23.0428] }
    },
    {
      "type": "Feature",
      "properties": { "k": "place" },
      "geometry": { "type": "Point", "coordinates": [-82.0644, 26.4396] }
    },
    {
      "type": "Feature",
      "properties": { "k": "place" },
      "geometry": { "type": "Point", "coordinates": [-81.858, 26.6411] }
    },
    {
      "type": "Feature",
      "properties": { "k": "place" },
      "geometry": { "type": "Point", "coordinates": [-81.852, 26.6432] }
    },
    {
      "type": "Feature",
      "properties": { "k": "place" },
      "geometry": { "type": "Point", "coordinates": [-82.4481, 27.1308] }
    },
    {
      "type": "Feature",
      "properties": { "k": "place" },
      "geometry": { "type": "Point", "coordinates": [-82.4237, 27.2253] }
    },
    {
      "type": "Feature",
      "properties": { "k": "place" },
      "geometry": { "type": "Point", "coordinates": [-82.4237, 27.2253] }
    },
    {
      "type": "Feature",
      "properties": { "k": "place" },
      "geometry": { "type": "Point", "coordinates": [-82.5415, 27.3442] }
    },
    {
      "type": "Feature",
      "properties": { "k": "place" },
      "geometry": { "type": "Point", "coordinates": [-82.7108, 27.7517] }
    },
    {
      "type": "Feature",
      "properties": { "k": "place" },
      "geometry": { "type": "Point", "coordinates": [-82.7981, 27.9693] }
    },
    {
      "type": "Feature",
      "properties": { "k": "place" },
      "geometry": { "type": "Point", "coordinates": [-82.7255, 27.9894] }
    },
    {
      "type": "Feature",
      "properties": { "k": "place" },
      "geometry": { "type": "Point", "coordinates": [-82.38, 27.8932] }
    },
    {
      "type": "Feature",
      "properties": { "k": "place" },
      "geometry": { "type": "Point", "coordinates": [-82.38, 27.8932] }
    },
    {
      "type": "Feature",
      "properties": { "k": "person" },
      "geometry": { "type": "Point", "coordinates": [-82.4572, 27.9506] }
    },
    {
      "type": "Feature",
      "properties": { "k": "place" },
      "geometry": { "type": "Point", "coordinates": [-82.4529, 27.9557] }
    },
    {
      "type": "Feature",
      "properties": { "k": "place" },
      "geometry": { "type": "Point", "coordinates": [-82.4628, 27.9643] }
    },
    {
      "type": "Feature",
      "properties": { "k": "event" },
      "geometry": { "type": "Point", "coordinates": [-82.4572, 27.9506] }
    },
    {
      "type": "Feature",
      "properties": { "k": "place" },
      "geometry": { "type": "Point", "coordinates": [-82.4514, 27.9541] }
    },
    {
      "type": "Feature",
      "properties": { "k": "place" },
      "geometry": { "type": "Point", "coordinates": [-82.1158, 28.0163] }
    },
    {
      "type": "Feature",
      "properties": { "k": "place" },
      "geometry": { "type": "Point", "coordinates": [-81.834, 27.8937] }
    },
    {
      "type": "Feature",
      "properties": { "k": "place" },
      "geometry": { "type": "Point", "coordinates": [-81.591, 27.9101] }
    },
    {
      "type": "Feature",
      "properties": { "k": "place" },
      "geometry": { "type": "Point", "coordinates": [-81.0226, 25.5861] }
    },
    {
      "type": "Feature",
      "properties": { "k": "place" },
      "geometry": { "type": "Point", "coordinates": [-81.0226, 25.5861] }
    },
    {
      "type": "Feature",
      "properties": { "k": "place" },
      "geometry": { "type": "Point", "coordinates": [-80.5037, 25.616] }
    },
    {
      "type": "Feature",
      "properties": { "k": "place" },
      "geometry": { "type": "Point", "coordinates": [-80.5037, 25.616] }
    },
    {
      "type": "Feature",
      "properties": { "k": "place" },
      "geometry": { "type": "Point", "coordinates": [-80.3739, 25.6307] }
    },
    {
      "type": "Feature",
      "properties": { "k": "place" },
      "geometry": { "type": "Point", "coordinates": [-80.2529, 25.7274] }
    },
    {
      "type": "Feature",
      "properties": { "k": "place" },
      "geometry": { "type": "Point", "coordinates": [-80.2586, 25.7283] }
    },
    {
      "type": "Feature",
      "properties": { "k": "place" },
      "geometry": { "type": "Point", "coordinates": [-80.2451, 25.8173] }
    },
    {
      "type": "Feature",
      "properties": { "k": "place" },
      "geometry": { "type": "Point", "coordinates": [-80.2028, 25.7843] }
    },
    {
      "type": "Feature",
      "properties": { "k": "organization" },
      "geometry": { "type": "Point", "coordinates": [-80.2, 25.7873] }
    },
    {
      "type": "Feature",
      "properties": { "k": "place" },
      "geometry": { "type": "Point", "coordinates": [-80.1986, 25.7829] }
    },
    {
      "type": "Feature",
      "properties": { "k": "place" },
      "geometry": { "type": "Point", "coordinates": [-80.1998, 25.7867] }
    },
    {
      "type": "Feature",
      "properties": { "k": "place" },
      "geometry": { "type": "Point", "coordinates": [-80.2408, 25.8142] }
    },
    {
      "type": "Feature",
      "properties": { "k": "place" },
      "geometry": { "type": "Point", "coordinates": [-80.2708, 25.9183] }
    },
    {
      "type": "Feature",
      "properties": { "k": "event" },
      "geometry": { "type": "Point", "coordinates": [-80.2389, 25.9581] }
    },
    {
      "type": "Feature",
      "properties": { "k": "person" },
      "geometry": { "type": "Point", "coordinates": [-80.1602, 26.1294] }
    },
    {
      "type": "Feature",
      "properties": { "k": "institution" },
      "geometry": { "type": "Point", "coordinates": [-80.1758, 26.129] }
    },
    {
      "type": "Feature",
      "properties": { "k": "place" },
      "geometry": { "type": "Point", "coordinates": [-80.4767, 26.1935] }
    },
    {
      "type": "Feature",
      "properties": { "k": "place" },
      "geometry": { "type": "Point", "coordinates": [-80.4484, 26.6491] }
    },
    {
      "type": "Feature",
      "properties": { "k": "place" },
      "geometry": { "type": "Point", "coordinates": [-80.4484, 26.6491] }
    },
    {
      "type": "Feature",
      "properties": { "k": "person" },
      "geometry": { "type": "Point", "coordinates": [-80.1412, 26.1027] }
    },
    {
      "type": "Feature",
      "properties": { "k": "place" },
      "geometry": { "type": "Point", "coordinates": [-80.155, 26.1257] }
    },
    {
      "type": "Feature",
      "properties": { "k": "person" },
      "geometry": { "type": "Point", "coordinates": [-80.1288, 26.1216] }
    },
    {
      "type": "Feature",
      "properties": { "k": "person" },
      "geometry": { "type": "Point", "coordinates": [-80.1045, 26.1192] }
    },
    {
      "type": "Feature",
      "properties": { "k": "person" },
      "geometry": { "type": "Point", "coordinates": [-80.08, 26.36] }
    },
    {
      "type": "Feature",
      "properties": { "k": "invention" },
      "geometry": { "type": "Point", "coordinates": [-80.1289, 26.3683] }
    },
    {
      "type": "Feature",
      "properties": { "k": "place" },
      "geometry": { "type": "Point", "coordinates": [-80.0559, 26.5946] }
    },
    {
      "type": "Feature",
      "properties": { "k": "place" },
      "geometry": { "type": "Point", "coordinates": [-81.3489, 27.2723] }
    },
    {
      "type": "Feature",
      "properties": { "k": "place" },
      "geometry": { "type": "Point", "coordinates": [-80.3435, 27.461] }
    },
    {
      "type": "Feature",
      "properties": { "k": "person" },
      "geometry": { "type": "Point", "coordinates": [-80.3417, 27.467] }
    },
    {
      "type": "Feature",
      "properties": { "k": "place" },
      "geometry": { "type": "Point", "coordinates": [-80.0614, 26.7363] }
    },
    {
      "type": "Feature",
      "properties": { "k": "place" },
      "geometry": { "type": "Point", "coordinates": [-80.0607, 26.7256] }
    },
    {
      "type": "Feature",
      "properties": { "k": "place" },
      "geometry": { "type": "Point", "coordinates": [-89.9345, 30.0534] }
    },
    {
      "type": "Feature",
      "properties": { "k": "place" },
      "geometry": { "type": "Point", "coordinates": [-89.9345, 30.0534] }
    },
    {
      "type": "Feature",
      "properties": { "k": "place" },
      "geometry": { "type": "Point", "coordinates": [-89.9345, 30.0534] }
    },
    {
      "type": "Feature",
      "properties": { "k": "place" },
      "geometry": { "type": "Point", "coordinates": [-89.9345, 30.0534] }
    },
    {
      "type": "Feature",
      "properties": { "k": "place" },
      "geometry": { "type": "Point", "coordinates": [-89.9345, 30.0534] }
    },
    {
      "type": "Feature",
      "properties": { "k": "organization" },
      "geometry": { "type": "Point", "coordinates": [-89.7369, 30.1661] }
    },
    {
      "type": "Feature",
      "properties": { "k": "person" },
      "geometry": { "type": "Point", "coordinates": [-89.96, 30.4] }
    },
    {
      "type": "Feature",
      "properties": { "k": "place" },
      "geometry": { "type": "Point", "coordinates": [-89.952, 30.41] }
    },
    {
      "type": "Feature",
      "properties": { "k": "place" },
      "geometry": { "type": "Point", "coordinates": [-89.4828, 30.3916] }
    },
    {
      "type": "Feature",
      "properties": { "k": "place" },
      "geometry": { "type": "Point", "coordinates": [-89.3417, 30.307] }
    },
    {
      "type": "Feature",
      "properties": { "k": "place" },
      "geometry": { "type": "Point", "coordinates": [-89.3442, 30.3089] }
    },
    {
      "type": "Feature",
      "properties": { "k": "place" },
      "geometry": { "type": "Point", "coordinates": [-89.8461, 30.7708] }
    },
    {
      "type": "Feature",
      "properties": { "k": "person" },
      "geometry": { "type": "Point", "coordinates": [-89.5648, 30.8524] }
    },
    {
      "type": "Feature",
      "properties": { "k": "person" },
      "geometry": { "type": "Point", "coordinates": [-89.25, 30.32] }
    },
    {
      "type": "Feature",
      "properties": { "k": "place" },
      "geometry": { "type": "Point", "coordinates": [-89.232, 30.3224] }
    },
    {
      "type": "Feature",
      "properties": { "k": "place" },
      "geometry": { "type": "Point", "coordinates": [-89.0834, 30.4165] }
    },
    {
      "type": "Feature",
      "properties": { "k": "place" },
      "geometry": { "type": "Point", "coordinates": [-89.0834, 30.4165] }
    },
    {
      "type": "Feature",
      "properties": { "k": "place" },
      "geometry": { "type": "Point", "coordinates": [-89.0723, 30.4245] }
    },
    {
      "type": "Feature",
      "properties": { "k": "place" },
      "geometry": { "type": "Point", "coordinates": [-88.8908, 30.4033] }
    },
    {
      "type": "Feature",
      "properties": { "k": "place" },
      "geometry": { "type": "Point", "coordinates": [-88.8257, 30.4133] }
    },
    {
      "type": "Feature",
      "properties": { "k": "other" },
      "geometry": { "type": "Point", "coordinates": [-88.0092, 30.4428] }
    },
    {
      "type": "Feature",
      "properties": { "k": "place" },
      "geometry": { "type": "Point", "coordinates": [-88.1966, 30.6846] }
    },
    {
      "type": "Feature",
      "properties": { "k": "place" },
      "geometry": { "type": "Point", "coordinates": [-88.1966, 30.6846] }
    },
    {
      "type": "Feature",
      "properties": { "k": "place" },
      "geometry": { "type": "Point", "coordinates": [-88.1966, 30.6846] }
    },
    {
      "type": "Feature",
      "properties": { "k": "place" },
      "geometry": { "type": "Point", "coordinates": [-88.1966, 30.6846] }
    },
    {
      "type": "Feature",
      "properties": { "k": "place" },
      "geometry": { "type": "Point", "coordinates": [-88.0688, 30.7002] }
    },
    {
      "type": "Feature",
      "properties": { "k": "place" },
      "geometry": { "type": "Point", "coordinates": [-88.066, 30.6999] }
    },
    {
      "type": "Feature",
      "properties": { "k": "place" },
      "geometry": { "type": "Point", "coordinates": [-88.0496, 30.6944] }
    },
    {
      "type": "Feature",
      "properties": { "k": "place" },
      "geometry": { "type": "Point", "coordinates": [-88.0532, 30.6996] }
    },
    {
      "type": "Feature",
      "properties": { "k": "place" },
      "geometry": { "type": "Point", "coordinates": [-88.049, 30.6908] }
    },
    {
      "type": "Feature",
      "properties": { "k": "place" },
      "geometry": { "type": "Point", "coordinates": [-88.0632, 30.6998] }
    },
    {
      "type": "Feature",
      "properties": { "k": "place" },
      "geometry": { "type": "Point", "coordinates": [-88.0509, 30.6911] }
    },
    {
      "type": "Feature",
      "properties": { "k": "place" },
      "geometry": { "type": "Point", "coordinates": [-88.057, 30.694] }
    },
    {
      "type": "Feature",
      "properties": { "k": "person" },
      "geometry": { "type": "Point", "coordinates": [-88.0431, 30.6944] }
    },
    {
      "type": "Feature",
      "properties": { "k": "place" },
      "geometry": { "type": "Point", "coordinates": [-88.0601, 30.7316] }
    },
    {
      "type": "Feature",
      "properties": { "k": "person" },
      "geometry": { "type": "Point", "coordinates": [-87.2248, 30.4223] }
    },
    {
      "type": "Feature",
      "properties": { "k": "place" },
      "geometry": { "type": "Point", "coordinates": [-87.2134, 30.4323] }
    },
    {
      "type": "Feature",
      "properties": { "k": "place" },
      "geometry": { "type": "Point", "coordinates": [-87.2246, 30.4201] }
    },
    {
      "type": "Feature",
      "properties": { "k": "place" },
      "geometry": { "type": "Point", "coordinates": [-87.7461, 30.6592] }
    },
    {
      "type": "Feature",
      "properties": { "k": "place" },
      "geometry": { "type": "Point", "coordinates": [-87.7461, 30.6592] }
    },
    {
      "type": "Feature",
      "properties": { "k": "place" },
      "geometry": { "type": "Point", "coordinates": [-87.0407, 30.6199] }
    },
    {
      "type": "Feature",
      "properties": { "k": "place" },
      "geometry": { "type": "Point", "coordinates": [-87.0189, 30.6753] }
    },
    {
      "type": "Feature",
      "properties": { "k": "place" },
      "geometry": { "type": "Point", "coordinates": [-84.8152, 29.6778] }
    },
    {
      "type": "Feature",
      "properties": { "k": "person" },
      "geometry": { "type": "Point", "coordinates": [-84.6358, 29.8692] }
    },
    {
      "type": "Feature",
      "properties": { "k": "place" },
      "geometry": { "type": "Point", "coordinates": [-85.0167, 29.9333] }
    },
    {
      "type": "Feature",
      "properties": { "k": "person" },
      "geometry": { "type": "Point", "coordinates": [-85.21, 30.8] }
    },
    {
      "type": "Feature",
      "properties": { "k": "place" },
      "geometry": { "type": "Point", "coordinates": [-84.8686, 30.2598] }
    },
    {
      "type": "Feature",
      "properties": { "k": "place" },
      "geometry": { "type": "Point", "coordinates": [-84.4121, 30.6374] }
    },
    {
      "type": "Feature",
      "properties": { "k": "place" },
      "geometry": { "type": "Point", "coordinates": [-84.5745, 30.9044] }
    },
    {
      "type": "Feature",
      "properties": { "k": "place" },
      "geometry": { "type": "Point", "coordinates": [-89.8271, 31.5648] }
    },
    {
      "type": "Feature",
      "properties": { "k": "place" },
      "geometry": { "type": "Point", "coordinates": [-89.8591, 31.5929] }
    },
    {
      "type": "Feature",
      "properties": { "k": "place" },
      "geometry": { "type": "Point", "coordinates": [-89.5489, 31.6333] }
    },
    {
      "type": "Feature",
      "properties": { "k": "person" },
      "geometry": { "type": "Point", "coordinates": [-89.2903, 31.3271] }
    },
    {
      "type": "Feature",
      "properties": { "k": "place" },
      "geometry": { "type": "Point", "coordinates": [-89.2929, 31.3359] }
    },
    {
      "type": "Feature",
      "properties": { "k": "place" },
      "geometry": { "type": "Point", "coordinates": [-89.1685, 31.6166] }
    },
    {
      "type": "Feature",
      "properties": { "k": "place" },
      "geometry": { "type": "Point", "coordinates": [-89.1685, 31.6166] }
    },
    {
      "type": "Feature",
      "properties": { "k": "place" },
      "geometry": { "type": "Point", "coordinates": [-89.9934, 32.0613] }
    },
    {
      "type": "Feature",
      "properties": { "k": "place" },
      "geometry": { "type": "Point", "coordinates": [-88.8203, 32.0119] }
    },
    {
      "type": "Feature",
      "properties": { "k": "person" },
      "geometry": { "type": "Point", "coordinates": [-88.69, 32.04] }
    },
    {
      "type": "Feature",
      "properties": { "k": "person" },
      "geometry": { "type": "Point", "coordinates": [-88.69, 32.04] }
    },
    {
      "type": "Feature",
      "properties": { "k": "place" },
      "geometry": { "type": "Point", "coordinates": [-87.8679, 31.3466] }
    },
    {
      "type": "Feature",
      "properties": { "k": "place" },
      "geometry": { "type": "Point", "coordinates": [-87.3049, 31.9901] }
    },
    {
      "type": "Feature",
      "properties": { "k": "place" },
      "geometry": { "type": "Point", "coordinates": [-87.3049, 31.9901] }
    },
    {
      "type": "Feature",
      "properties": { "k": "place" },
      "geometry": { "type": "Point", "coordinates": [-87.6304, 32.2729] }
    },
    {
      "type": "Feature",
      "properties": { "k": "place" },
      "geometry": { "type": "Point", "coordinates": [-87.4279, 32.142] }
    },
    {
      "type": "Feature",
      "properties": { "k": "place" },
      "geometry": { "type": "Point", "coordinates": [-87.2914, 32.0694] }
    },
    {
      "type": "Feature",
      "properties": { "k": "place" },
      "geometry": { "type": "Point", "coordinates": [-88.7064, 32.3696] }
    },
    {
      "type": "Feature",
      "properties": { "k": "place" },
      "geometry": { "type": "Point", "coordinates": [-88.7091, 32.3715] }
    },
    {
      "type": "Feature",
      "properties": { "k": "place" },
      "geometry": { "type": "Point", "coordinates": [-88.7046, 32.3695] }
    },
    {
      "type": "Feature",
      "properties": { "k": "place" },
      "geometry": { "type": "Point", "coordinates": [-88.6605, 32.404] }
    },
    {
      "type": "Feature",
      "properties": { "k": "place" },
      "geometry": { "type": "Point", "coordinates": [-89.1193, 32.7525] }
    },
    {
      "type": "Feature",
      "properties": { "k": "place" },
      "geometry": { "type": "Point", "coordinates": [-89.1193, 32.7525] }
    },
    {
      "type": "Feature",
      "properties": { "k": "event" },
      "geometry": { "type": "Point", "coordinates": [-88.9916, 32.7815] }
    },
    {
      "type": "Feature",
      "properties": { "k": "place" },
      "geometry": { "type": "Point", "coordinates": [-89.0279, 32.7595] }
    },
    {
      "type": "Feature",
      "properties": { "k": "school" },
      "geometry": { "type": "Point", "coordinates": [-89.59, 33.09] }
    },
    {
      "type": "Feature",
      "properties": { "k": "place" },
      "geometry": { "type": "Point", "coordinates": [-89.5886, 33.0905] }
    },
    {
      "type": "Feature",
      "properties": { "k": "person" },
      "geometry": { "type": "Point", "coordinates": [-88.8184, 33.4504] }
    },
    {
      "type": "Feature",
      "properties": { "k": "place" },
      "geometry": { "type": "Point", "coordinates": [-88.8056, 33.4629] }
    },
    {
      "type": "Feature",
      "properties": { "k": "place" },
      "geometry": { "type": "Point", "coordinates": [-88.7825, 33.6597] }
    },
    {
      "type": "Feature",
      "properties": { "k": "place" },
      "geometry": { "type": "Point", "coordinates": [-88.6653, 33.6082] }
    },
    {
      "type": "Feature",
      "properties": { "k": "person" },
      "geometry": { "type": "Point", "coordinates": [-87.6, 32.8] }
    },
    {
      "type": "Feature",
      "properties": { "k": "place" },
      "geometry": { "type": "Point", "coordinates": [-88.2001, 32.5975] }
    },
    {
      "type": "Feature",
      "properties": { "k": "institution" },
      "geometry": { "type": "Point", "coordinates": [-88.1167, 32.6934] }
    },
    {
      "type": "Feature",
      "properties": { "k": "person" },
      "geometry": { "type": "Point", "coordinates": [-87.9, 32.85] }
    },
    {
      "type": "Feature",
      "properties": { "k": "place" },
      "geometry": { "type": "Point", "coordinates": [-88.1261, 32.7553] }
    },
    {
      "type": "Feature",
      "properties": { "k": "place" },
      "geometry": { "type": "Point", "coordinates": [-87.6026, 32.4353] }
    },
    {
      "type": "Feature",
      "properties": { "k": "place" },
      "geometry": { "type": "Point", "coordinates": [-87.6799, 32.5468] }
    },
    {
      "type": "Feature",
      "properties": { "k": "place" },
      "geometry": { "type": "Point", "coordinates": [-87.6966, 32.6128] }
    },
    {
      "type": "Feature",
      "properties": { "k": "person" },
      "geometry": { "type": "Point", "coordinates": [-87.29, 32.53] }
    },
    {
      "type": "Feature",
      "properties": { "k": "place" },
      "geometry": { "type": "Point", "coordinates": [-87.329, 32.6255] }
    },
    {
      "type": "Feature",
      "properties": { "k": "place" },
      "geometry": { "type": "Point", "coordinates": [-87.3281, 32.6275] }
    },
    {
      "type": "Feature",
      "properties": { "k": "place" },
      "geometry": { "type": "Point", "coordinates": [-87.2938, 32.639] }
    },
    {
      "type": "Feature",
      "properties": { "k": "place" },
      "geometry": { "type": "Point", "coordinates": [-87.2938, 32.639] }
    },
    {
      "type": "Feature",
      "properties": { "k": "place" },
      "geometry": { "type": "Point", "coordinates": [-87.6231, 32.7528] }
    },
    {
      "type": "Feature",
      "properties": { "k": "person" },
      "geometry": { "type": "Point", "coordinates": [-88.415, 33.5017] }
    },
    {
      "type": "Feature",
      "properties": { "k": "place" },
      "geometry": { "type": "Point", "coordinates": [-88.5621, 33.5888] }
    },
    {
      "type": "Feature",
      "properties": { "k": "place" },
      "geometry": { "type": "Point", "coordinates": [-87.5615, 33.1205] }
    },
    {
      "type": "Feature",
      "properties": { "k": "place" },
      "geometry": { "type": "Point", "coordinates": [-87.5853, 33.2] }
    },
    {
      "type": "Feature",
      "properties": { "k": "law" },
      "geometry": { "type": "Point", "coordinates": [-87.544, 33.2081] }
    },
    {
      "type": "Feature",
      "properties": { "k": "place" },
      "geometry": { "type": "Point", "coordinates": [-87.5693, 33.2042] }
    },
    {
      "type": "Feature",
      "properties": { "k": "event" },
      "geometry": { "type": "Point", "coordinates": [-87.5439, 33.2081] }
    },
    {
      "type": "Feature",
      "properties": { "k": "place" },
      "geometry": { "type": "Point", "coordinates": [-87.5439, 33.2078] }
    },
    {
      "type": "Feature",
      "properties": { "k": "event" },
      "geometry": { "type": "Point", "coordinates": [-87.5458, 33.2119] }
    },
    {
      "type": "Feature",
      "properties": { "k": "place" },
      "geometry": { "type": "Point", "coordinates": [-87.5228, 33.2902] }
    },
    {
      "type": "Feature",
      "properties": { "k": "person" },
      "geometry": { "type": "Point", "coordinates": [-86.6, 32.2] }
    },
    {
      "type": "Feature",
      "properties": { "k": "place" },
      "geometry": { "type": "Point", "coordinates": [-87.1522, 30.9503] }
    },
    {
      "type": "Feature",
      "properties": { "k": "place" },
      "geometry": { "type": "Point", "coordinates": [-86.6266, 31.8238] }
    },
    {
      "type": "Feature",
      "properties": { "k": "institution" },
      "geometry": { "type": "Point", "coordinates": [-87.0151, 32.1651] }
    },
    {
      "type": "Feature",
      "properties": { "k": "place" },
      "geometry": { "type": "Point", "coordinates": [-87.1144, 32.3335] }
    },
    {
      "type": "Feature",
      "properties": { "k": "place" },
      "geometry": { "type": "Point", "coordinates": [-87.1144, 32.3335] }
    },
    {
      "type": "Feature",
      "properties": { "k": "place" },
      "geometry": { "type": "Point", "coordinates": [-87.1144, 32.3335] }
    },
    {
      "type": "Feature",
      "properties": { "k": "place" },
      "geometry": { "type": "Point", "coordinates": [-87.1144, 32.3335] }
    },
    {
      "type": "Feature",
      "properties": { "k": "place" },
      "geometry": { "type": "Point", "coordinates": [-86.5494, 32.0579] }
    },
    {
      "type": "Feature",
      "properties": { "k": "place" },
      "geometry": { "type": "Point", "coordinates": [-86.6506, 32.1479] }
    },
    {
      "type": "Feature",
      "properties": { "k": "place" },
      "geometry": { "type": "Point", "coordinates": [-86.6506, 32.1479] }
    },
    {
      "type": "Feature",
      "properties": { "k": "place" },
      "geometry": { "type": "Point", "coordinates": [-86.6506, 32.1479] }
    },
    {
      "type": "Feature",
      "properties": { "k": "organization" },
      "geometry": { "type": "Point", "coordinates": [-86.58, 32.1839] }
    },
    {
      "type": "Feature",
      "properties": { "k": "school" },
      "geometry": { "type": "Point", "coordinates": [-85.9539, 31.7981] }
    },
    {
      "type": "Feature",
      "properties": { "k": "place" },
      "geometry": { "type": "Point", "coordinates": [-86.3569, 32.1423] }
    },
    {
      "type": "Feature",
      "properties": { "k": "place" },
      "geometry": { "type": "Point", "coordinates": [-86.2045, 32.2029] }
    },
    {
      "type": "Feature",
      "properties": { "k": "place" },
      "geometry": { "type": "Point", "coordinates": [-86.2045, 32.2029] }
    },
    {
      "type": "Feature",
      "properties": { "k": "place" },
      "geometry": { "type": "Point", "coordinates": [-86.2045, 32.2029] }
    },
    {
      "type": "Feature",
      "properties": { "k": "place" },
      "geometry": { "type": "Point", "coordinates": [-86.2045, 32.2029] }
    },
    {
      "type": "Feature",
      "properties": { "k": "person" },
      "geometry": { "type": "Point", "coordinates": [-85.4, 31.9] }
    },
    {
      "type": "Feature",
      "properties": { "k": "place" },
      "geometry": { "type": "Point", "coordinates": [-85.5341, 32.075] }
    },
    {
      "type": "Feature",
      "properties": { "k": "place" },
      "geometry": { "type": "Point", "coordinates": [-85.4897, 32.2897] }
    },
    {
      "type": "Feature",
      "properties": { "k": "place" },
      "geometry": { "type": "Point", "coordinates": [-84.4394, 31.7772] }
    },
    {
      "type": "Feature",
      "properties": { "k": "place" },
      "geometry": { "type": "Point", "coordinates": [-84.8622, 32.0075] }
    },
    {
      "type": "Feature",
      "properties": { "k": "place" },
      "geometry": { "type": "Point", "coordinates": [-84.7724, 32.3016] }
    },
    {
      "type": "Feature",
      "properties": { "k": "place" },
      "geometry": { "type": "Point", "coordinates": [-84.3953, 32.1444] }
    },
    {
      "type": "Feature",
      "properties": { "k": "person" },
      "geometry": { "type": "Point", "coordinates": [-84.4898, 32.2542] }
    },
    {
      "type": "Feature",
      "properties": { "k": "place" },
      "geometry": { "type": "Point", "coordinates": [-84.5113, 32.3184] }
    },
    {
      "type": "Feature",
      "properties": { "k": "place" },
      "geometry": { "type": "Point", "coordinates": [-87.0197, 32.4076] }
    },
    {
      "type": "Feature",
      "properties": { "k": "person" },
      "geometry": { "type": "Point", "coordinates": [-87.0186, 32.4053] }
    },
    {
      "type": "Feature",
      "properties": { "k": "person" },
      "geometry": { "type": "Point", "coordinates": [-87.0186, 32.4053] }
    },
    {
      "type": "Feature",
      "properties": { "k": "event" },
      "geometry": { "type": "Point", "coordinates": [-87.0186, 32.4053] }
    },
    {
      "type": "Feature",
      "properties": { "k": "person" },
      "geometry": { "type": "Point", "coordinates": [-87.0211, 32.4177] }
    },
    {
      "type": "Feature",
      "properties": { "k": "place" },
      "geometry": { "type": "Point", "coordinates": [-87.0287, 32.4183] }
    },
    {
      "type": "Feature",
      "properties": { "k": "place" },
      "geometry": { "type": "Point", "coordinates": [-87.0146, 32.421] }
    },
    {
      "type": "Feature",
      "properties": { "k": "place" },
      "geometry": { "type": "Point", "coordinates": [-87.0162, 32.4124] }
    },
    {
      "type": "Feature",
      "properties": { "k": "place" },
      "geometry": { "type": "Point", "coordinates": [-87.0245, 32.4195] }
    },
    {
      "type": "Feature",
      "properties": { "k": "place" },
      "geometry": { "type": "Point", "coordinates": [-87.0179, 32.4143] }
    },
    {
      "type": "Feature",
      "properties": { "k": "place" },
      "geometry": { "type": "Point", "coordinates": [-87.016, 32.4125] }
    },
    {
      "type": "Feature",
      "properties": { "k": "institution" },
      "geometry": { "type": "Point", "coordinates": [-87.0211, 32.4074] }
    },
    {
      "type": "Feature",
      "properties": { "k": "place" },
      "geometry": { "type": "Point", "coordinates": [-87.0324, 32.4204] }
    },
    {
      "type": "Feature",
      "properties": { "k": "institution" },
      "geometry": { "type": "Point", "coordinates": [-87.0186, 32.4064] }
    },
    {
      "type": "Feature",
      "properties": { "k": "place" },
      "geometry": { "type": "Point", "coordinates": [-86.5452, 32.5503] }
    },
    {
      "type": "Feature",
      "properties": { "k": "event" },
      "geometry": { "type": "Point", "coordinates": [-87, 33] }
    },
    {
      "type": "Feature",
      "properties": { "k": "person" },
      "geometry": { "type": "Point", "coordinates": [-87, 33] }
    },
    {
      "type": "Feature",
      "properties": { "k": "place" },
      "geometry": { "type": "Point", "coordinates": [-86.6096, 32.8494] }
    },
    {
      "type": "Feature",
      "properties": { "k": "event" },
      "geometry": { "type": "Point", "coordinates": [-86.31, 32.3769] }
    },
    {
      "type": "Feature",
      "properties": { "k": "institution" },
      "geometry": { "type": "Point", "coordinates": [-86.3111, 32.3767] }
    },
    {
      "type": "Feature",
      "properties": { "k": "place" },
      "geometry": { "type": "Point", "coordinates": [-86.3092, 32.3747] }
    },
    {
      "type": "Feature",
      "properties": { "k": "place" },
      "geometry": { "type": "Point", "coordinates": [-86.3117, 32.3714] }
    },
    {
      "type": "Feature",
      "properties": { "k": "place" },
      "geometry": { "type": "Point", "coordinates": [-86.3174, 32.3633] }
    },
    {
      "type": "Feature",
      "properties": { "k": "place" },
      "geometry": { "type": "Point", "coordinates": [-86.3205, 32.3684] }
    },
    {
      "type": "Feature",
      "properties": { "k": "place" },
      "geometry": { "type": "Point", "coordinates": [-86.3113, 32.3765] }
    },
    {
      "type": "Feature",
      "properties": { "k": "place" },
      "geometry": { "type": "Point", "coordinates": [-86.3102, 32.3754] }
    },
    {
      "type": "Feature",
      "properties": { "k": "place" },
      "geometry": { "type": "Point", "coordinates": [-86.3431, 32.3501] }
    },
    {
      "type": "Feature",
      "properties": { "k": "institution" },
      "geometry": { "type": "Point", "coordinates": [-86.3086, 32.3823] }
    },
    {
      "type": "Feature",
      "properties": { "k": "event" },
      "geometry": { "type": "Point", "coordinates": [-86.3087, 32.3765] }
    },
    {
      "type": "Feature",
      "properties": { "k": "organization" },
      "geometry": { "type": "Point", "coordinates": [-86.3203, 32.3647] }
    },
    {
      "type": "Feature",
      "properties": { "k": "institution" },
      "geometry": { "type": "Point", "coordinates": [-86.3203, 32.3647] }
    },
    {
      "type": "Feature",
      "properties": { "k": "place" },
      "geometry": { "type": "Point", "coordinates": [-86.3091, 32.3746] }
    },
    {
      "type": "Feature",
      "properties": { "k": "case" },
      "geometry": { "type": "Point", "coordinates": [-86.3077, 32.3792] }
    },
    {
      "type": "Feature",
      "properties": { "k": "case" },
      "geometry": { "type": "Point", "coordinates": [-86.3077, 32.3792] }
    },
    {
      "type": "Feature",
      "properties": { "k": "place" },
      "geometry": { "type": "Point", "coordinates": [-86.299, 32.3735] }
    },
    {
      "type": "Feature",
      "properties": { "k": "person" },
      "geometry": { "type": "Point", "coordinates": [-86.2986, 32.3819] }
    },
    {
      "type": "Feature",
      "properties": { "k": "place" },
      "geometry": { "type": "Point", "coordinates": [-86.2966, 32.3642] }
    },
    {
      "type": "Feature",
      "properties": { "k": "place" },
      "geometry": { "type": "Point", "coordinates": [-86.3, 32.3712] }
    },
    {
      "type": "Feature",
      "properties": { "k": "place" },
      "geometry": { "type": "Point", "coordinates": [-86.2957, 32.3643] }
    },
    {
      "type": "Feature",
      "properties": { "k": "place" },
      "geometry": { "type": "Point", "coordinates": [-86.3031, 32.3776] }
    },
    {
      "type": "Feature",
      "properties": { "k": "place" },
      "geometry": { "type": "Point", "coordinates": [-86.296, 32.373] }
    },
    {
      "type": "Feature",
      "properties": { "k": "institution" },
      "geometry": { "type": "Point", "coordinates": [-86.3028, 32.3773] }
    },
    {
      "type": "Feature",
      "properties": { "k": "place" },
      "geometry": { "type": "Point", "coordinates": [-86.2958, 32.3727] }
    },
    {
      "type": "Feature",
      "properties": { "k": "case" },
      "geometry": { "type": "Point", "coordinates": [-86.615, 33.1873] }
    },
    {
      "type": "Feature",
      "properties": { "k": "place" },
      "geometry": { "type": "Point", "coordinates": [-86.9641, 33.4019] }
    },
    {
      "type": "Feature",
      "properties": { "k": "place" },
      "geometry": { "type": "Point", "coordinates": [-86.8888, 33.4508] }
    },
    {
      "type": "Feature",
      "properties": { "k": "place" },
      "geometry": { "type": "Point", "coordinates": [-86.908, 33.4808] }
    },
    {
      "type": "Feature",
      "properties": { "k": "place" },
      "geometry": { "type": "Point", "coordinates": [-86.9133, 33.4783] }
    },
    {
      "type": "Feature",
      "properties": { "k": "place" },
      "geometry": { "type": "Point", "coordinates": [-86.9088, 33.4824] }
    },
    {
      "type": "Feature",
      "properties": { "k": "place" },
      "geometry": { "type": "Point", "coordinates": [-86.8696, 33.4699] }
    },
    {
      "type": "Feature",
      "properties": { "k": "place" },
      "geometry": { "type": "Point", "coordinates": [-86.908, 33.5185] }
    },
    {
      "type": "Feature",
      "properties": { "k": "place" },
      "geometry": { "type": "Point", "coordinates": [-86.8863, 33.5097] }
    },
    {
      "type": "Feature",
      "properties": { "k": "place" },
      "geometry": { "type": "Point", "coordinates": [-86.843, 33.5239] }
    },
    {
      "type": "Feature",
      "properties": { "k": "place" },
      "geometry": { "type": "Point", "coordinates": [-86.8362, 33.5214] }
    },
    {
      "type": "Feature",
      "properties": { "k": "place" },
      "geometry": { "type": "Point", "coordinates": [-86.8389, 33.4997] }
    },
    {
      "type": "Feature",
      "properties": { "k": "place" },
      "geometry": { "type": "Point", "coordinates": [-86.8965, 33.5534] }
    },
    {
      "type": "Feature",
      "properties": { "k": "place" },
      "geometry": { "type": "Point", "coordinates": [-86.8965, 33.5534] }
    },
    {
      "type": "Feature",
      "properties": { "k": "place" },
      "geometry": { "type": "Point", "coordinates": [-86.8965, 33.5534] }
    },
    {
      "type": "Feature",
      "properties": { "k": "place" },
      "geometry": { "type": "Point", "coordinates": [-86.8965, 33.5534] }
    },
    {
      "type": "Feature",
      "properties": { "k": "place" },
      "geometry": { "type": "Point", "coordinates": [-86.8965, 33.5534] }
    },
    {
      "type": "Feature",
      "properties": { "k": "place" },
      "geometry": { "type": "Point", "coordinates": [-86.8965, 33.5534] }
    },
    {
      "type": "Feature",
      "properties": { "k": "place" },
      "geometry": { "type": "Point", "coordinates": [-86.8965, 33.5534] }
    },
    {
      "type": "Feature",
      "properties": { "k": "person" },
      "geometry": { "type": "Point", "coordinates": [-86.82, 33.53] }
    },
    {
      "type": "Feature",
      "properties": { "k": "person" },
      "geometry": { "type": "Point", "coordinates": [-86.8136, 33.5152] }
    },
    {
      "type": "Feature",
      "properties": { "k": "person" },
      "geometry": { "type": "Point", "coordinates": [-86.815, 33.5167] }
    },
    {
      "type": "Feature",
      "properties": { "k": "person" },
      "geometry": { "type": "Point", "coordinates": [-86.8142, 33.515] }
    },
    {
      "type": "Feature",
      "properties": { "k": "person" },
      "geometry": { "type": "Point", "coordinates": [-86.8104, 33.5186] }
    },
    {
      "type": "Feature",
      "properties": { "k": "event" },
      "geometry": { "type": "Point", "coordinates": [-86.8118, 33.5165] }
    },
    {
      "type": "Feature",
      "properties": { "k": "place" },
      "geometry": { "type": "Point", "coordinates": [-86.8126, 33.5147] }
    },
    {
      "type": "Feature",
      "properties": { "k": "place" },
      "geometry": { "type": "Point", "coordinates": [-86.8269, 33.509] }
    },
    {
      "type": "Feature",
      "properties": { "k": "case" },
      "geometry": { "type": "Point", "coordinates": [-86.8104, 33.5186] }
    },
    {
      "type": "Feature",
      "properties": { "k": "place" },
      "geometry": { "type": "Point", "coordinates": [-86.8289, 33.5133] }
    },
    {
      "type": "Feature",
      "properties": { "k": "place" },
      "geometry": { "type": "Point", "coordinates": [-86.8152, 33.5014] }
    },
    {
      "type": "Feature",
      "properties": { "k": "place" },
      "geometry": { "type": "Point", "coordinates": [-86.8113, 33.514] }
    },
    {
      "type": "Feature",
      "properties": { "k": "place" },
      "geometry": { "type": "Point", "coordinates": [-86.8146, 33.5163] }
    },
    {
      "type": "Feature",
      "properties": { "k": "place" },
      "geometry": { "type": "Point", "coordinates": [-86.815, 33.5167] }
    },
    {
      "type": "Feature",
      "properties": { "k": "place" },
      "geometry": { "type": "Point", "coordinates": [-86.7926, 33.5127] }
    },
    {
      "type": "Feature",
      "properties": { "k": "invention" },
      "geometry": { "type": "Point", "coordinates": [-86.8104, 33.5186] }
    },
    {
      "type": "Feature",
      "properties": { "k": "place" },
      "geometry": { "type": "Point", "coordinates": [-86.8297, 33.5274] }
    },
    {
      "type": "Feature",
      "properties": { "k": "place" },
      "geometry": { "type": "Point", "coordinates": [-86.8158, 33.5162] }
    },
    {
      "type": "Feature",
      "properties": { "k": "place" },
      "geometry": { "type": "Point", "coordinates": [-86.8307, 33.5096] }
    },
    {
      "type": "Feature",
      "properties": { "k": "place" },
      "geometry": { "type": "Point", "coordinates": [-86.8102, 33.5151] }
    },
    {
      "type": "Feature",
      "properties": { "k": "place" },
      "geometry": { "type": "Point", "coordinates": [-86.8118, 33.5149] }
    },
    {
      "type": "Feature",
      "properties": { "k": "event" },
      "geometry": { "type": "Point", "coordinates": [-86.815, 33.5167] }
    },
    {
      "type": "Feature",
      "properties": { "k": "place" },
      "geometry": { "type": "Point", "coordinates": [-86.8142, 33.515] }
    },
    {
      "type": "Feature",
      "properties": { "k": "person" },
      "geometry": { "type": "Point", "coordinates": [-86.815, 33.5167] }
    },
    {
      "type": "Feature",
      "properties": { "k": "place" },
      "geometry": { "type": "Point", "coordinates": [-86.8147, 33.5154] }
    },
    {
      "type": "Feature",
      "properties": { "k": "event" },
      "geometry": { "type": "Point", "coordinates": [-86.8094, 33.5175] }
    },
    {
      "type": "Feature",
      "properties": { "k": "place" },
      "geometry": { "type": "Point", "coordinates": [-86.8271, 33.5142] }
    },
    {
      "type": "Feature",
      "properties": { "k": "place" },
      "geometry": { "type": "Point", "coordinates": [-86.8142, 33.515] }
    },
    {
      "type": "Feature",
      "properties": { "k": "person" },
      "geometry": { "type": "Point", "coordinates": [-86.8136, 33.5152] }
    },
    {
      "type": "Feature",
      "properties": { "k": "person" },
      "geometry": { "type": "Point", "coordinates": [-86.815, 33.5167] }
    },
    {
      "type": "Feature",
      "properties": { "k": "institution" },
      "geometry": { "type": "Point", "coordinates": [-86.815, 33.516] }
    },
    {
      "type": "Feature",
      "properties": { "k": "person" },
      "geometry": { "type": "Point", "coordinates": [-86.815, 33.5167] }
    },
    {
      "type": "Feature",
      "properties": { "k": "person" },
      "geometry": { "type": "Point", "coordinates": [-86.802, 33.5518] }
    },
    {
      "type": "Feature",
      "properties": { "k": "place" },
      "geometry": { "type": "Point", "coordinates": [-86.8099, 33.5425] }
    },
    {
      "type": "Feature",
      "properties": { "k": "place" },
      "geometry": { "type": "Point", "coordinates": [-86.8007, 33.5518] }
    },
    {
      "type": "Feature",
      "properties": { "k": "place" },
      "geometry": { "type": "Point", "coordinates": [-86.8041, 33.5615] }
    },
    {
      "type": "Feature",
      "properties": { "k": "place" },
      "geometry": { "type": "Point", "coordinates": [-86.7995, 33.5563] }
    },
    {
      "type": "Feature",
      "properties": { "k": "place" },
      "geometry": { "type": "Point", "coordinates": [-86.802, 33.5518] }
    },
    {
      "type": "Feature",
      "properties": { "k": "place" },
      "geometry": { "type": "Point", "coordinates": [-86.7682, 33.5419] }
    },
    {
      "type": "Feature",
      "properties": { "k": "place" },
      "geometry": { "type": "Point", "coordinates": [-86.7807, 33.5447] }
    },
    {
      "type": "Feature",
      "properties": { "k": "place" },
      "geometry": { "type": "Point", "coordinates": [-86.1134, 33.4338] }
    },
    {
      "type": "Feature",
      "properties": { "k": "place" },
      "geometry": { "type": "Point", "coordinates": [-86.1127, 33.4335] }
    },
    {
      "type": "Feature",
      "properties": { "k": "place" },
      "geometry": { "type": "Point", "coordinates": [-86.1175, 33.4295] }
    },
    {
      "type": "Feature",
      "properties": { "k": "place" },
      "geometry": { "type": "Point", "coordinates": [-85.8722, 33.6194] }
    },
    {
      "type": "Feature",
      "properties": { "k": "place" },
      "geometry": { "type": "Point", "coordinates": [-85.8722, 33.6194] }
    },
    {
      "type": "Feature",
      "properties": { "k": "place" },
      "geometry": { "type": "Point", "coordinates": [-85.8327, 33.6464] }
    },
    {
      "type": "Feature",
      "properties": { "k": "place" },
      "geometry": { "type": "Point", "coordinates": [-85.8445, 33.6204] }
    },
    {
      "type": "Feature",
      "properties": { "k": "case" },
      "geometry": { "type": "Point", "coordinates": [-85.7086, 32.4288] }
    },
    {
      "type": "Feature",
      "properties": { "k": "place" },
      "geometry": { "type": "Point", "coordinates": [-85.7041, 32.429] }
    },
    {
      "type": "Feature",
      "properties": { "k": "place" },
      "geometry": { "type": "Point", "coordinates": [-85.6993, 32.4188] }
    },
    {
      "type": "Feature",
      "properties": { "k": "school" },
      "geometry": { "type": "Point", "coordinates": [-85.7078, 32.4303] }
    },
    {
      "type": "Feature",
      "properties": { "k": "person" },
      "geometry": { "type": "Point", "coordinates": [-85.7057, 32.4282] }
    },
    {
      "type": "Feature",
      "properties": { "k": "place" },
      "geometry": { "type": "Point", "coordinates": [-85.6929, 32.387] }
    },
    {
      "type": "Feature",
      "properties": { "k": "place" },
      "geometry": { "type": "Point", "coordinates": [-85.6929, 32.387] }
    },
    {
      "type": "Feature",
      "properties": { "k": "place" },
      "geometry": { "type": "Point", "coordinates": [-85.6929, 32.387] }
    },
    {
      "type": "Feature",
      "properties": { "k": "invention" },
      "geometry": { "type": "Point", "coordinates": [-85.691, 32.424] }
    },
    {
      "type": "Feature",
      "properties": { "k": "place" },
      "geometry": { "type": "Point", "coordinates": [-85.6798, 32.4554] }
    },
    {
      "type": "Feature",
      "properties": { "k": "place" },
      "geometry": { "type": "Point", "coordinates": [-85.6804, 32.4572] }
    },
    {
      "type": "Feature",
      "properties": { "k": "organization" },
      "geometry": { "type": "Point", "coordinates": [-85.68, 32.4592] }
    },
    {
      "type": "Feature",
      "properties": { "k": "place" },
      "geometry": { "type": "Point", "coordinates": [-85.6817, 32.5187] }
    },
    {
      "type": "Feature",
      "properties": { "k": "place" },
      "geometry": { "type": "Point", "coordinates": [-85.678, 32.5277] }
    },
    {
      "type": "Feature",
      "properties": { "k": "school" },
      "geometry": { "type": "Point", "coordinates": [-85.6676, 32.5564] }
    },
    {
      "type": "Feature",
      "properties": { "k": "place" },
      "geometry": { "type": "Point", "coordinates": [-85.4732, 32.6039] }
    },
    {
      "type": "Feature",
      "properties": { "k": "place" },
      "geometry": { "type": "Point", "coordinates": [-85.1325, 32.3461] }
    },
    {
      "type": "Feature",
      "properties": { "k": "place" },
      "geometry": { "type": "Point", "coordinates": [-85.3834, 32.638] }
    },
    {
      "type": "Feature",
      "properties": { "k": "place" },
      "geometry": { "type": "Point", "coordinates": [-85.4038, 32.8918] }
    },
    {
      "type": "Feature",
      "properties": { "k": "place" },
      "geometry": { "type": "Point", "coordinates": [-85.2854, 32.9436] }
    },
    {
      "type": "Feature",
      "properties": { "k": "place" },
      "geometry": { "type": "Point", "coordinates": [-84.9823, 32.4614] }
    },
    {
      "type": "Feature",
      "properties": { "k": "place" },
      "geometry": { "type": "Point", "coordinates": [-84.9866, 32.4612] }
    },
    {
      "type": "Feature",
      "properties": { "k": "place" },
      "geometry": { "type": "Point", "coordinates": [-84.9853, 32.4758] }
    },
    {
      "type": "Feature",
      "properties": { "k": "place" },
      "geometry": { "type": "Point", "coordinates": [-84.9888, 32.4767] }
    },
    {
      "type": "Feature",
      "properties": { "k": "place" },
      "geometry": { "type": "Point", "coordinates": [-84.9888, 32.4765] }
    },
    {
      "type": "Feature",
      "properties": { "k": "place" },
      "geometry": { "type": "Point", "coordinates": [-84.987, 32.4845] }
    },
    {
      "type": "Feature",
      "properties": { "k": "person" },
      "geometry": { "type": "Point", "coordinates": [-84.9781, 32.4852] }
    },
    {
      "type": "Feature",
      "properties": { "k": "place" },
      "geometry": { "type": "Point", "coordinates": [-84.7818, 32.8074] }
    },
    {
      "type": "Feature",
      "properties": { "k": "place" },
      "geometry": { "type": "Point", "coordinates": [-85.0284, 33.0345] }
    },
    {
      "type": "Feature",
      "properties": { "k": "place" },
      "geometry": { "type": "Point", "coordinates": [-84.6848, 32.8991] }
    },
    {
      "type": "Feature",
      "properties": { "k": "place" },
      "geometry": { "type": "Point", "coordinates": [-84.6671, 33.0293] }
    },
    {
      "type": "Feature",
      "properties": { "k": "place" },
      "geometry": { "type": "Point", "coordinates": [-84.9122, 33.1732] }
    },
    {
      "type": "Feature",
      "properties": { "k": "place" },
      "geometry": { "type": "Point", "coordinates": [-84.7621, 33.3529] }
    },
    {
      "type": "Feature",
      "properties": { "k": "place" },
      "geometry": { "type": "Point", "coordinates": [-84.7621, 33.3529] }
    },
    {
      "type": "Feature",
      "properties": { "k": "place" },
      "geometry": { "type": "Point", "coordinates": [-84.4094, 33.3978] }
    },
    {
      "type": "Feature",
      "properties": { "k": "place" },
      "geometry": { "type": "Point", "coordinates": [-84.785, 33.4156] }
    },
    {
      "type": "Feature",
      "properties": { "k": "place" },
      "geometry": { "type": "Point", "coordinates": [-84.8277, 33.6067] }
    },
    {
      "type": "Feature",
      "properties": { "k": "place" },
      "geometry": { "type": "Point", "coordinates": [-84.7501, 33.75] }
    },
    {
      "type": "Feature",
      "properties": { "k": "place" },
      "geometry": { "type": "Point", "coordinates": [-84.6576, 33.7078] }
    },
    {
      "type": "Feature",
      "properties": { "k": "organization" },
      "geometry": { "type": "Point", "coordinates": [-84.388, 33.749] }
    },
    {
      "type": "Feature",
      "properties": { "k": "person" },
      "geometry": { "type": "Point", "coordinates": [-84.3882, 33.7488] }
    },
    {
      "type": "Feature",
      "properties": { "k": "case" },
      "geometry": { "type": "Point", "coordinates": [-84.388, 33.749] }
    },
    {
      "type": "Feature",
      "properties": { "k": "person" },
      "geometry": { "type": "Point", "coordinates": [-84.3882, 33.7488] }
    },
    {
      "type": "Feature",
      "properties": { "k": "movement" },
      "geometry": { "type": "Point", "coordinates": [-84.4074, 33.7368] }
    },
    {
      "type": "Feature",
      "properties": { "k": "organization" },
      "geometry": { "type": "Point", "coordinates": [-84.388, 33.749] }
    },
    {
      "type": "Feature",
      "properties": { "k": "invention" },
      "geometry": { "type": "Point", "coordinates": [-84.388, 33.749] }
    },
    {
      "type": "Feature",
      "properties": { "k": "school" },
      "geometry": { "type": "Point", "coordinates": [-84.411, 33.746] }
    },
    {
      "type": "Feature",
      "properties": { "k": "school" },
      "geometry": { "type": "Point", "coordinates": [-84.4153, 33.7467] }
    },
    {
      "type": "Feature",
      "properties": { "k": "person" },
      "geometry": { "type": "Point", "coordinates": [-84.3903, 33.749] }
    },
    {
      "type": "Feature",
      "properties": { "k": "movement" },
      "geometry": { "type": "Point", "coordinates": [-84.388, 33.749] }
    },
    {
      "type": "Feature",
      "properties": { "k": "place" },
      "geometry": { "type": "Point", "coordinates": [-84.4119, 33.7429] }
    },
    {
      "type": "Feature",
      "properties": { "k": "place" },
      "geometry": { "type": "Point", "coordinates": [-84.3959, 33.7268] }
    },
    {
      "type": "Feature",
      "properties": { "k": "place" },
      "geometry": { "type": "Point", "coordinates": [-82.7353, 28.1484] }
    },
    {
      "type": "Feature",
      "properties": { "k": "place" },
      "geometry": { "type": "Point", "coordinates": [-82.1903, 28.2461] }
    },
    {
      "type": "Feature",
      "properties": { "k": "place" },
      "geometry": { "type": "Point", "coordinates": [-82.0695, 28.7133] }
    },
    {
      "type": "Feature",
      "properties": { "k": "place" },
      "geometry": { "type": "Point", "coordinates": [-81.8951, 28.7502] }
    },
    {
      "type": "Feature",
      "properties": { "k": "place" },
      "geometry": { "type": "Point", "coordinates": [-81.6382, 28.8093] }
    },
    {
      "type": "Feature",
      "properties": { "k": "law" },
      "geometry": { "type": "Point", "coordinates": [-82.9319, 29.2392] }
    },
    {
      "type": "Feature",
      "properties": { "k": "event" },
      "geometry": { "type": "Point", "coordinates": [-82.9258, 29.2368] }
    },
    {
      "type": "Feature",
      "properties": { "k": "place" },
      "geometry": { "type": "Point", "coordinates": [-82.79, 29.28] }
    },
    {
      "type": "Feature",
      "properties": { "k": "place" },
      "geometry": { "type": "Point", "coordinates": [-82.1366, 29.1814] }
    },
    {
      "type": "Feature",
      "properties": { "k": "place" },
      "geometry": { "type": "Point", "coordinates": [-82.0431, 29.2028] }
    },
    {
      "type": "Feature",
      "properties": { "k": "place" },
      "geometry": { "type": "Point", "coordinates": [-82.0431, 29.2028] }
    },
    {
      "type": "Feature",
      "properties": { "k": "place" },
      "geometry": { "type": "Point", "coordinates": [-82.0431, 29.2028] }
    },
    {
      "type": "Feature",
      "properties": { "k": "person" },
      "geometry": { "type": "Point", "coordinates": [-84.28, 30.44] }
    },
    {
      "type": "Feature",
      "properties": { "k": "place" },
      "geometry": { "type": "Point", "coordinates": [-84.2929, 30.4491] }
    },
    {
      "type": "Feature",
      "properties": { "k": "school" },
      "geometry": { "type": "Point", "coordinates": [-84.2845, 30.4178] }
    },
    {
      "type": "Feature",
      "properties": { "k": "place" },
      "geometry": { "type": "Point", "coordinates": [-84.2719, 30.4366] }
    },
    {
      "type": "Feature",
      "properties": { "k": "place" },
      "geometry": { "type": "Point", "coordinates": [-84.2835, 30.4227] }
    },
    {
      "type": "Feature",
      "properties": { "k": "place" },
      "geometry": { "type": "Point", "coordinates": [-84.2863, 30.4459] }
    },
    {
      "type": "Feature",
      "properties": { "k": "place" },
      "geometry": { "type": "Point", "coordinates": [-84.2785, 30.4353] }
    },
    {
      "type": "Feature",
      "properties": { "k": "place" },
      "geometry": { "type": "Point", "coordinates": [-84.2854, 30.4262] }
    },
    {
      "type": "Feature",
      "properties": { "k": "person" },
      "geometry": { "type": "Point", "coordinates": [-84.2807, 30.4383] }
    },
    {
      "type": "Feature",
      "properties": { "k": "place" },
      "geometry": { "type": "Point", "coordinates": [-84.2774, 30.4395] }
    },
    {
      "type": "Feature",
      "properties": { "k": "place" },
      "geometry": { "type": "Point", "coordinates": [-84.2778, 30.4593] }
    },
    {
      "type": "Feature",
      "properties": { "k": "place" },
      "geometry": { "type": "Point", "coordinates": [-84.2778, 30.4593] }
    },
    {
      "type": "Feature",
      "properties": { "k": "place" },
      "geometry": { "type": "Point", "coordinates": [-84.2778, 30.4593] }
    },
    {
      "type": "Feature",
      "properties": { "k": "place" },
      "geometry": { "type": "Point", "coordinates": [-84.2778, 30.4593] }
    },
    {
      "type": "Feature",
      "properties": { "k": "place" },
      "geometry": { "type": "Point", "coordinates": [-84.3279, 30.5433] }
    },
    {
      "type": "Feature",
      "properties": { "k": "place" },
      "geometry": { "type": "Point", "coordinates": [-83.9218, 30.3969] }
    },
    {
      "type": "Feature",
      "properties": { "k": "place" },
      "geometry": { "type": "Point", "coordinates": [-83.8646, 30.5518] }
    },
    {
      "type": "Feature",
      "properties": { "k": "place" },
      "geometry": { "type": "Point", "coordinates": [-84.1685, 30.7211] }
    },
    {
      "type": "Feature",
      "properties": { "k": "place" },
      "geometry": { "type": "Point", "coordinates": [-84.1368, 30.728] }
    },
    {
      "type": "Feature",
      "properties": { "k": "place" },
      "geometry": { "type": "Point", "coordinates": [-84.0924, 30.757] }
    },
    {
      "type": "Feature",
      "properties": { "k": "place" },
      "geometry": { "type": "Point", "coordinates": [-84.3292, 30.8846] }
    },
    {
      "type": "Feature",
      "properties": { "k": "place" },
      "geometry": { "type": "Point", "coordinates": [-84.0639, 30.7802] }
    },
    {
      "type": "Feature",
      "properties": { "k": "place" },
      "geometry": { "type": "Point", "coordinates": [-83.988, 30.8397] }
    },
    {
      "type": "Feature",
      "properties": { "k": "place" },
      "geometry": { "type": "Point", "coordinates": [-83.9198, 30.8646] }
    },
    {
      "type": "Feature",
      "properties": { "k": "place" },
      "geometry": { "type": "Point", "coordinates": [-83.9198, 30.8646] }
    },
    {
      "type": "Feature",
      "properties": { "k": "place" },
      "geometry": { "type": "Point", "coordinates": [-83.9198, 30.8646] }
    },
    {
      "type": "Feature",
      "properties": { "k": "place" },
      "geometry": { "type": "Point", "coordinates": [-83.4704, 30.4472] }
    },
    {
      "type": "Feature",
      "properties": { "k": "place" },
      "geometry": { "type": "Point", "coordinates": [-83.5819, 30.8229] }
    },
    {
      "type": "Feature",
      "properties": { "k": "place" },
      "geometry": { "type": "Point", "coordinates": [-83.269, 30.8331] }
    },
    {
      "type": "Feature",
      "properties": { "k": "place" },
      "geometry": { "type": "Point", "coordinates": [-82.4232, 29.6762] }
    },
    {
      "type": "Feature",
      "properties": { "k": "place" },
      "geometry": { "type": "Point", "coordinates": [-82.335, 29.6592] }
    },
    {
      "type": "Feature",
      "properties": { "k": "place" },
      "geometry": { "type": "Point", "coordinates": [-82.3297, 29.6465] }
    },
    {
      "type": "Feature",
      "properties": { "k": "place" },
      "geometry": { "type": "Point", "coordinates": [-81.8841, 29.6299] }
    },
    {
      "type": "Feature",
      "properties": { "k": "person" },
      "geometry": { "type": "Point", "coordinates": [-81.6595, 29.6577] }
    },
    {
      "type": "Feature",
      "properties": { "k": "place" },
      "geometry": { "type": "Point", "coordinates": [-81.6404, 29.6555] }
    },
    {
      "type": "Feature",
      "properties": { "k": "place" },
      "geometry": { "type": "Point", "coordinates": [-81.7039, 30.1671] }
    },
    {
      "type": "Feature",
      "properties": { "k": "place" },
      "geometry": { "type": "Point", "coordinates": [-81.7058, 30.1674] }
    },
    {
      "type": "Feature",
      "properties": { "k": "place" },
      "geometry": { "type": "Point", "coordinates": [-81.6092, 30.322] }
    },
    {
      "type": "Feature",
      "properties": { "k": "place" },
      "geometry": { "type": "Point", "coordinates": [-81.6687, 30.3313] }
    },
    {
      "type": "Feature",
      "properties": { "k": "place" },
      "geometry": { "type": "Point", "coordinates": [-81.6748, 30.3484] }
    },
    {
      "type": "Feature",
      "properties": { "k": "place" },
      "geometry": { "type": "Point", "coordinates": [-81.6643, 30.3311] }
    },
    {
      "type": "Feature",
      "properties": { "k": "place" },
      "geometry": { "type": "Point", "coordinates": [-81.6849, 30.3448] }
    },
    {
      "type": "Feature",
      "properties": { "k": "place" },
      "geometry": { "type": "Point", "coordinates": [-81.6668, 30.3351] }
    },
    {
      "type": "Feature",
      "properties": { "k": "place" },
      "geometry": { "type": "Point", "coordinates": [-81.6844, 30.345] }
    },
    {
      "type": "Feature",
      "properties": { "k": "place" },
      "geometry": { "type": "Point", "coordinates": [-81.6481, 30.3352] }
    },
    {
      "type": "Feature",
      "properties": { "k": "place" },
      "geometry": { "type": "Point", "coordinates": [-81.6481, 30.3352] }
    },
    {
      "type": "Feature",
      "properties": { "k": "place" },
      "geometry": { "type": "Point", "coordinates": [-81.6481, 30.3352] }
    },
    {
      "type": "Feature",
      "properties": { "k": "place" },
      "geometry": { "type": "Point", "coordinates": [-81.6481, 30.3352] }
    },
    {
      "type": "Feature",
      "properties": { "k": "place" },
      "geometry": { "type": "Point", "coordinates": [-81.6481, 30.3352] }
    },
    {
      "type": "Feature",
      "properties": { "k": "place" },
      "geometry": { "type": "Point", "coordinates": [-81.6481, 30.3352] }
    },
    {
      "type": "Feature",
      "properties": { "k": "place" },
      "geometry": { "type": "Point", "coordinates": [-81.6481, 30.3352] }
    },
    {
      "type": "Feature",
      "properties": { "k": "place" },
      "geometry": { "type": "Point", "coordinates": [-81.6481, 30.3352] }
    },
    {
      "type": "Feature",
      "properties": { "k": "place" },
      "geometry": { "type": "Point", "coordinates": [-81.6357, 30.3311] }
    },
    {
      "type": "Feature",
      "properties": { "k": "person" },
      "geometry": { "type": "Point", "coordinates": [-81.39, 28.62] }
    },
    {
      "type": "Feature",
      "properties": { "k": "person" },
      "geometry": { "type": "Point", "coordinates": [-81.5276, 28.5933] }
    },
    {
      "type": "Feature",
      "properties": { "k": "event" },
      "geometry": { "type": "Point", "coordinates": [-81.5276, 28.5933] }
    },
    {
      "type": "Feature",
      "properties": { "k": "place" },
      "geometry": { "type": "Point", "coordinates": [-81.5156, 28.5908] }
    },
    {
      "type": "Feature",
      "properties": { "k": "place" },
      "geometry": { "type": "Point", "coordinates": [-81.3906, 28.6167] }
    },
    {
      "type": "Feature",
      "properties": { "k": "place" },
      "geometry": { "type": "Point", "coordinates": [-81.3233, 28.5144] }
    },
    {
      "type": "Feature",
      "properties": { "k": "place" },
      "geometry": { "type": "Point", "coordinates": [-81.3233, 28.5144] }
    },
    {
      "type": "Feature",
      "properties": { "k": "place" },
      "geometry": { "type": "Point", "coordinates": [-81.3233, 28.5144] }
    },
    {
      "type": "Feature",
      "properties": { "k": "place" },
      "geometry": { "type": "Point", "coordinates": [-81.3856, 28.5384] }
    },
    {
      "type": "Feature",
      "properties": { "k": "person" },
      "geometry": { "type": "Point", "coordinates": [-81.3294, 28.7933] }
    },
    {
      "type": "Feature",
      "properties": { "k": "person" },
      "geometry": { "type": "Point", "coordinates": [-81.285, 28.8013] }
    },
    {
      "type": "Feature",
      "properties": { "k": "place" },
      "geometry": { "type": "Point", "coordinates": [-81.2624, 28.8022] }
    },
    {
      "type": "Feature",
      "properties": { "k": "place" },
      "geometry": { "type": "Point", "coordinates": [-81.2636, 28.8048] }
    },
    {
      "type": "Feature",
      "properties": { "k": "place" },
      "geometry": { "type": "Point", "coordinates": [-81.132, 28.6901] }
    },
    {
      "type": "Feature",
      "properties": { "k": "place" },
      "geometry": { "type": "Point", "coordinates": [-80.7388, 28.3543] }
    },
    {
      "type": "Feature",
      "properties": { "k": "place" },
      "geometry": { "type": "Point", "coordinates": [-81.2966, 28.939] }
    },
    {
      "type": "Feature",
      "properties": { "k": "place" },
      "geometry": { "type": "Point", "coordinates": [-81.3072, 29.0244] }
    },
    {
      "type": "Feature",
      "properties": { "k": "place" },
      "geometry": { "type": "Point", "coordinates": [-81.3474, 29.1145] }
    },
    {
      "type": "Feature",
      "properties": { "k": "place" },
      "geometry": { "type": "Point", "coordinates": [-81.1618, 29.0578] }
    },
    {
      "type": "Feature",
      "properties": { "k": "place" },
      "geometry": { "type": "Point", "coordinates": [-80.933, 29.0245] }
    },
    {
      "type": "Feature",
      "properties": { "k": "place" },
      "geometry": { "type": "Point", "coordinates": [-81.3092, 29.5053] }
    },
    {
      "type": "Feature",
      "properties": { "k": "place" },
      "geometry": { "type": "Point", "coordinates": [-81.0398, 29.213] }
    },
    {
      "type": "Feature",
      "properties": { "k": "place" },
      "geometry": { "type": "Point", "coordinates": [-81.0319, 29.2126] }
    },
    {
      "type": "Feature",
      "properties": { "k": "place" },
      "geometry": { "type": "Point", "coordinates": [-81.0163, 29.2096] }
    },
    {
      "type": "Feature",
      "properties": { "k": "place" },
      "geometry": { "type": "Point", "coordinates": [-81.0218, 29.1986] }
    },
    {
      "type": "Feature",
      "properties": { "k": "place" },
      "geometry": { "type": "Point", "coordinates": [-81.0324, 29.2123] }
    },
    {
      "type": "Feature",
      "properties": { "k": "place" },
      "geometry": { "type": "Point", "coordinates": [-81.0317, 29.2123] }
    },
    {
      "type": "Feature",
      "properties": { "k": "place" },
      "geometry": { "type": "Point", "coordinates": [-81.0329, 29.2072] }
    },
    {
      "type": "Feature",
      "properties": { "k": "place" },
      "geometry": { "type": "Point", "coordinates": [-81.4, 29.8905] }
    },
    {
      "type": "Feature",
      "properties": { "k": "place" },
      "geometry": { "type": "Point", "coordinates": [-81.3114, 29.8978] }
    },
    {
      "type": "Feature",
      "properties": { "k": "place" },
      "geometry": { "type": "Point", "coordinates": [-81.3151, 29.8856] }
    },
    {
      "type": "Feature",
      "properties": { "k": "movement" },
      "geometry": { "type": "Point", "coordinates": [-81.3112, 29.8946] }
    },
    {
      "type": "Feature",
      "properties": { "k": "place" },
      "geometry": { "type": "Point", "coordinates": [-81.3254, 29.9278] }
    },
    {
      "type": "Feature",
      "properties": { "k": "place" },
      "geometry": { "type": "Point", "coordinates": [-81.512, 30.3651] }
    },
    {
      "type": "Feature",
      "properties": { "k": "place" },
      "geometry": { "type": "Point", "coordinates": [-81.4976, 30.3861] }
    },
    {
      "type": "Feature",
      "properties": { "k": "place" },
      "geometry": { "type": "Point", "coordinates": [-81.4376, 30.44] }
    },
    {
      "type": "Feature",
      "properties": { "k": "place" },
      "geometry": { "type": "Point", "coordinates": [-81.5188, 30.5785] }
    },
    {
      "type": "Feature",
      "properties": { "k": "place" },
      "geometry": { "type": "Point", "coordinates": [-81.447, 30.5757] }
    },
    {
      "type": "Feature",
      "properties": { "k": "place" },
      "geometry": { "type": "Point", "coordinates": [-81.444, 30.5735] }
    },
    {
      "type": "Feature",
      "properties": { "k": "place" },
      "geometry": { "type": "Point", "coordinates": [-81.4442, 30.5751] }
    },
    {
      "type": "Feature",
      "properties": { "k": "place" },
      "geometry": { "type": "Point", "coordinates": [-84.2079, 31.2366] }
    },
    {
      "type": "Feature",
      "properties": { "k": "place" },
      "geometry": { "type": "Point", "coordinates": [-83.7937, 31.182] }
    },
    {
      "type": "Feature",
      "properties": { "k": "place" },
      "geometry": { "type": "Point", "coordinates": [-84.3467, 31.4247] }
    },
    {
      "type": "Feature",
      "properties": { "k": "place" },
      "geometry": { "type": "Point", "coordinates": [-84.209, 31.5326] }
    },
    {
      "type": "Feature",
      "properties": { "k": "person" },
      "geometry": { "type": "Point", "coordinates": [-84.1557, 31.5785] }
    },
    {
      "type": "Feature",
      "properties": { "k": "person" },
      "geometry": { "type": "Point", "coordinates": [-84.1619, 31.5678] }
    },
    {
      "type": "Feature",
      "properties": { "k": "place" },
      "geometry": { "type": "Point", "coordinates": [-84.1556, 31.572] }
    },
    {
      "type": "Feature",
      "properties": { "k": "person" },
      "geometry": { "type": "Point", "coordinates": [-84.1619, 31.5678] }
    },
    {
      "type": "Feature",
      "properties": { "k": "movement" },
      "geometry": { "type": "Point", "coordinates": [-84.1557, 31.5785] }
    },
    {
      "type": "Feature",
      "properties": { "k": "place" },
      "geometry": { "type": "Point", "coordinates": [-84.1541, 31.5774] }
    },
    {
      "type": "Feature",
      "properties": { "k": "place" },
      "geometry": { "type": "Point", "coordinates": [-84.1418, 31.5693] }
    },
    {
      "type": "Feature",
      "properties": { "k": "school" },
      "geometry": { "type": "Point", "coordinates": [-84.142, 31.569] }
    },
    {
      "type": "Feature",
      "properties": { "k": "place" },
      "geometry": { "type": "Point", "coordinates": [-83.2238, 31.3784] }
    },
    {
      "type": "Feature",
      "properties": { "k": "place" },
      "geometry": { "type": "Point", "coordinates": [-84.3589, 31.8291] }
    },
    {
      "type": "Feature",
      "properties": { "k": "place" },
      "geometry": { "type": "Point", "coordinates": [-83.7565, 31.9203] }
    },
    {
      "type": "Feature",
      "properties": { "k": "place" },
      "geometry": { "type": "Point", "coordinates": [-84.2322, 32.0774] }
    },
    {
      "type": "Feature",
      "properties": { "k": "place" },
      "geometry": { "type": "Point", "coordinates": [-84.2273, 32.0775] }
    },
    {
      "type": "Feature",
      "properties": { "k": "place" },
      "geometry": { "type": "Point", "coordinates": [-84.2336, 32.0772] }
    },
    {
      "type": "Feature",
      "properties": { "k": "place" },
      "geometry": { "type": "Point", "coordinates": [-84.2043, 32.0423] }
    },
    {
      "type": "Feature",
      "properties": { "k": "place" },
      "geometry": { "type": "Point", "coordinates": [-84.0224, 32.0527] }
    },
    {
      "type": "Feature",
      "properties": { "k": "place" },
      "geometry": { "type": "Point", "coordinates": [-83.7833, 32.0929] }
    },
    {
      "type": "Feature",
      "properties": { "k": "place" },
      "geometry": { "type": "Point", "coordinates": [-83.7838, 32.0917] }
    },
    {
      "type": "Feature",
      "properties": { "k": "place" },
      "geometry": { "type": "Point", "coordinates": [-83.4383, 31.9627] }
    },
    {
      "type": "Feature",
      "properties": { "k": "place" },
      "geometry": { "type": "Point", "coordinates": [-83.2564, 31.7156] }
    },
    {
      "type": "Feature",
      "properties": { "k": "place" },
      "geometry": { "type": "Point", "coordinates": [-83.473, 32.2891] }
    },
    {
      "type": "Feature",
      "properties": { "k": "place" },
      "geometry": { "type": "Point", "coordinates": [-83.1749, 32.1951] }
    },
    {
      "type": "Feature",
      "properties": { "k": "place" },
      "geometry": { "type": "Point", "coordinates": [-83.1799, 32.191] }
    },
    {
      "type": "Feature",
      "properties": { "k": "place" },
      "geometry": { "type": "Point", "coordinates": [-82.3433, 31.2101] }
    },
    {
      "type": "Feature",
      "properties": { "k": "place" },
      "geometry": { "type": "Point", "coordinates": [-82.5333, 32.1721] }
    },
    {
      "type": "Feature",
      "properties": { "k": "place" },
      "geometry": { "type": "Point", "coordinates": [-84.0512, 32.3627] }
    },
    {
      "type": "Feature",
      "properties": { "k": "place" },
      "geometry": { "type": "Point", "coordinates": [-83.8966, 32.54] }
    },
    {
      "type": "Feature",
      "properties": { "k": "place" },
      "geometry": { "type": "Point", "coordinates": [-83.8954, 32.5376] }
    },
    {
      "type": "Feature",
      "properties": { "k": "place" },
      "geometry": { "type": "Point", "coordinates": [-83.8849, 32.5454] }
    },
    {
      "type": "Feature",
      "properties": { "k": "place" },
      "geometry": { "type": "Point", "coordinates": [-83.9792, 32.7094] }
    },
    {
      "type": "Feature",
      "properties": { "k": "place" },
      "geometry": { "type": "Point", "coordinates": [-83.6941, 32.809] }
    },
    {
      "type": "Feature",
      "properties": { "k": "place" },
      "geometry": { "type": "Point", "coordinates": [-83.6941, 32.809] }
    },
    {
      "type": "Feature",
      "properties": { "k": "place" },
      "geometry": { "type": "Point", "coordinates": [-83.9543, 33.0235] }
    },
    {
      "type": "Feature",
      "properties": { "k": "place" },
      "geometry": { "type": "Point", "coordinates": [-83.6258, 32.8355] }
    },
    {
      "type": "Feature",
      "properties": { "k": "place" },
      "geometry": { "type": "Point", "coordinates": [-83.6139, 32.829] }
    },
    {
      "type": "Feature",
      "properties": { "k": "place" },
      "geometry": { "type": "Point", "coordinates": [-84.1467, 33.0744] }
    },
    {
      "type": "Feature",
      "properties": { "k": "person" },
      "geometry": { "type": "Point", "coordinates": [-84.27, 33.25] }
    },
    {
      "type": "Feature",
      "properties": { "k": "place" },
      "geometry": { "type": "Point", "coordinates": [-83.8514, 33.5528] }
    },
    {
      "type": "Feature",
      "properties": { "k": "place" },
      "geometry": { "type": "Point", "coordinates": [-83.8514, 33.5528] }
    },
    {
      "type": "Feature",
      "properties": { "k": "place" },
      "geometry": { "type": "Point", "coordinates": [-83.8514, 33.5528] }
    },
    {
      "type": "Feature",
      "properties": { "k": "place" },
      "geometry": { "type": "Point", "coordinates": [-83.8514, 33.5528] }
    },
    {
      "type": "Feature",
      "properties": { "k": "place" },
      "geometry": { "type": "Point", "coordinates": [-83.7296, 33.5463] }
    },
    {
      "type": "Feature",
      "properties": { "k": "person" },
      "geometry": { "type": "Point", "coordinates": [-83.39, 33.33] }
    },
    {
      "type": "Feature",
      "properties": { "k": "place" },
      "geometry": { "type": "Point", "coordinates": [-83.2555, 33.0595] }
    },
    {
      "type": "Feature",
      "properties": { "k": "place" },
      "geometry": { "type": "Point", "coordinates": [-83.0005, 33.2692] }
    },
    {
      "type": "Feature",
      "properties": { "k": "place" },
      "geometry": { "type": "Point", "coordinates": [-83.4994, 33.5986] }
    },
    {
      "type": "Feature",
      "properties": { "k": "place" },
      "geometry": { "type": "Point", "coordinates": [-83.1739, 33.5845] }
    },
    {
      "type": "Feature",
      "properties": { "k": "place" },
      "geometry": { "type": "Point", "coordinates": [-83.1666, 33.5767] }
    },
    {
      "type": "Feature",
      "properties": { "k": "place" },
      "geometry": { "type": "Point", "coordinates": [-83.1666, 33.5767] }
    },
    {
      "type": "Feature",
      "properties": { "k": "place" },
      "geometry": { "type": "Point", "coordinates": [-82.9263, 32.3932] }
    },
    {
      "type": "Feature",
      "properties": { "k": "place" },
      "geometry": { "type": "Point", "coordinates": [-82.7981, 32.9718] }
    },
    {
      "type": "Feature",
      "properties": { "k": "place" },
      "geometry": { "type": "Point", "coordinates": [-82.8165, 32.9773] }
    },
    {
      "type": "Feature",
      "properties": { "k": "place" },
      "geometry": { "type": "Point", "coordinates": [-82.0237, 32.9021] }
    },
    {
      "type": "Feature",
      "properties": { "k": "place" },
      "geometry": { "type": "Point", "coordinates": [-81.7022, 32.9844] }
    },
    {
      "type": "Feature",
      "properties": { "k": "place" },
      "geometry": { "type": "Point", "coordinates": [-82.42, 33.0582] }
    },
    {
      "type": "Feature",
      "properties": { "k": "person" },
      "geometry": { "type": "Point", "coordinates": [-82.6628, 33.4075] }
    },
    {
      "type": "Feature",
      "properties": { "k": "place" },
      "geometry": { "type": "Point", "coordinates": [-82.4796, 33.4806] }
    },
    {
      "type": "Feature",
      "properties": { "k": "place" },
      "geometry": { "type": "Point", "coordinates": [-82.134, 33.2097] }
    },
    {
      "type": "Feature",
      "properties": { "k": "place" },
      "geometry": { "type": "Point", "coordinates": [-82.075, 33.3615] }
    },
    {
      "type": "Feature",
      "properties": { "k": "place" },
      "geometry": { "type": "Point", "coordinates": [-82.075, 33.3615] }
    },
    {
      "type": "Feature",
      "properties": { "k": "place" },
      "geometry": { "type": "Point", "coordinates": [-82.075, 33.3615] }
    },
    {
      "type": "Feature",
      "properties": { "k": "place" },
      "geometry": { "type": "Point", "coordinates": [-82.075, 33.3615] }
    },
    {
      "type": "Feature",
      "properties": { "k": "place" },
      "geometry": { "type": "Point", "coordinates": [-81.728, 33.0557] }
    },
    {
      "type": "Feature",
      "properties": { "k": "place" },
      "geometry": { "type": "Point", "coordinates": [-81.9818, 33.4699] }
    },
    {
      "type": "Feature",
      "properties": { "k": "place" },
      "geometry": { "type": "Point", "coordinates": [-81.9984, 33.4589] }
    },
    {
      "type": "Feature",
      "properties": { "k": "place" },
      "geometry": { "type": "Point", "coordinates": [-81.9932, 33.4695] }
    },
    {
      "type": "Feature",
      "properties": { "k": "place" },
      "geometry": { "type": "Point", "coordinates": [-81.9717, 33.4786] }
    },
    {
      "type": "Feature",
      "properties": { "k": "place" },
      "geometry": { "type": "Point", "coordinates": [-82.1246, 33.6098] }
    },
    {
      "type": "Feature",
      "properties": { "k": "person" },
      "geometry": { "type": "Point", "coordinates": [-81.7194, 33.553] }
    },
    {
      "type": "Feature",
      "properties": { "k": "place" },
      "geometry": { "type": "Point", "coordinates": [-81.717, 33.561] }
    },
    {
      "type": "Feature",
      "properties": { "k": "place" },
      "geometry": { "type": "Point", "coordinates": [-81.7212, 33.5609] }
    },
    {
      "type": "Feature",
      "properties": { "k": "place" },
      "geometry": { "type": "Point", "coordinates": [-81.633, 33.55] }
    },
    {
      "type": "Feature",
      "properties": { "k": "place" },
      "geometry": { "type": "Point", "coordinates": [-81.633, 33.55] }
    },
    {
      "type": "Feature",
      "properties": { "k": "person" },
      "geometry": { "type": "Point", "coordinates": [-81.5561, 31.1242] }
    },
    {
      "type": "Feature",
      "properties": { "k": "place" },
      "geometry": { "type": "Point", "coordinates": [-81.4904, 31.1555] }
    },
    {
      "type": "Feature",
      "properties": { "k": "place" },
      "geometry": { "type": "Point", "coordinates": [-81.4114, 31.1669] }
    },
    {
      "type": "Feature",
      "properties": { "k": "place" },
      "geometry": { "type": "Point", "coordinates": [-81.4964, 31.2127] }
    },
    {
      "type": "Feature",
      "properties": { "k": "place" },
      "geometry": { "type": "Point", "coordinates": [-81.4964, 31.2127] }
    },
    {
      "type": "Feature",
      "properties": { "k": "place" },
      "geometry": { "type": "Point", "coordinates": [-81.4409, 31.2819] }
    },
    {
      "type": "Feature",
      "properties": { "k": "event" },
      "geometry": { "type": "Point", "coordinates": [-81.3862, 31.1897] }
    },
    {
      "type": "Feature",
      "properties": { "k": "place" },
      "geometry": { "type": "Point", "coordinates": [-81.4537, 31.305] }
    },
    {
      "type": "Feature",
      "properties": { "k": "place" },
      "geometry": { "type": "Point", "coordinates": [-81.281, 31.4287] }
    },
    {
      "type": "Feature",
      "properties": { "k": "place" },
      "geometry": { "type": "Point", "coordinates": [-81.3721, 31.4856] }
    },
    {
      "type": "Feature",
      "properties": { "k": "place" },
      "geometry": { "type": "Point", "coordinates": [-81.3721, 31.4856] }
    },
    {
      "type": "Feature",
      "properties": { "k": "place" },
      "geometry": { "type": "Point", "coordinates": [-81.2322, 31.4669] }
    },
    {
      "type": "Feature",
      "properties": { "k": "place" },
      "geometry": { "type": "Point", "coordinates": [-81.4642, 31.8014] }
    },
    {
      "type": "Feature",
      "properties": { "k": "place" },
      "geometry": { "type": "Point", "coordinates": [-81.4653, 31.8008] }
    },
    {
      "type": "Feature",
      "properties": { "k": "place" },
      "geometry": { "type": "Point", "coordinates": [-81.3697, 31.7611] }
    },
    {
      "type": "Feature",
      "properties": { "k": "place" },
      "geometry": { "type": "Point", "coordinates": [-81.3192, 31.7442] }
    },
    {
      "type": "Feature",
      "properties": { "k": "place" },
      "geometry": { "type": "Point", "coordinates": [-81.249, 31.9779] }
    },
    {
      "type": "Feature",
      "properties": { "k": "place" },
      "geometry": { "type": "Point", "coordinates": [-81.2449, 31.9704] }
    },
    {
      "type": "Feature",
      "properties": { "k": "place" },
      "geometry": { "type": "Point", "coordinates": [-81.0923, 31.8384] }
    },
    {
      "type": "Feature",
      "properties": { "k": "place" },
      "geometry": { "type": "Point", "coordinates": [-81.138, 31.9585] }
    },
    {
      "type": "Feature",
      "properties": { "k": "place" },
      "geometry": { "type": "Point", "coordinates": [-81.0852, 31.9804] }
    },
    {
      "type": "Feature",
      "properties": { "k": "place" },
      "geometry": { "type": "Point", "coordinates": [-81.0852, 31.9804] }
    },
    {
      "type": "Feature",
      "properties": { "k": "place" },
      "geometry": { "type": "Point", "coordinates": [-81.0852, 31.9804] }
    },
    {
      "type": "Feature",
      "properties": { "k": "place" },
      "geometry": { "type": "Point", "coordinates": [-81.0852, 31.9804] }
    },
    {
      "type": "Feature",
      "properties": { "k": "place" },
      "geometry": { "type": "Point", "coordinates": [-81.0706, 31.9647] }
    },
    {
      "type": "Feature",
      "properties": { "k": "place" },
      "geometry": { "type": "Point", "coordinates": [-81.0715, 31.9877] }
    },
    {
      "type": "Feature",
      "properties": { "k": "place" },
      "geometry": { "type": "Point", "coordinates": [-81.0634, 32.0248] }
    },
    {
      "type": "Feature",
      "properties": { "k": "place" },
      "geometry": { "type": "Point", "coordinates": [-81.061, 32.0269] }
    },
    {
      "type": "Feature",
      "properties": { "k": "place" },
      "geometry": { "type": "Point", "coordinates": [-81.1155, 32.0731] }
    },
    {
      "type": "Feature",
      "properties": { "k": "place" },
      "geometry": { "type": "Point", "coordinates": [-81.1146, 32.0614] }
    },
    {
      "type": "Feature",
      "properties": { "k": "place" },
      "geometry": { "type": "Point", "coordinates": [-81.0994, 32.0651] }
    },
    {
      "type": "Feature",
      "properties": { "k": "person" },
      "geometry": { "type": "Point", "coordinates": [-81.0912, 32.0809] }
    },
    {
      "type": "Feature",
      "properties": { "k": "publication" },
      "geometry": { "type": "Point", "coordinates": [-81.0912, 32.0809] }
    },
    {
      "type": "Feature",
      "properties": { "k": "place" },
      "geometry": { "type": "Point", "coordinates": [-81.0963, 32.0814] }
    },
    {
      "type": "Feature",
      "properties": { "k": "place" },
      "geometry": { "type": "Point", "coordinates": [-81.16, 32.19] }
    },
    {
      "type": "Feature",
      "properties": { "k": "place" },
      "geometry": { "type": "Point", "coordinates": [-81.16, 32.19] }
    },
    {
      "type": "Feature",
      "properties": { "k": "place" },
      "geometry": { "type": "Point", "coordinates": [-80.8606, 32.2358] }
    },
    {
      "type": "Feature",
      "properties": { "k": "place" },
      "geometry": { "type": "Point", "coordinates": [-80.8147, 32.1289] }
    },
    {
      "type": "Feature",
      "properties": { "k": "place" },
      "geometry": { "type": "Point", "coordinates": [-80.6916, 32.2348] }
    },
    {
      "type": "Feature",
      "properties": { "k": "place" },
      "geometry": { "type": "Point", "coordinates": [-81.2376, 32.8639] }
    },
    {
      "type": "Feature",
      "properties": { "k": "place" },
      "geometry": { "type": "Point", "coordinates": [-81.3633, 32.9798] }
    },
    {
      "type": "Feature",
      "properties": { "k": "place" },
      "geometry": { "type": "Point", "coordinates": [-81.1206, 32.8681] }
    },
    {
      "type": "Feature",
      "properties": { "k": "person" },
      "geometry": { "type": "Point", "coordinates": [-80.58, 32.39] }
    },
    {
      "type": "Feature",
      "properties": { "k": "place" },
      "geometry": { "type": "Point", "coordinates": [-80.6894, 32.3581] }
    },
    {
      "type": "Feature",
      "properties": { "k": "place" },
      "geometry": { "type": "Point", "coordinates": [-80.6894, 32.3581] }
    },
    {
      "type": "Feature",
      "properties": { "k": "place" },
      "geometry": { "type": "Point", "coordinates": [-80.6894, 32.3581] }
    },
    {
      "type": "Feature",
      "properties": { "k": "place" },
      "geometry": { "type": "Point", "coordinates": [-80.6894, 32.3581] }
    },
    {
      "type": "Feature",
      "properties": { "k": "place" },
      "geometry": { "type": "Point", "coordinates": [-80.6198, 32.3893] }
    },
    {
      "type": "Feature",
      "properties": { "k": "place" },
      "geometry": { "type": "Point", "coordinates": [-80.5702, 32.3508] }
    },
    {
      "type": "Feature",
      "properties": { "k": "school" },
      "geometry": { "type": "Point", "coordinates": [-80.577, 32.378] }
    },
    {
      "type": "Feature",
      "properties": { "k": "place" },
      "geometry": { "type": "Point", "coordinates": [-80.5944, 32.4308] }
    },
    {
      "type": "Feature",
      "properties": { "k": "place" },
      "geometry": { "type": "Point", "coordinates": [-80.5756, 32.3897] }
    },
    {
      "type": "Feature",
      "properties": { "k": "place" },
      "geometry": { "type": "Point", "coordinates": [-80.5741, 32.398] }
    },
    {
      "type": "Feature",
      "properties": { "k": "place" },
      "geometry": { "type": "Point", "coordinates": [-80.5766, 32.3964] }
    },
    {
      "type": "Feature",
      "properties": { "k": "place" },
      "geometry": { "type": "Point", "coordinates": [-80.566, 32.3954] }
    },
    {
      "type": "Feature",
      "properties": { "k": "place" },
      "geometry": { "type": "Point", "coordinates": [-80.5603, 32.4301] }
    },
    {
      "type": "Feature",
      "properties": { "k": "place" },
      "geometry": { "type": "Point", "coordinates": [-80.6833, 32.4333] }
    },
    {
      "type": "Feature",
      "properties": { "k": "person" },
      "geometry": { "type": "Point", "coordinates": [-80.6683, 32.4353] }
    },
    {
      "type": "Feature",
      "properties": { "k": "place" },
      "geometry": { "type": "Point", "coordinates": [-80.6682, 32.4355] }
    },
    {
      "type": "Feature",
      "properties": { "k": "place" },
      "geometry": { "type": "Point", "coordinates": [-80.6772, 32.4389] }
    },
    {
      "type": "Feature",
      "properties": { "k": "place" },
      "geometry": { "type": "Point", "coordinates": [-80.5437, 32.4435] }
    },
    {
      "type": "Feature",
      "properties": { "k": "place" },
      "geometry": { "type": "Point", "coordinates": [-80.4756, 32.4328] }
    },
    {
      "type": "Feature",
      "properties": { "k": "place" },
      "geometry": { "type": "Point", "coordinates": [-80.2816, 32.5477] }
    },
    {
      "type": "Feature",
      "properties": { "k": "place" },
      "geometry": { "type": "Point", "coordinates": [-80.2571, 32.5697] }
    },
    {
      "type": "Feature",
      "properties": { "k": "place" },
      "geometry": { "type": "Point", "coordinates": [-80.2842, 32.5728] }
    },
    {
      "type": "Feature",
      "properties": { "k": "place" },
      "geometry": { "type": "Point", "coordinates": [-80.6619, 32.7769] }
    },
    {
      "type": "Feature",
      "properties": { "k": "event" },
      "geometry": { "type": "Point", "coordinates": [-80.528, 32.758] }
    },
    {
      "type": "Feature",
      "properties": { "k": "place" },
      "geometry": { "type": "Point", "coordinates": [-80.6564, 32.8494] }
    },
    {
      "type": "Feature",
      "properties": { "k": "place" },
      "geometry": { "type": "Point", "coordinates": [-80.3806, 32.7696] }
    },
    {
      "type": "Feature",
      "properties": { "k": "school" },
      "geometry": { "type": "Point", "coordinates": [-81.1282, 33.3091] }
    },
    {
      "type": "Feature",
      "properties": { "k": "place" },
      "geometry": { "type": "Point", "coordinates": [-81.1311, 33.3057] }
    },
    {
      "type": "Feature",
      "properties": { "k": "place" },
      "geometry": { "type": "Point", "coordinates": [-81.1279, 33.3072] }
    },
    {
      "type": "Feature",
      "properties": { "k": "place" },
      "geometry": { "type": "Point", "coordinates": [-81.1236, 33.3134] }
    },
    {
      "type": "Feature",
      "properties": { "k": "place" },
      "geometry": { "type": "Point", "coordinates": [-80.8601, 33.4863] }
    },
    {
      "type": "Feature",
      "properties": { "k": "place" },
      "geometry": { "type": "Point", "coordinates": [-80.8651, 33.493] }
    },
    {
      "type": "Feature",
      "properties": { "k": "place" },
      "geometry": { "type": "Point", "coordinates": [-80.5828, 33.1871] }
    },
    {
      "type": "Feature",
      "properties": { "k": "place" },
      "geometry": { "type": "Point", "coordinates": [-80.4047, 33.0822] }
    },
    {
      "type": "Feature",
      "properties": { "k": "person" },
      "geometry": { "type": "Point", "coordinates": [-80.85, 33.49] }
    },
    {
      "type": "Feature",
      "properties": { "k": "place" },
      "geometry": { "type": "Point", "coordinates": [-80.8029, 33.4361] }
    },
    {
      "type": "Feature",
      "properties": { "k": "place" },
      "geometry": { "type": "Point", "coordinates": [-80.8029, 33.4361] }
    },
    {
      "type": "Feature",
      "properties": { "k": "place" },
      "geometry": { "type": "Point", "coordinates": [-80.8029, 33.4361] }
    },
    {
      "type": "Feature",
      "properties": { "k": "place" },
      "geometry": { "type": "Point", "coordinates": [-80.8029, 33.4361] }
    },
    {
      "type": "Feature",
      "properties": { "k": "place" },
      "geometry": { "type": "Point", "coordinates": [-80.8029, 33.4361] }
    },
    {
      "type": "Feature",
      "properties": { "k": "person" },
      "geometry": { "type": "Point", "coordinates": [-80.8547, 33.4952] }
    },
    {
      "type": "Feature",
      "properties": { "k": "event" },
      "geometry": { "type": "Point", "coordinates": [-80.85, 33.4917] }
    },
    {
      "type": "Feature",
      "properties": { "k": "place" },
      "geometry": { "type": "Point", "coordinates": [-80.8516, 33.4978] }
    },
    {
      "type": "Feature",
      "properties": { "k": "place" },
      "geometry": { "type": "Point", "coordinates": [-80.8503, 33.4974] }
    },
    {
      "type": "Feature",
      "properties": { "k": "place" },
      "geometry": { "type": "Point", "coordinates": [-80.8545, 33.4974] }
    },
    {
      "type": "Feature",
      "properties": { "k": "place" },
      "geometry": { "type": "Point", "coordinates": [-80.8538, 33.4955] }
    },
    {
      "type": "Feature",
      "properties": { "k": "place" },
      "geometry": { "type": "Point", "coordinates": [-80.8566, 33.4957] }
    },
    {
      "type": "Feature",
      "properties": { "k": "person" },
      "geometry": { "type": "Point", "coordinates": [-80.85, 33.4972] }
    },
    {
      "type": "Feature",
      "properties": { "k": "school" },
      "geometry": { "type": "Point", "coordinates": [-80.85, 33.4972] }
    },
    {
      "type": "Feature",
      "properties": { "k": "school" },
      "geometry": { "type": "Point", "coordinates": [-80.85, 33.4972] }
    },
    {
      "type": "Feature",
      "properties": { "k": "school" },
      "geometry": { "type": "Point", "coordinates": [-80.857, 33.497] }
    },
    {
      "type": "Feature",
      "properties": { "k": "place" },
      "geometry": { "type": "Point", "coordinates": [-80.8554, 33.4996] }
    },
    {
      "type": "Feature",
      "properties": { "k": "place" },
      "geometry": { "type": "Point", "coordinates": [-80.8537, 33.4982] }
    },
    {
      "type": "Feature",
      "properties": { "k": "school" },
      "geometry": { "type": "Point", "coordinates": [-80.35, 33.61] }
    },
    {
      "type": "Feature",
      "properties": { "k": "place" },
      "geometry": { "type": "Point", "coordinates": [-80.3429, 33.6068] }
    },
    {
      "type": "Feature",
      "properties": { "k": "case" },
      "geometry": { "type": "Point", "coordinates": [-80.22, 33.66] }
    },
    {
      "type": "Feature",
      "properties": { "k": "place" },
      "geometry": { "type": "Point", "coordinates": [-80.2179, 33.6647] }
    },
    {
      "type": "Feature",
      "properties": { "k": "place" },
      "geometry": { "type": "Point", "coordinates": [-80.0419, 32.6766] }
    },
    {
      "type": "Feature",
      "properties": { "k": "place" },
      "geometry": { "type": "Point", "coordinates": [-80.0256, 32.6822] }
    },
    {
      "type": "Feature",
      "properties": { "k": "place" },
      "geometry": { "type": "Point", "coordinates": [-79.9823, 32.6729] }
    },
    {
      "type": "Feature",
      "properties": { "k": "place" },
      "geometry": { "type": "Point", "coordinates": [-79.9674, 32.6816] }
    },
    {
      "type": "Feature",
      "properties": { "k": "person" },
      "geometry": { "type": "Point", "coordinates": [-79.94, 32.78] }
    },
    {
      "type": "Feature",
      "properties": { "k": "event" },
      "geometry": { "type": "Point", "coordinates": [-80.1472, 32.7852] }
    },
    {
      "type": "Feature",
      "properties": { "k": "person" },
      "geometry": { "type": "Point", "coordinates": [-79.9413, 32.7823] }
    },
    {
      "type": "Feature",
      "properties": { "k": "place" },
      "geometry": { "type": "Point", "coordinates": [-79.9369, 32.7783] }
    },
    {
      "type": "Feature",
      "properties": { "k": "event" },
      "geometry": { "type": "Point", "coordinates": [-79.9372, 32.7787] }
    },
    {
      "type": "Feature",
      "properties": { "k": "place" },
      "geometry": { "type": "Point", "coordinates": [-79.9724, 32.7628] }
    },
    {
      "type": "Feature",
      "properties": { "k": "place" },
      "geometry": { "type": "Point", "coordinates": [-79.941, 32.7823] }
    },
    {
      "type": "Feature",
      "properties": { "k": "person" },
      "geometry": { "type": "Point", "coordinates": [-79.9311, 32.7765] }
    },
    {
      "type": "Feature",
      "properties": { "k": "place" },
      "geometry": { "type": "Point", "coordinates": [-79.9299, 32.7775] }
    },
    {
      "type": "Feature",
      "properties": { "k": "place" },
      "geometry": { "type": "Point", "coordinates": [-79.9305, 32.7782] }
    },
    {
      "type": "Feature",
      "properties": { "k": "person" },
      "geometry": { "type": "Point", "coordinates": [-79.9311, 32.7765] }
    },
    {
      "type": "Feature",
      "properties": { "k": "organization" },
      "geometry": { "type": "Point", "coordinates": [-79.931, 32.7765] }
    },
    {
      "type": "Feature",
      "properties": { "k": "place" },
      "geometry": { "type": "Point", "coordinates": [-79.9425, 32.8005] }
    },
    {
      "type": "Feature",
      "properties": { "k": "place" },
      "geometry": { "type": "Point", "coordinates": [-79.9425, 32.8005] }
    },
    {
      "type": "Feature",
      "properties": { "k": "place" },
      "geometry": { "type": "Point", "coordinates": [-79.9425, 32.8005] }
    },
    {
      "type": "Feature",
      "properties": { "k": "place" },
      "geometry": { "type": "Point", "coordinates": [-79.9425, 32.8005] }
    },
    {
      "type": "Feature",
      "properties": { "k": "place" },
      "geometry": { "type": "Point", "coordinates": [-79.9425, 32.8005] }
    },
    {
      "type": "Feature",
      "properties": { "k": "place" },
      "geometry": { "type": "Point", "coordinates": [-79.9425, 32.8005] }
    },
    {
      "type": "Feature",
      "properties": { "k": "place" },
      "geometry": { "type": "Point", "coordinates": [-79.9422, 32.7843] }
    },
    {
      "type": "Feature",
      "properties": { "k": "place" },
      "geometry": { "type": "Point", "coordinates": [-79.9409, 32.7884] }
    },
    {
      "type": "Feature",
      "properties": { "k": "place" },
      "geometry": { "type": "Point", "coordinates": [-79.9425, 32.8005] }
    },
    {
      "type": "Feature",
      "properties": { "k": "place" },
      "geometry": { "type": "Point", "coordinates": [-79.9425, 32.8005] }
    },
    {
      "type": "Feature",
      "properties": { "k": "place" },
      "geometry": { "type": "Point", "coordinates": [-79.9425, 32.8005] }
    },
    {
      "type": "Feature",
      "properties": { "k": "place" },
      "geometry": { "type": "Point", "coordinates": [-79.9425, 32.8005] }
    },
    {
      "type": "Feature",
      "properties": { "k": "person" },
      "geometry": { "type": "Point", "coordinates": [-79.9331, 32.7875] }
    },
    {
      "type": "Feature",
      "properties": { "k": "person" },
      "geometry": { "type": "Point", "coordinates": [-79.9331, 32.7875] }
    },
    {
      "type": "Feature",
      "properties": { "k": "person" },
      "geometry": { "type": "Point", "coordinates": [-79.9331, 32.7875] }
    },
    {
      "type": "Feature",
      "properties": { "k": "person" },
      "geometry": { "type": "Point", "coordinates": [-79.9331, 32.7875] }
    },
    {
      "type": "Feature",
      "properties": { "k": "person" },
      "geometry": { "type": "Point", "coordinates": [-79.9331, 32.7875] }
    },
    {
      "type": "Feature",
      "properties": { "k": "institution" },
      "geometry": { "type": "Point", "coordinates": [-79.9331, 32.7872] }
    },
    {
      "type": "Feature",
      "properties": { "k": "person" },
      "geometry": { "type": "Point", "coordinates": [-79.9331, 32.7875] }
    },
    {
      "type": "Feature",
      "properties": { "k": "person" },
      "geometry": { "type": "Point", "coordinates": [-79.9331, 32.7875] }
    },
    {
      "type": "Feature",
      "properties": { "k": "person" },
      "geometry": { "type": "Point", "coordinates": [-79.9331, 32.7875] }
    },
    {
      "type": "Feature",
      "properties": { "k": "person" },
      "geometry": { "type": "Point", "coordinates": [-79.9331, 32.7875] }
    },
    {
      "type": "Feature",
      "properties": { "k": "event" },
      "geometry": { "type": "Point", "coordinates": [-79.9331, 32.7875] }
    },
    {
      "type": "Feature",
      "properties": { "k": "person" },
      "geometry": { "type": "Point", "coordinates": [-79.9319, 32.8139] }
    },
    {
      "type": "Feature",
      "properties": { "k": "institution" },
      "geometry": { "type": "Point", "coordinates": [-79.9261, 32.7886] }
    },
    {
      "type": "Feature",
      "properties": { "k": "place" },
      "geometry": { "type": "Point", "coordinates": [-79.9325, 32.7878] }
    },
    {
      "type": "Feature",
      "properties": { "k": "place" },
      "geometry": { "type": "Point", "coordinates": [-79.822, 32.8576] }
    },
    {
      "type": "Feature",
      "properties": { "k": "place" },
      "geometry": { "type": "Point", "coordinates": [-79.8247, 32.8461] }
    },
    {
      "type": "Feature",
      "properties": { "k": "place" },
      "geometry": { "type": "Point", "coordinates": [-80.0835, 32.8764] }
    },
    {
      "type": "Feature",
      "properties": { "k": "place" },
      "geometry": { "type": "Point", "coordinates": [-80.0835, 32.8765] }
    },
    {
      "type": "Feature",
      "properties": { "k": "place" },
      "geometry": { "type": "Point", "coordinates": [-79.9936, 33.16] }
    },
    {
      "type": "Feature",
      "properties": { "k": "place" },
      "geometry": { "type": "Point", "coordinates": [-79.8431, 33.0811] }
    },
    {
      "type": "Feature",
      "properties": { "k": "place" },
      "geometry": { "type": "Point", "coordinates": [-79.9537, 33.2077] }
    },
    {
      "type": "Feature",
      "properties": { "k": "place" },
      "geometry": { "type": "Point", "coordinates": [-79.9537, 33.2077] }
    },
    {
      "type": "Feature",
      "properties": { "k": "place" },
      "geometry": { "type": "Point", "coordinates": [-79.8158, 33.6744] }
    },
    {
      "type": "Feature",
      "properties": { "k": "place" },
      "geometry": { "type": "Point", "coordinates": [-79.7165, 33.6265] }
    },
    {
      "type": "Feature",
      "properties": { "k": "other" },
      "geometry": { "type": "Point", "coordinates": [-79.4378, 33.1983] }
    },
    {
      "type": "Feature",
      "properties": { "k": "place" },
      "geometry": { "type": "Point", "coordinates": [-79.3328, 33.2025] }
    },
    {
      "type": "Feature",
      "properties": { "k": "place" },
      "geometry": { "type": "Point", "coordinates": [-79.3328, 33.2025] }
    },
    {
      "type": "Feature",
      "properties": { "k": "place" },
      "geometry": { "type": "Point", "coordinates": [-79.3156, 33.2139] }
    },
    {
      "type": "Feature",
      "properties": { "k": "place" },
      "geometry": { "type": "Point", "coordinates": [-79.3226, 33.3682] }
    },
    {
      "type": "Feature",
      "properties": { "k": "person" },
      "geometry": { "type": "Point", "coordinates": [-79.2847, 33.3688] }
    },
    {
      "type": "Feature",
      "properties": { "k": "place" },
      "geometry": { "type": "Point", "coordinates": [-79.2845, 33.369] }
    },
    {
      "type": "Feature",
      "properties": { "k": "place" },
      "geometry": { "type": "Point", "coordinates": [-79.2963, 33.4175] }
    },
    {
      "type": "Feature",
      "properties": { "k": "place" },
      "geometry": { "type": "Point", "coordinates": [-79.2963, 33.4175] }
    },
    {
      "type": "Feature",
      "properties": { "k": "place" },
      "geometry": { "type": "Point", "coordinates": [-79.2963, 33.4175] }
    },
    {
      "type": "Feature",
      "properties": { "k": "place" },
      "geometry": { "type": "Point", "coordinates": [-79.2442, 33.4392] }
    },
    {
      "type": "Feature",
      "properties": { "k": "place" },
      "geometry": { "type": "Point", "coordinates": [-79.2592, 33.4347] }
    },
    {
      "type": "Feature",
      "properties": { "k": "place" },
      "geometry": { "type": "Point", "coordinates": [-79.1383, 33.4675] }
    },
    {
      "type": "Feature",
      "properties": { "k": "place" },
      "geometry": { "type": "Point", "coordinates": [-79.1756, 33.5175] }
    },
    {
      "type": "Feature",
      "properties": { "k": "place" },
      "geometry": { "type": "Point", "coordinates": [-79.1294, 33.5204] }
    },
    {
      "type": "Feature",
      "properties": { "k": "place" },
      "geometry": { "type": "Point", "coordinates": [-78.8782, 33.7036] }
    },
    {
      "type": "Feature",
      "properties": { "k": "place" },
      "geometry": { "type": "Point", "coordinates": [-77.3386, 25.0781] }
    },
    {
      "type": "Feature",
      "properties": { "k": "person" },
      "geometry": { "type": "Point", "coordinates": [-89.8089, 33.775] }
    },
    {
      "type": "Feature",
      "properties": { "k": "school" },
      "geometry": { "type": "Point", "coordinates": [-89.7, 34.03] }
    },
    {
      "type": "Feature",
      "properties": { "k": "place" },
      "geometry": { "type": "Point", "coordinates": [-89.7038, 34.0307] }
    },
    {
      "type": "Feature",
      "properties": { "k": "person" },
      "geometry": { "type": "Point", "coordinates": [-89.53, 34.37] }
    },
    {
      "type": "Feature",
      "properties": { "k": "place" },
      "geometry": { "type": "Point", "coordinates": [-89.4854, 34.3531] }
    },
    {
      "type": "Feature",
      "properties": { "k": "place" },
      "geometry": { "type": "Point", "coordinates": [-89.535, 34.3653] }
    },
    {
      "type": "Feature",
      "properties": { "k": "event" },
      "geometry": { "type": "Point", "coordinates": [-89.5343, 34.3658] }
    },
    {
      "type": "Feature",
      "properties": { "k": "place" },
      "geometry": { "type": "Point", "coordinates": [-88.9476, 33.9333] }
    },
    {
      "type": "Feature",
      "properties": { "k": "place" },
      "geometry": { "type": "Point", "coordinates": [-88.7077, 34.2681] }
    },
    {
      "type": "Feature",
      "properties": { "k": "place" },
      "geometry": { "type": "Point", "coordinates": [-88.6824, 34.2924] }
    },
    {
      "type": "Feature",
      "properties": { "k": "place" },
      "geometry": { "type": "Point", "coordinates": [-89.4463, 34.7758] }
    },
    {
      "type": "Feature",
      "properties": { "k": "place" },
      "geometry": { "type": "Point", "coordinates": [-89.4495, 34.7759] }
    },
    {
      "type": "Feature",
      "properties": { "k": "place" },
      "geometry": { "type": "Point", "coordinates": [-89.447, 34.7763] }
    },
    {
      "type": "Feature",
      "properties": { "k": "place" },
      "geometry": { "type": "Point", "coordinates": [-89.447, 34.7769] }
    },
    {
      "type": "Feature",
      "properties": { "k": "place" },
      "geometry": { "type": "Point", "coordinates": [-89.9646, 35.1095] }
    },
    {
      "type": "Feature",
      "properties": { "k": "place" },
      "geometry": { "type": "Point", "coordinates": [-89.9669, 35.1454] }
    },
    {
      "type": "Feature",
      "properties": { "k": "place" },
      "geometry": { "type": "Point", "coordinates": [-89.0023, 34.4895] }
    },
    {
      "type": "Feature",
      "properties": { "k": "place" },
      "geometry": { "type": "Point", "coordinates": [-89.0023, 34.4895] }
    },
    {
      "type": "Feature",
      "properties": { "k": "place" },
      "geometry": { "type": "Point", "coordinates": [-88.485, 33.89] }
    },
    {
      "type": "Feature",
      "properties": { "k": "place" },
      "geometry": { "type": "Point", "coordinates": [-88.485, 33.89] }
    },
    {
      "type": "Feature",
      "properties": { "k": "place" },
      "geometry": { "type": "Point", "coordinates": [-88.5811, 34.8866] }
    },
    {
      "type": "Feature",
      "properties": { "k": "place" },
      "geometry": { "type": "Point", "coordinates": [-87.8015, 34.7031] }
    },
    {
      "type": "Feature",
      "properties": { "k": "place" },
      "geometry": { "type": "Point", "coordinates": [-87.3644, 34.6835] }
    },
    {
      "type": "Feature",
      "properties": { "k": "place" },
      "geometry": { "type": "Point", "coordinates": [-87.7256, 34.845] }
    },
    {
      "type": "Feature",
      "properties": { "k": "place" },
      "geometry": { "type": "Point", "coordinates": [-87.7219, 34.8482] }
    },
    {
      "type": "Feature",
      "properties": { "k": "person" },
      "geometry": { "type": "Point", "coordinates": [-87.656, 34.8305] }
    },
    {
      "type": "Feature",
      "properties": { "k": "place" },
      "geometry": { "type": "Point", "coordinates": [-89.8946, 35.1846] }
    },
    {
      "type": "Feature",
      "properties": { "k": "place" },
      "geometry": { "type": "Point", "coordinates": [-89.8946, 35.1846] }
    },
    {
      "type": "Feature",
      "properties": { "k": "place" },
      "geometry": { "type": "Point", "coordinates": [-89.8946, 35.1846] }
    },
    {
      "type": "Feature",
      "properties": { "k": "place" },
      "geometry": { "type": "Point", "coordinates": [-89.8946, 35.1846] }
    },
    {
      "type": "Feature",
      "properties": { "k": "place" },
      "geometry": { "type": "Point", "coordinates": [-89.8946, 35.1846] }
    },
    {
      "type": "Feature",
      "properties": { "k": "place" },
      "geometry": { "type": "Point", "coordinates": [-89.8946, 35.1846] }
    },
    {
      "type": "Feature",
      "properties": { "k": "place" },
      "geometry": { "type": "Point", "coordinates": [-89.8946, 35.1846] }
    },
    {
      "type": "Feature",
      "properties": { "k": "place" },
      "geometry": { "type": "Point", "coordinates": [-89.8946, 35.1846] }
    },
    {
      "type": "Feature",
      "properties": { "k": "person" },
      "geometry": { "type": "Point", "coordinates": [-89.881, 35.16] }
    },
    {
      "type": "Feature",
      "properties": { "k": "place" },
      "geometry": { "type": "Point", "coordinates": [-89.8946, 35.1846] }
    },
    {
      "type": "Feature",
      "properties": { "k": "place" },
      "geometry": { "type": "Point", "coordinates": [-89.6495, 35.2391] }
    },
    {
      "type": "Feature",
      "properties": { "k": "place" },
      "geometry": { "type": "Point", "coordinates": [-89.4138, 35.197] }
    },
    {
      "type": "Feature",
      "properties": { "k": "person" },
      "geometry": { "type": "Point", "coordinates": [-89.6464, 35.5642] }
    },
    {
      "type": "Feature",
      "properties": { "k": "place" },
      "geometry": { "type": "Point", "coordinates": [-89.5765, 35.6734] }
    },
    {
      "type": "Feature",
      "properties": { "k": "person" },
      "geometry": { "type": "Point", "coordinates": [-89.5775, 35.6736] }
    },
    {
      "type": "Feature",
      "properties": { "k": "place" },
      "geometry": { "type": "Point", "coordinates": [-89.4321, 35.6338] }
    },
    {
      "type": "Feature",
      "properties": { "k": "place" },
      "geometry": { "type": "Point", "coordinates": [-89.3213, 35.6545] }
    },
    {
      "type": "Feature",
      "properties": { "k": "school" },
      "geometry": { "type": "Point", "coordinates": [-89.63, 35.76] }
    },
    {
      "type": "Feature",
      "properties": { "k": "place" },
      "geometry": { "type": "Point", "coordinates": [-89.6277, 35.763] }
    },
    {
      "type": "Feature",
      "properties": { "k": "place" },
      "geometry": { "type": "Point", "coordinates": [-88.9887, 35.2188] }
    },
    {
      "type": "Feature",
      "properties": { "k": "place" },
      "geometry": { "type": "Point", "coordinates": [-88.9846, 35.2561] }
    },
    {
      "type": "Feature",
      "properties": { "k": "place" },
      "geometry": { "type": "Point", "coordinates": [-89.1477, 35.3337] }
    },
    {
      "type": "Feature",
      "properties": { "k": "place" },
      "geometry": { "type": "Point", "coordinates": [-88.6114, 35.4203] }
    },
    {
      "type": "Feature",
      "properties": { "k": "place" },
      "geometry": { "type": "Point", "coordinates": [-89.2827, 35.5867] }
    },
    {
      "type": "Feature",
      "properties": { "k": "place" },
      "geometry": { "type": "Point", "coordinates": [-89.2827, 35.5867] }
    },
    {
      "type": "Feature",
      "properties": { "k": "place" },
      "geometry": { "type": "Point", "coordinates": [-89.2827, 35.5867] }
    },
    {
      "type": "Feature",
      "properties": { "k": "place" },
      "geometry": { "type": "Point", "coordinates": [-88.8334, 35.6061] }
    },
    {
      "type": "Feature",
      "properties": { "k": "place" },
      "geometry": { "type": "Point", "coordinates": [-88.8334, 35.6061] }
    },
    {
      "type": "Feature",
      "properties": { "k": "school" },
      "geometry": { "type": "Point", "coordinates": [-88.82, 35.653] }
    },
    {
      "type": "Feature",
      "properties": { "k": "place" },
      "geometry": { "type": "Point", "coordinates": [-89.3983, 36.0542] }
    },
    {
      "type": "Feature",
      "properties": { "k": "place" },
      "geometry": { "type": "Point", "coordinates": [-89.825, 36.3318] }
    },
    {
      "type": "Feature",
      "properties": { "k": "place" },
      "geometry": { "type": "Point", "coordinates": [-89.9676, 36.4507] }
    },
    {
      "type": "Feature",
      "properties": { "k": "person" },
      "geometry": { "type": "Point", "coordinates": [-89.2681, 36.1164] }
    },
    {
      "type": "Feature",
      "properties": { "k": "place" },
      "geometry": { "type": "Point", "coordinates": [-88.9338, 35.9916] }
    },
    {
      "type": "Feature",
      "properties": { "k": "place" },
      "geometry": { "type": "Point", "coordinates": [-88.7603, 35.8635] }
    },
    {
      "type": "Feature",
      "properties": { "k": "place" },
      "geometry": { "type": "Point", "coordinates": [-88.8877, 36.0942] }
    },
    {
      "type": "Feature",
      "properties": { "k": "place" },
      "geometry": { "type": "Point", "coordinates": [-89.0446, 36.4282] }
    },
    {
      "type": "Feature",
      "properties": { "k": "place" },
      "geometry": { "type": "Point", "coordinates": [-88.3995, 35.6506] }
    },
    {
      "type": "Feature",
      "properties": { "k": "person" },
      "geometry": { "type": "Point", "coordinates": [-88.1334, 35.5585] }
    },
    {
      "type": "Feature",
      "properties": { "k": "person" },
      "geometry": { "type": "Point", "coordinates": [-88.1334, 35.5585] }
    },
    {
      "type": "Feature",
      "properties": { "k": "place" },
      "geometry": { "type": "Point", "coordinates": [-87.8693, 35.6638] }
    },
    {
      "type": "Feature",
      "properties": { "k": "place" },
      "geometry": { "type": "Point", "coordinates": [-87.8693, 35.6638] }
    },
    {
      "type": "Feature",
      "properties": { "k": "place" },
      "geometry": { "type": "Point", "coordinates": [-88.4524, 35.9657] }
    },
    {
      "type": "Feature",
      "properties": { "k": "school" },
      "geometry": { "type": "Point", "coordinates": [-88.45, 35.97] }
    },
    {
      "type": "Feature",
      "properties": { "k": "place" },
      "geometry": { "type": "Point", "coordinates": [-88.4864, 36.3053] }
    },
    {
      "type": "Feature",
      "properties": { "k": "place" },
      "geometry": { "type": "Point", "coordinates": [-88.3003, 36.3253] }
    },
    {
      "type": "Feature",
      "properties": { "k": "place" },
      "geometry": { "type": "Point", "coordinates": [-87.7905, 36.0408] }
    },
    {
      "type": "Feature",
      "properties": { "k": "place" },
      "geometry": { "type": "Point", "coordinates": [-87.7921, 36.0816] }
    },
    {
      "type": "Feature",
      "properties": { "k": "place" },
      "geometry": { "type": "Point", "coordinates": [-87.3642, 36.1455] }
    },
    {
      "type": "Feature",
      "properties": { "k": "place" },
      "geometry": { "type": "Point", "coordinates": [-87.3316, 36.2099] }
    },
    {
      "type": "Feature",
      "properties": { "k": "place" },
      "geometry": { "type": "Point", "coordinates": [-87.8475, 36.4883] }
    },
    {
      "type": "Feature",
      "properties": { "k": "person" },
      "geometry": { "type": "Point", "coordinates": [-87.3695, 36.505] }
    },
    {
      "type": "Feature",
      "properties": { "k": "place" },
      "geometry": { "type": "Point", "coordinates": [-87.3416, 36.5032] }
    },
    {
      "type": "Feature",
      "properties": { "k": "place" },
      "geometry": { "type": "Point", "coordinates": [-87.3538, 36.5103] }
    },
    {
      "type": "Feature",
      "properties": { "k": "place" },
      "geometry": { "type": "Point", "coordinates": [-87.0097, 34.0757] }
    },
    {
      "type": "Feature",
      "properties": { "k": "place" },
      "geometry": { "type": "Point", "coordinates": [-86.5097, 34.3311] }
    },
    {
      "type": "Feature",
      "properties": { "k": "place" },
      "geometry": { "type": "Point", "coordinates": [-85.8279, 33.7705] }
    },
    {
      "type": "Feature",
      "properties": { "k": "place" },
      "geometry": { "type": "Point", "coordinates": [-85.8279, 33.7705] }
    },
    {
      "type": "Feature",
      "properties": { "k": "place" },
      "geometry": { "type": "Point", "coordinates": [-85.9914, 33.994] }
    },
    {
      "type": "Feature",
      "properties": { "k": "person" },
      "geometry": { "type": "Point", "coordinates": [-86.99, 34.59] }
    },
    {
      "type": "Feature",
      "properties": { "k": "place" },
      "geometry": { "type": "Point", "coordinates": [-86.8464, 34.4545] }
    },
    {
      "type": "Feature",
      "properties": { "k": "place" },
      "geometry": { "type": "Point", "coordinates": [-86.8464, 34.4545] }
    },
    {
      "type": "Feature",
      "properties": { "k": "place" },
      "geometry": { "type": "Point", "coordinates": [-86.8464, 34.4545] }
    },
    {
      "type": "Feature",
      "properties": { "k": "place" },
      "geometry": { "type": "Point", "coordinates": [-87.1137, 34.6358] }
    },
    {
      "type": "Feature",
      "properties": { "k": "place" },
      "geometry": { "type": "Point", "coordinates": [-86.6527, 34.7563] }
    },
    {
      "type": "Feature",
      "properties": { "k": "place" },
      "geometry": { "type": "Point", "coordinates": [-86.5866, 34.7938] }
    },
    {
      "type": "Feature",
      "properties": { "k": "place" },
      "geometry": { "type": "Point", "coordinates": [-86.5729, 34.7719] }
    },
    {
      "type": "Feature",
      "properties": { "k": "place" },
      "geometry": { "type": "Point", "coordinates": [-86.5697, 34.7859] }
    },
    {
      "type": "Feature",
      "properties": { "k": "place" },
      "geometry": { "type": "Point", "coordinates": [-86.5511, 34.7642] }
    },
    {
      "type": "Feature",
      "properties": { "k": "place" },
      "geometry": { "type": "Point", "coordinates": [-86.5685, 34.7834] }
    },
    {
      "type": "Feature",
      "properties": { "k": "place" },
      "geometry": { "type": "Point", "coordinates": [-86.5511, 34.7642] }
    },
    {
      "type": "Feature",
      "properties": { "k": "place" },
      "geometry": { "type": "Point", "coordinates": [-86.8864, 35.0462] }
    },
    {
      "type": "Feature",
      "properties": { "k": "place" },
      "geometry": { "type": "Point", "coordinates": [-86.5775, 35.1532] }
    },
    {
      "type": "Feature",
      "properties": { "k": "place" },
      "geometry": { "type": "Point", "coordinates": [-86.5738, 35.15] }
    },
    {
      "type": "Feature",
      "properties": { "k": "case" },
      "geometry": { "type": "Point", "coordinates": [-86.0392, 34.6725] }
    },
    {
      "type": "Feature",
      "properties": { "k": "case" },
      "geometry": { "type": "Point", "coordinates": [-86.0392, 34.6725] }
    },
    {
      "type": "Feature",
      "properties": { "k": "place" },
      "geometry": { "type": "Point", "coordinates": [-86.0992, 35.1559] }
    },
    {
      "type": "Feature",
      "properties": { "k": "place" },
      "geometry": { "type": "Point", "coordinates": [-85.2831, 34.0868] }
    },
    {
      "type": "Feature",
      "properties": { "k": "place" },
      "geometry": { "type": "Point", "coordinates": [-85.3284, 34.1059] }
    },
    {
      "type": "Feature",
      "properties": { "k": "place" },
      "geometry": { "type": "Point", "coordinates": [-85.2137, 34.2637] }
    },
    {
      "type": "Feature",
      "properties": { "k": "place" },
      "geometry": { "type": "Point", "coordinates": [-84.76, 33.8814] }
    },
    {
      "type": "Feature",
      "properties": { "k": "person" },
      "geometry": { "type": "Point", "coordinates": [-84.47, 33.89] }
    },
    {
      "type": "Feature",
      "properties": { "k": "person" },
      "geometry": { "type": "Point", "coordinates": [-84.39, 33.75] }
    },
    {
      "type": "Feature",
      "properties": { "k": "person" },
      "geometry": { "type": "Point", "coordinates": [-84.39, 33.76] }
    },
    {
      "type": "Feature",
      "properties": { "k": "person" },
      "geometry": { "type": "Point", "coordinates": [-84.41, 33.75] }
    },
    {
      "type": "Feature",
      "properties": { "k": "place" },
      "geometry": { "type": "Point", "coordinates": [-84.4682, 33.79] }
    },
    {
      "type": "Feature",
      "properties": { "k": "place" },
      "geometry": { "type": "Point", "coordinates": [-84.4682, 33.79] }
    },
    {
      "type": "Feature",
      "properties": { "k": "place" },
      "geometry": { "type": "Point", "coordinates": [-84.4682, 33.79] }
    },
    {
      "type": "Feature",
      "properties": { "k": "place" },
      "geometry": { "type": "Point", "coordinates": [-84.4682, 33.79] }
    },
    {
      "type": "Feature",
      "properties": { "k": "place" },
      "geometry": { "type": "Point", "coordinates": [-84.4682, 33.79] }
    },
    {
      "type": "Feature",
      "properties": { "k": "place" },
      "geometry": { "type": "Point", "coordinates": [-84.4682, 33.79] }
    },
    {
      "type": "Feature",
      "properties": { "k": "place" },
      "geometry": { "type": "Point", "coordinates": [-84.4682, 33.79] }
    },
    {
      "type": "Feature",
      "properties": { "k": "place" },
      "geometry": { "type": "Point", "coordinates": [-84.4682, 33.79] }
    },
    {
      "type": "Feature",
      "properties": { "k": "place" },
      "geometry": { "type": "Point", "coordinates": [-84.4682, 33.79] }
    },
    {
      "type": "Feature",
      "properties": { "k": "place" },
      "geometry": { "type": "Point", "coordinates": [-84.4682, 33.79] }
    },
    {
      "type": "Feature",
      "properties": { "k": "organization" },
      "geometry": { "type": "Point", "coordinates": [-84.3947, 33.7606] }
    },
    {
      "type": "Feature",
      "properties": { "k": "place" },
      "geometry": { "type": "Point", "coordinates": [-84.4087, 33.7544] }
    },
    {
      "type": "Feature",
      "properties": { "k": "school" },
      "geometry": { "type": "Point", "coordinates": [-84.4103, 33.7508] }
    },
    {
      "type": "Feature",
      "properties": { "k": "place" },
      "geometry": { "type": "Point", "coordinates": [-84.3767, 33.7557] }
    },
    {
      "type": "Feature",
      "properties": { "k": "place" },
      "geometry": { "type": "Point", "coordinates": [-84.3751, 33.7518] }
    },
    {
      "type": "Feature",
      "properties": { "k": "school" },
      "geometry": { "type": "Point", "coordinates": [-84.4089, 33.7548] }
    },
    {
      "type": "Feature",
      "properties": { "k": "place" },
      "geometry": { "type": "Point", "coordinates": [-84.3758, 33.7553] }
    },
    {
      "type": "Feature",
      "properties": { "k": "place" },
      "geometry": { "type": "Point", "coordinates": [-84.4069, 33.7553] }
    },
    {
      "type": "Feature",
      "properties": { "k": "event" },
      "geometry": { "type": "Point", "coordinates": [-84.4089, 33.7548] }
    },
    {
      "type": "Feature",
      "properties": { "k": "place" },
      "geometry": { "type": "Point", "coordinates": [-84.3808, 33.7536] }
    },
    {
      "type": "Feature",
      "properties": { "k": "institution" },
      "geometry": { "type": "Point", "coordinates": [-84.3931, 33.7631] }
    },
    {
      "type": "Feature",
      "properties": { "k": "place" },
      "geometry": { "type": "Point", "coordinates": [-84.376, 33.7554] }
    },
    {
      "type": "Feature",
      "properties": { "k": "place" },
      "geometry": { "type": "Point", "coordinates": [-84.4179, 33.7511] }
    },
    {
      "type": "Feature",
      "properties": { "k": "institution" },
      "geometry": { "type": "Point", "coordinates": [-84.3831, 33.7554] }
    },
    {
      "type": "Feature",
      "properties": { "k": "institution" },
      "geometry": { "type": "Point", "coordinates": [-84.3839, 33.7553] }
    },
    {
      "type": "Feature",
      "properties": { "k": "place" },
      "geometry": { "type": "Point", "coordinates": [-84.4125, 33.7547] }
    },
    {
      "type": "Feature",
      "properties": { "k": "place" },
      "geometry": { "type": "Point", "coordinates": [-84.3805, 33.7558] }
    },
    {
      "type": "Feature",
      "properties": { "k": "place" },
      "geometry": { "type": "Point", "coordinates": [-84.4068, 33.7581] }
    },
    {
      "type": "Feature",
      "properties": { "k": "place" },
      "geometry": { "type": "Point", "coordinates": [-84.4048, 33.8394] }
    },
    {
      "type": "Feature",
      "properties": { "k": "place" },
      "geometry": { "type": "Point", "coordinates": [-84.678, 34.0686] }
    },
    {
      "type": "Feature",
      "properties": { "k": "place" },
      "geometry": { "type": "Point", "coordinates": [-84.5421, 33.955] }
    },
    {
      "type": "Feature",
      "properties": { "k": "place" },
      "geometry": { "type": "Point", "coordinates": [-84.5474, 33.9551] }
    },
    {
      "type": "Feature",
      "properties": { "k": "place" },
      "geometry": { "type": "Point", "coordinates": [-84.8545, 34.2433] }
    },
    {
      "type": "Feature",
      "properties": { "k": "place" },
      "geometry": { "type": "Point", "coordinates": [-84.8458, 34.2344] }
    },
    {
      "type": "Feature",
      "properties": { "k": "place" },
      "geometry": { "type": "Point", "coordinates": [-85.3052, 34.8568] }
    },
    {
      "type": "Feature",
      "properties": { "k": "place" },
      "geometry": { "type": "Point", "coordinates": [-85.2948, 34.8718] }
    },
    {
      "type": "Feature",
      "properties": { "k": "person" },
      "geometry": { "type": "Point", "coordinates": [-85.3064, 35.0446] }
    },
    {
      "type": "Feature",
      "properties": { "k": "place" },
      "geometry": { "type": "Point", "coordinates": [-85.3072, 35.047] }
    },
    {
      "type": "Feature",
      "properties": { "k": "place" },
      "geometry": { "type": "Point", "coordinates": [-84.968, 34.7659] }
    },
    {
      "type": "Feature",
      "properties": { "k": "place" },
      "geometry": { "type": "Point", "coordinates": [-84.8222, 34.7631] }
    },
    {
      "type": "Feature",
      "properties": { "k": "place" },
      "geometry": { "type": "Point", "coordinates": [-87.0281, 35.2095] }
    },
    {
      "type": "Feature",
      "properties": { "k": "place" },
      "geometry": { "type": "Point", "coordinates": [-87.0375, 35.225] }
    },
    {
      "type": "Feature",
      "properties": { "k": "place" },
      "geometry": { "type": "Point", "coordinates": [-87.0264, 35.2127] }
    },
    {
      "type": "Feature",
      "properties": { "k": "place" },
      "geometry": { "type": "Point", "coordinates": [-87.1734, 35.2513] }
    },
    {
      "type": "Feature",
      "properties": { "k": "place" },
      "geometry": { "type": "Point", "coordinates": [-87.0778, 35.6157] }
    },
    {
      "type": "Feature",
      "properties": { "k": "place" },
      "geometry": { "type": "Point", "coordinates": [-86.9328, 35.7504] }
    },
    {
      "type": "Feature",
      "properties": { "k": "place" },
      "geometry": { "type": "Point", "coordinates": [-86.0921, 35.2457] }
    },
    {
      "type": "Feature",
      "properties": { "k": "person" },
      "geometry": { "type": "Point", "coordinates": [-86.1328, 35.2703] }
    },
    {
      "type": "Feature",
      "properties": { "k": "place" },
      "geometry": { "type": "Point", "coordinates": [-85.8344, 35.2399] }
    },
    {
      "type": "Feature",
      "properties": { "k": "place" },
      "geometry": { "type": "Point", "coordinates": [-86.4583, 35.5137] }
    },
    {
      "type": "Feature",
      "properties": { "k": "place" },
      "geometry": { "type": "Point", "coordinates": [-86.4172, 35.8434] }
    },
    {
      "type": "Feature",
      "properties": { "k": "place" },
      "geometry": { "type": "Point", "coordinates": [-86.4172, 35.8434] }
    },
    {
      "type": "Feature",
      "properties": { "k": "place" },
      "geometry": { "type": "Point", "coordinates": [-86.4172, 35.8434] }
    },
    {
      "type": "Feature",
      "properties": { "k": "place" },
      "geometry": { "type": "Point", "coordinates": [-86.3887, 35.8421] }
    },
    {
      "type": "Feature",
      "properties": { "k": "place" },
      "geometry": { "type": "Point", "coordinates": [-86.3872, 35.8441] }
    },
    {
      "type": "Feature",
      "properties": { "k": "place" },
      "geometry": { "type": "Point", "coordinates": [-86.8979, 35.8948] }
    },
    {
      "type": "Feature",
      "properties": { "k": "place" },
      "geometry": { "type": "Point", "coordinates": [-86.8979, 35.8948] }
    },
    {
      "type": "Feature",
      "properties": { "k": "place" },
      "geometry": { "type": "Point", "coordinates": [-86.8979, 35.8948] }
    },
    {
      "type": "Feature",
      "properties": { "k": "place" },
      "geometry": { "type": "Point", "coordinates": [-86.877, 35.9305] }
    },
    {
      "type": "Feature",
      "properties": { "k": "place" },
      "geometry": { "type": "Point", "coordinates": [-86.8798, 35.9255] }
    },
    {
      "type": "Feature",
      "properties": { "k": "person" },
      "geometry": { "type": "Point", "coordinates": [-86.78, 36.16] }
    },
    {
      "type": "Feature",
      "properties": { "k": "person" },
      "geometry": { "type": "Point", "coordinates": [-86.8027, 36.1447] }
    },
    {
      "type": "Feature",
      "properties": { "k": "place" },
      "geometry": { "type": "Point", "coordinates": [-86.8131, 36.1634] }
    },
    {
      "type": "Feature",
      "properties": { "k": "place" },
      "geometry": { "type": "Point", "coordinates": [-86.8002, 36.1663] }
    },
    {
      "type": "Feature",
      "properties": { "k": "place" },
      "geometry": { "type": "Point", "coordinates": [-86.8023, 36.1654] }
    },
    {
      "type": "Feature",
      "properties": { "k": "place" },
      "geometry": { "type": "Point", "coordinates": [-86.7954, 36.1596] }
    },
    {
      "type": "Feature",
      "properties": { "k": "place" },
      "geometry": { "type": "Point", "coordinates": [-86.8283, 36.1663] }
    },
    {
      "type": "Feature",
      "properties": { "k": "place" },
      "geometry": { "type": "Point", "coordinates": [-86.8059, 36.1667] }
    },
    {
      "type": "Feature",
      "properties": { "k": "place" },
      "geometry": { "type": "Point", "coordinates": [-86.8299, 36.1668] }
    },
    {
      "type": "Feature",
      "properties": { "k": "movement" },
      "geometry": { "type": "Point", "coordinates": [-86.7829, 36.1616] }
    },
    {
      "type": "Feature",
      "properties": { "k": "organization" },
      "geometry": { "type": "Point", "coordinates": [-86.7744, 36.1622] }
    },
    {
      "type": "Feature",
      "properties": { "k": "person" },
      "geometry": { "type": "Point", "coordinates": [-86.7781, 36.1657] }
    },
    {
      "type": "Feature",
      "properties": { "k": "place" },
      "geometry": { "type": "Point", "coordinates": [-86.7639, 36.1467] }
    },
    {
      "type": "Feature",
      "properties": { "k": "place" },
      "geometry": { "type": "Point", "coordinates": [-86.7804, 36.1669] }
    },
    {
      "type": "Feature",
      "properties": { "k": "person" },
      "geometry": { "type": "Point", "coordinates": [-86.7761, 36.1583] }
    },
    {
      "type": "Feature",
      "properties": { "k": "person" },
      "geometry": { "type": "Point", "coordinates": [-86.7761, 36.1583] }
    },
    {
      "type": "Feature",
      "properties": { "k": "organization" },
      "geometry": { "type": "Point", "coordinates": [-86.7744, 36.1622] }
    },
    {
      "type": "Feature",
      "properties": { "k": "event" },
      "geometry": { "type": "Point", "coordinates": [-86.782, 36.153] }
    },
    {
      "type": "Feature",
      "properties": { "k": "person" },
      "geometry": { "type": "Point", "coordinates": [-86.807, 36.167] }
    },
    {
      "type": "Feature",
      "properties": { "k": "institution" },
      "geometry": { "type": "Point", "coordinates": [-86.8102, 36.1689] }
    },
    {
      "type": "Feature",
      "properties": { "k": "place" },
      "geometry": { "type": "Point", "coordinates": [-86.805, 36.168] }
    },
    {
      "type": "Feature",
      "properties": { "k": "school" },
      "geometry": { "type": "Point", "coordinates": [-86.8047, 36.1688] }
    },
    {
      "type": "Feature",
      "properties": { "k": "school" },
      "geometry": { "type": "Point", "coordinates": [-86.807, 36.167] }
    },
    {
      "type": "Feature",
      "properties": { "k": "place" },
      "geometry": { "type": "Point", "coordinates": [-86.7848, 36.1691] }
    },
    {
      "type": "Feature",
      "properties": { "k": "place" },
      "geometry": { "type": "Point", "coordinates": [-86.7848, 36.1691] }
    },
    {
      "type": "Feature",
      "properties": { "k": "place" },
      "geometry": { "type": "Point", "coordinates": [-86.7848, 36.1691] }
    },
    {
      "type": "Feature",
      "properties": { "k": "place" },
      "geometry": { "type": "Point", "coordinates": [-86.7848, 36.1691] }
    },
    {
      "type": "Feature",
      "properties": { "k": "place" },
      "geometry": { "type": "Point", "coordinates": [-86.7848, 36.1691] }
    },
    {
      "type": "Feature",
      "properties": { "k": "place" },
      "geometry": { "type": "Point", "coordinates": [-86.7628, 36.1759] }
    },
    {
      "type": "Feature",
      "properties": { "k": "place" },
      "geometry": { "type": "Point", "coordinates": [-86.7899, 36.2026] }
    },
    {
      "type": "Feature",
      "properties": { "k": "place" },
      "geometry": { "type": "Point", "coordinates": [-86.7642, 36.1867] }
    },
    {
      "type": "Feature",
      "properties": { "k": "place" },
      "geometry": { "type": "Point", "coordinates": [-86.7901, 36.2043] }
    },
    {
      "type": "Feature",
      "properties": { "k": "place" },
      "geometry": { "type": "Point", "coordinates": [-86.8726, 36.5244] }
    },
    {
      "type": "Feature",
      "properties": { "k": "place" },
      "geometry": { "type": "Point", "coordinates": [-86.8726, 36.5244] }
    },
    {
      "type": "Feature",
      "properties": { "k": "place" },
      "geometry": { "type": "Point", "coordinates": [-86.8726, 36.5244] }
    },
    {
      "type": "Feature",
      "properties": { "k": "place" },
      "geometry": { "type": "Point", "coordinates": [-86.6131, 36.215] }
    },
    {
      "type": "Feature",
      "properties": { "k": "place" },
      "geometry": { "type": "Point", "coordinates": [-86.5621, 36.2443] }
    },
    {
      "type": "Feature",
      "properties": { "k": "place" },
      "geometry": { "type": "Point", "coordinates": [-86.3807, 35.9387] }
    },
    {
      "type": "Feature",
      "properties": { "k": "place" },
      "geometry": { "type": "Point", "coordinates": [-86.2702, 36.2097] }
    },
    {
      "type": "Feature",
      "properties": { "k": "place" },
      "geometry": { "type": "Point", "coordinates": [-86.0289, 36.0763] }
    },
    {
      "type": "Feature",
      "properties": { "k": "place" },
      "geometry": { "type": "Point", "coordinates": [-86.1267, 36.1679] }
    },
    {
      "type": "Feature",
      "properties": { "k": "place" },
      "geometry": { "type": "Point", "coordinates": [-86.3636, 36.3633] }
    },
    {
      "type": "Feature",
      "properties": { "k": "place" },
      "geometry": { "type": "Point", "coordinates": [-86.4584, 36.4724] }
    },
    {
      "type": "Feature",
      "properties": { "k": "place" },
      "geometry": { "type": "Point", "coordinates": [-86.4584, 36.4724] }
    },
    {
      "type": "Feature",
      "properties": { "k": "place" },
      "geometry": { "type": "Point", "coordinates": [-86.4584, 36.4724] }
    },
    {
      "type": "Feature",
      "properties": { "k": "place" },
      "geometry": { "type": "Point", "coordinates": [-86.3305, 36.474] }
    },
    {
      "type": "Feature",
      "properties": { "k": "place" },
      "geometry": { "type": "Point", "coordinates": [-86.1567, 36.393] }
    },
    {
      "type": "Feature",
      "properties": { "k": "place" },
      "geometry": { "type": "Point", "coordinates": [-85.7104, 35.3934] }
    },
    {
      "type": "Feature",
      "properties": { "k": "place" },
      "geometry": { "type": "Point", "coordinates": [-85.2018, 35.1635] }
    },
    {
      "type": "Feature",
      "properties": { "k": "place" },
      "geometry": { "type": "Point", "coordinates": [-85.2018, 35.1635] }
    },
    {
      "type": "Feature",
      "properties": { "k": "place" },
      "geometry": { "type": "Point", "coordinates": [-85.2018, 35.1635] }
    },
    {
      "type": "Feature",
      "properties": { "k": "place" },
      "geometry": { "type": "Point", "coordinates": [-85.1904, 35.6122] }
    },
    {
      "type": "Feature",
      "properties": { "k": "place" },
      "geometry": { "type": "Point", "coordinates": [-85.1855, 35.605] }
    },
    {
      "type": "Feature",
      "properties": { "k": "place" },
      "geometry": { "type": "Point", "coordinates": [-84.9283, 35.3531] }
    },
    {
      "type": "Feature",
      "properties": { "k": "place" },
      "geometry": { "type": "Point", "coordinates": [-84.5963, 35.4467] }
    },
    {
      "type": "Feature",
      "properties": { "k": "place" },
      "geometry": { "type": "Point", "coordinates": [-85.7404, 36.0908] }
    },
    {
      "type": "Feature",
      "properties": { "k": "place" },
      "geometry": { "type": "Point", "coordinates": [-85.5194, 36.1692] }
    },
    {
      "type": "Feature",
      "properties": { "k": "place" },
      "geometry": { "type": "Point", "coordinates": [-85.0314, 35.9542] }
    },
    {
      "type": "Feature",
      "properties": { "k": "place" },
      "geometry": { "type": "Point", "coordinates": [-89.6027, 36.5679] }
    },
    {
      "type": "Feature",
      "properties": { "k": "place" },
      "geometry": { "type": "Point", "coordinates": [-89.6259, 37.2651] }
    },
    {
      "type": "Feature",
      "properties": { "k": "place" },
      "geometry": { "type": "Point", "coordinates": [-88.7125, 37.0541] }
    },
    {
      "type": "Feature",
      "properties": { "k": "place" },
      "geometry": { "type": "Point", "coordinates": [-88.6056, 37.0392] }
    },
    {
      "type": "Feature",
      "properties": { "k": "place" },
      "geometry": { "type": "Point", "coordinates": [-88.5994, 37.0806] }
    },
    {
      "type": "Feature",
      "properties": { "k": "place" },
      "geometry": { "type": "Point", "coordinates": [-88.5992, 37.0777] }
    },
    {
      "type": "Feature",
      "properties": { "k": "place" },
      "geometry": { "type": "Point", "coordinates": [-88.6032, 37.0814] }
    },
    {
      "type": "Feature",
      "properties": { "k": "place" },
      "geometry": { "type": "Point", "coordinates": [-89.524, 37.3115] }
    },
    {
      "type": "Feature",
      "properties": { "k": "place" },
      "geometry": { "type": "Point", "coordinates": [-89.5991, 37.7008] }
    },
    {
      "type": "Feature",
      "properties": { "k": "place" },
      "geometry": { "type": "Point", "coordinates": [-88.3542, 36.8553] }
    },
    {
      "type": "Feature",
      "properties": { "k": "place" },
      "geometry": { "type": "Point", "coordinates": [-88.3328, 36.882] }
    },
    {
      "type": "Feature",
      "properties": { "k": "place" },
      "geometry": { "type": "Point", "coordinates": [-88.5809, 37.0594] }
    },
    {
      "type": "Feature",
      "properties": { "k": "place" },
      "geometry": { "type": "Point", "coordinates": [-88.3494, 37.0331] }
    },
    {
      "type": "Feature",
      "properties": { "k": "place" },
      "geometry": { "type": "Point", "coordinates": [-88.3967, 37.0823] }
    },
    {
      "type": "Feature",
      "properties": { "k": "place" },
      "geometry": { "type": "Point", "coordinates": [-87.9621, 37.0739] }
    },
    {
      "type": "Feature",
      "properties": { "k": "place" },
      "geometry": { "type": "Point", "coordinates": [-87.1992, 36.6462] }
    },
    {
      "type": "Feature",
      "properties": { "k": "place" },
      "geometry": { "type": "Point", "coordinates": [-87.4781, 36.8691] }
    },
    {
      "type": "Feature",
      "properties": { "k": "place" },
      "geometry": { "type": "Point", "coordinates": [-87.4784, 36.8674] }
    },
    {
      "type": "Feature",
      "properties": { "k": "place" },
      "geometry": { "type": "Point", "coordinates": [-87.4856, 36.869] }
    },
    {
      "type": "Feature",
      "properties": { "k": "place" },
      "geometry": { "type": "Point", "coordinates": [-87.493, 36.8921] }
    },
    {
      "type": "Feature",
      "properties": { "k": "place" },
      "geometry": { "type": "Point", "coordinates": [-88.4417, 37.8114] }
    },
    {
      "type": "Feature",
      "properties": { "k": "place" },
      "geometry": { "type": "Point", "coordinates": [-88.9482, 38.6282] }
    },
    {
      "type": "Feature",
      "properties": { "k": "place" },
      "geometry": { "type": "Point", "coordinates": [-87.5641, 37.969] }
    },
    {
      "type": "Feature",
      "properties": { "k": "place" },
      "geometry": { "type": "Point", "coordinates": [-87.5862, 38.0201] }
    },
    {
      "type": "Feature",
      "properties": { "k": "place" },
      "geometry": { "type": "Point", "coordinates": [-87.6602, 38.3698] }
    },
    {
      "type": "Feature",
      "properties": { "k": "place" },
      "geometry": { "type": "Point", "coordinates": [-87.5896, 38.4025] }
    },
    {
      "type": "Feature",
      "properties": { "k": "place" },
      "geometry": { "type": "Point", "coordinates": [-87.2325, 38.398] }
    },
    {
      "type": "Feature",
      "properties": { "k": "place" },
      "geometry": { "type": "Point", "coordinates": [-88.5492, 39.1283] }
    },
    {
      "type": "Feature",
      "properties": { "k": "person" },
      "geometry": { "type": "Point", "coordinates": [-87.3879, 38.8579] }
    },
    {
      "type": "Feature",
      "properties": { "k": "place" },
      "geometry": { "type": "Point", "coordinates": [-87.1719, 36.6404] }
    },
    {
      "type": "Feature",
      "properties": { "k": "place" },
      "geometry": { "type": "Point", "coordinates": [-86.974, 36.7378] }
    },
    {
      "type": "Feature",
      "properties": { "k": "person" },
      "geometry": { "type": "Point", "coordinates": [-86.8928, 36.8425] }
    },
    {
      "type": "Feature",
      "properties": { "k": "place" },
      "geometry": { "type": "Point", "coordinates": [-86.884, 36.8458] }
    },
    {
      "type": "Feature",
      "properties": { "k": "place" },
      "geometry": { "type": "Point", "coordinates": [-86.5857, 36.7212] }
    },
    {
      "type": "Feature",
      "properties": { "k": "place" },
      "geometry": { "type": "Point", "coordinates": [-86.5818, 36.7409] }
    },
    {
      "type": "Feature",
      "properties": { "k": "place" },
      "geometry": { "type": "Point", "coordinates": [-85.7991, 36.6745] }
    },
    {
      "type": "Feature",
      "properties": { "k": "place" },
      "geometry": { "type": "Point", "coordinates": [-86.4336, 36.9968] }
    },
    {
      "type": "Feature",
      "properties": { "k": "place" },
      "geometry": { "type": "Point", "coordinates": [-86.4236, 36.9956] }
    },
    {
      "type": "Feature",
      "properties": { "k": "place" },
      "geometry": { "type": "Point", "coordinates": [-86.4236, 36.9956] }
    },
    {
      "type": "Feature",
      "properties": { "k": "place" },
      "geometry": { "type": "Point", "coordinates": [-85.9321, 36.9628] }
    },
    {
      "type": "Feature",
      "properties": { "k": "place" },
      "geometry": { "type": "Point", "coordinates": [-85.8784, 37.3058] }
    },
    {
      "type": "Feature",
      "properties": { "k": "place" },
      "geometry": { "type": "Point", "coordinates": [-85.8582, 37.6945] }
    },
    {
      "type": "Feature",
      "properties": { "k": "place" },
      "geometry": { "type": "Point", "coordinates": [-85.8579, 37.6948] }
    },
    {
      "type": "Feature",
      "properties": { "k": "place" },
      "geometry": { "type": "Point", "coordinates": [-85.4896, 36.5636] }
    },
    {
      "type": "Feature",
      "properties": { "k": "place" },
      "geometry": { "type": "Point", "coordinates": [-85.3859, 37.1936] }
    },
    {
      "type": "Feature",
      "properties": { "k": "place" },
      "geometry": { "type": "Point", "coordinates": [-84.4911, 36.7311] }
    },
    {
      "type": "Feature",
      "properties": { "k": "place" },
      "geometry": { "type": "Point", "coordinates": [-84.6042, 37.0903] }
    },
    {
      "type": "Feature",
      "properties": { "k": "place" },
      "geometry": { "type": "Point", "coordinates": [-85.5926, 37.6569] }
    },
    {
      "type": "Feature",
      "properties": { "k": "place" },
      "geometry": { "type": "Point", "coordinates": [-85.4659, 37.8031] }
    },
    {
      "type": "Feature",
      "properties": { "k": "place" },
      "geometry": { "type": "Point", "coordinates": [-85.2165, 37.6843] }
    },
    {
      "type": "Feature",
      "properties": { "k": "place" },
      "geometry": { "type": "Point", "coordinates": [-84.8642, 37.6499] }
    },
    {
      "type": "Feature",
      "properties": { "k": "place" },
      "geometry": { "type": "Point", "coordinates": [-84.8684, 37.6181] }
    },
    {
      "type": "Feature",
      "properties": { "k": "place" },
      "geometry": { "type": "Point", "coordinates": [-84.8684, 37.6181] }
    },
    {
      "type": "Feature",
      "properties": { "k": "place" },
      "geometry": { "type": "Point", "coordinates": [-84.7708, 37.6439] }
    },
    {
      "type": "Feature",
      "properties": { "k": "place" },
      "geometry": { "type": "Point", "coordinates": [-84.7706, 37.6444] }
    },
    {
      "type": "Feature",
      "properties": { "k": "place" },
      "geometry": { "type": "Point", "coordinates": [-84.8208, 37.7612] }
    },
    {
      "type": "Feature",
      "properties": { "k": "place" },
      "geometry": { "type": "Point", "coordinates": [-84.6916, 37.6472] }
    },
    {
      "type": "Feature",
      "properties": { "k": "place" },
      "geometry": { "type": "Point", "coordinates": [-84.6661, 37.7272] }
    },
    {
      "type": "Feature",
      "properties": { "k": "place" },
      "geometry": { "type": "Point", "coordinates": [-84.584, 37.8733] }
    },
    {
      "type": "Feature",
      "properties": { "k": "place" },
      "geometry": { "type": "Point", "coordinates": [-86.6127, 38.5636] }
    },
    {
      "type": "Feature",
      "properties": { "k": "place" },
      "geometry": { "type": "Point", "coordinates": [-86.5009, 38.5651] }
    },
    {
      "type": "Feature",
      "properties": { "k": "place" },
      "geometry": { "type": "Point", "coordinates": [-85.8161, 38.1931] }
    },
    {
      "type": "Feature",
      "properties": { "k": "place" },
      "geometry": { "type": "Point", "coordinates": [-85.8147, 38.2385] }
    },
    {
      "type": "Feature",
      "properties": { "k": "place" },
      "geometry": { "type": "Point", "coordinates": [-85.7929, 38.2553] }
    },
    {
      "type": "Feature",
      "properties": { "k": "place" },
      "geometry": { "type": "Point", "coordinates": [-85.7915, 38.2529] }
    },
    {
      "type": "Feature",
      "properties": { "k": "place" },
      "geometry": { "type": "Point", "coordinates": [-85.805, 38.293] }
    },
    {
      "type": "Feature",
      "properties": { "k": "place" },
      "geometry": { "type": "Point", "coordinates": [-86.1048, 38.6006] }
    },
    {
      "type": "Feature",
      "properties": { "k": "place" },
      "geometry": { "type": "Point", "coordinates": [-86.0989, 38.6042] }
    },
    {
      "type": "Feature",
      "properties": { "k": "place" },
      "geometry": { "type": "Point", "coordinates": [-86.11, 38.6] }
    },
    {
      "type": "Feature",
      "properties": { "k": "place" },
      "geometry": { "type": "Point", "coordinates": [-87.0769, 38.6961] }
    },
    {
      "type": "Feature",
      "properties": { "k": "place" },
      "geometry": { "type": "Point", "coordinates": [-87.1572, 39.0356] }
    },
    {
      "type": "Feature",
      "properties": { "k": "place" },
      "geometry": { "type": "Point", "coordinates": [-86.5233, 39.1607] }
    },
    {
      "type": "Feature",
      "properties": { "k": "organization" },
      "geometry": { "type": "Point", "coordinates": [-85.9083, 38.9247] }
    },
    {
      "type": "Feature",
      "properties": { "k": "place" },
      "geometry": { "type": "Point", "coordinates": [-85.6576, 38.1895] }
    },
    {
      "type": "Feature",
      "properties": { "k": "place" },
      "geometry": { "type": "Point", "coordinates": [-85.6576, 38.1895] }
    },
    {
      "type": "Feature",
      "properties": { "k": "place" },
      "geometry": { "type": "Point", "coordinates": [-85.6576, 38.1895] }
    },
    {
      "type": "Feature",
      "properties": { "k": "place" },
      "geometry": { "type": "Point", "coordinates": [-85.6576, 38.1895] }
    },
    {
      "type": "Feature",
      "properties": { "k": "place" },
      "geometry": { "type": "Point", "coordinates": [-85.6576, 38.1895] }
    },
    {
      "type": "Feature",
      "properties": { "k": "place" },
      "geometry": { "type": "Point", "coordinates": [-85.6576, 38.1895] }
    },
    {
      "type": "Feature",
      "properties": { "k": "place" },
      "geometry": { "type": "Point", "coordinates": [-85.6576, 38.1895] }
    },
    {
      "type": "Feature",
      "properties": { "k": "place" },
      "geometry": { "type": "Point", "coordinates": [-85.7623, 38.243] }
    },
    {
      "type": "Feature",
      "properties": { "k": "place" },
      "geometry": { "type": "Point", "coordinates": [-85.7538, 38.2514] }
    },
    {
      "type": "Feature",
      "properties": { "k": "place" },
      "geometry": { "type": "Point", "coordinates": [-85.7627, 38.2396] }
    },
    {
      "type": "Feature",
      "properties": { "k": "case" },
      "geometry": { "type": "Point", "coordinates": [-85.7585, 38.2527] }
    },
    {
      "type": "Feature",
      "properties": { "k": "place" },
      "geometry": { "type": "Point", "coordinates": [-85.7669, 38.2496] }
    },
    {
      "type": "Feature",
      "properties": { "k": "person" },
      "geometry": { "type": "Point", "coordinates": [-85.76, 38.2538] }
    },
    {
      "type": "Feature",
      "properties": { "k": "person" },
      "geometry": { "type": "Point", "coordinates": [-85.7601, 38.2582] }
    },
    {
      "type": "Feature",
      "properties": { "k": "place" },
      "geometry": { "type": "Point", "coordinates": [-85.7675, 38.2498] }
    },
    {
      "type": "Feature",
      "properties": { "k": "place" },
      "geometry": { "type": "Point", "coordinates": [-85.7675, 38.2496] }
    },
    {
      "type": "Feature",
      "properties": { "k": "place" },
      "geometry": { "type": "Point", "coordinates": [-85.7648, 38.2395] }
    },
    {
      "type": "Feature",
      "properties": { "k": "case" },
      "geometry": { "type": "Point", "coordinates": [-85.7585, 38.2527] }
    },
    {
      "type": "Feature",
      "properties": { "k": "place" },
      "geometry": { "type": "Point", "coordinates": [-85.5646, 38.1966] }
    },
    {
      "type": "Feature",
      "properties": { "k": "place" },
      "geometry": { "type": "Point", "coordinates": [-85.3419, 38.0326] }
    },
    {
      "type": "Feature",
      "properties": { "k": "place" },
      "geometry": { "type": "Point", "coordinates": [-85.343, 38.0329] }
    },
    {
      "type": "Feature",
      "properties": { "k": "place" },
      "geometry": { "type": "Point", "coordinates": [-85.3173, 38.0253] }
    },
    {
      "type": "Feature",
      "properties": { "k": "place" },
      "geometry": { "type": "Point", "coordinates": [-85.3032, 38.1343] }
    },
    {
      "type": "Feature",
      "properties": { "k": "place" },
      "geometry": { "type": "Point", "coordinates": [-85.224, 38.2135] }
    },
    {
      "type": "Feature",
      "properties": { "k": "place" },
      "geometry": { "type": "Point", "coordinates": [-85.2152, 38.2099] }
    },
    {
      "type": "Feature",
      "properties": { "k": "place" },
      "geometry": { "type": "Point", "coordinates": [-85.2282, 38.239] }
    },
    {
      "type": "Feature",
      "properties": { "k": "place" },
      "geometry": { "type": "Point", "coordinates": [-85.6306, 38.3282] }
    },
    {
      "type": "Feature",
      "properties": { "k": "place" },
      "geometry": { "type": "Point", "coordinates": [-84.8198, 38.0185] }
    },
    {
      "type": "Feature",
      "properties": { "k": "place" },
      "geometry": { "type": "Point", "coordinates": [-84.8015, 37.9892] }
    },
    {
      "type": "Feature",
      "properties": { "k": "place" },
      "geometry": { "type": "Point", "coordinates": [-84.7489, 38.0431] }
    },
    {
      "type": "Feature",
      "properties": { "k": "place" },
      "geometry": { "type": "Point", "coordinates": [-84.7489, 38.0431] }
    },
    {
      "type": "Feature",
      "properties": { "k": "place" },
      "geometry": { "type": "Point", "coordinates": [-84.7489, 38.0431] }
    },
    {
      "type": "Feature",
      "properties": { "k": "place" },
      "geometry": { "type": "Point", "coordinates": [-84.7489, 38.0431] }
    },
    {
      "type": "Feature",
      "properties": { "k": "school" },
      "geometry": { "type": "Point", "coordinates": [-84.856, 38.201] }
    },
    {
      "type": "Feature",
      "properties": { "k": "place" },
      "geometry": { "type": "Point", "coordinates": [-84.8557, 38.2019] }
    },
    {
      "type": "Feature",
      "properties": { "k": "place" },
      "geometry": { "type": "Point", "coordinates": [-84.8688, 38.2349] }
    },
    {
      "type": "Feature",
      "properties": { "k": "place" },
      "geometry": { "type": "Point", "coordinates": [-84.7215, 38.0217] }
    },
    {
      "type": "Feature",
      "properties": { "k": "place" },
      "geometry": { "type": "Point", "coordinates": [-84.6269, 38.0411] }
    },
    {
      "type": "Feature",
      "properties": { "k": "place" },
      "geometry": { "type": "Point", "coordinates": [-84.4769, 38.0481] }
    },
    {
      "type": "Feature",
      "properties": { "k": "place" },
      "geometry": { "type": "Point", "coordinates": [-84.4895, 38.0541] }
    },
    {
      "type": "Feature",
      "properties": { "k": "place" },
      "geometry": { "type": "Point", "coordinates": [-84.4847, 38.0431] }
    },
    {
      "type": "Feature",
      "properties": { "k": "place" },
      "geometry": { "type": "Point", "coordinates": [-84.4928, 38.0439] }
    },
    {
      "type": "Feature",
      "properties": { "k": "case" },
      "geometry": { "type": "Point", "coordinates": [-84.5037, 38.0406] }
    },
    {
      "type": "Feature",
      "properties": { "k": "place" },
      "geometry": { "type": "Point", "coordinates": [-84.4781, 38.0501] }
    },
    {
      "type": "Feature",
      "properties": { "k": "place" },
      "geometry": { "type": "Point", "coordinates": [-84.4298, 38.0107] }
    },
    {
      "type": "Feature",
      "properties": { "k": "place" },
      "geometry": { "type": "Point", "coordinates": [-84.4583, 38.0407] }
    },
    {
      "type": "Feature",
      "properties": { "k": "place" },
      "geometry": { "type": "Point", "coordinates": [-84.5007, 38.0639] }
    },
    {
      "type": "Feature",
      "properties": { "k": "place" },
      "geometry": { "type": "Point", "coordinates": [-84.5062, 38.0701] }
    },
    {
      "type": "Feature",
      "properties": { "k": "place" },
      "geometry": { "type": "Point", "coordinates": [-84.6388, 38.15] }
    },
    {
      "type": "Feature",
      "properties": { "k": "place" },
      "geometry": { "type": "Point", "coordinates": [-84.5883, 38.2064] }
    },
    {
      "type": "Feature",
      "properties": { "k": "place" },
      "geometry": { "type": "Point", "coordinates": [-84.5607, 38.2522] }
    },
    {
      "type": "Feature",
      "properties": { "k": "place" },
      "geometry": { "type": "Point", "coordinates": [-84.5564, 38.2595] }
    },
    {
      "type": "Feature",
      "properties": { "k": "place" },
      "geometry": { "type": "Point", "coordinates": [-84.5783, 38.2857] }
    },
    {
      "type": "Feature",
      "properties": { "k": "place" },
      "geometry": { "type": "Point", "coordinates": [-85.4774, 38.7148] }
    },
    {
      "type": "Feature",
      "properties": { "k": "place" },
      "geometry": { "type": "Point", "coordinates": [-85.5205, 38.8322] }
    },
    {
      "type": "Feature",
      "properties": { "k": "place" },
      "geometry": { "type": "Point", "coordinates": [-85.5162, 38.831] }
    },
    {
      "type": "Feature",
      "properties": { "k": "place" },
      "geometry": { "type": "Point", "coordinates": [-85.6281, 38.9962] }
    },
    {
      "type": "Feature",
      "properties": { "k": "place" },
      "geometry": { "type": "Point", "coordinates": [-85.5033, 39.3528] }
    },
    {
      "type": "Feature",
      "properties": { "k": "place" },
      "geometry": { "type": "Point", "coordinates": [-85.2933, 39.1256] }
    },
    {
      "type": "Feature",
      "properties": { "k": "place" },
      "geometry": { "type": "Point", "coordinates": [-84.7364, 38.9589] }
    },
    {
      "type": "Feature",
      "properties": { "k": "place" },
      "geometry": { "type": "Point", "coordinates": [-84.7364, 38.9589] }
    },
    {
      "type": "Feature",
      "properties": { "k": "place" },
      "geometry": { "type": "Point", "coordinates": [-84.7364, 38.9589] }
    },
    {
      "type": "Feature",
      "properties": { "k": "place" },
      "geometry": { "type": "Point", "coordinates": [-84.5334, 38.9305] }
    },
    {
      "type": "Feature",
      "properties": { "k": "place" },
      "geometry": { "type": "Point", "coordinates": [-84.8953, 39.07] }
    },
    {
      "type": "Feature",
      "properties": { "k": "place" },
      "geometry": { "type": "Point", "coordinates": [-84.6028, 39.1167] }
    },
    {
      "type": "Feature",
      "properties": { "k": "institution" },
      "geometry": { "type": "Point", "coordinates": [-84.5115, 39.0979] }
    },
    {
      "type": "Feature",
      "properties": { "k": "person" },
      "geometry": { "type": "Point", "coordinates": [-84.5127, 39.1013] }
    },
    {
      "type": "Feature",
      "properties": { "k": "invention" },
      "geometry": { "type": "Point", "coordinates": [-84.512, 39.1031] }
    },
    {
      "type": "Feature",
      "properties": { "k": "place" },
      "geometry": { "type": "Point", "coordinates": [-84.5141, 39.1274] }
    },
    {
      "type": "Feature",
      "properties": { "k": "place" },
      "geometry": { "type": "Point", "coordinates": [-84.4763, 39.1446] }
    },
    {
      "type": "Feature",
      "properties": { "k": "place" },
      "geometry": { "type": "Point", "coordinates": [-84.4873, 39.1332] }
    },
    {
      "type": "Feature",
      "properties": { "k": "place" },
      "geometry": { "type": "Point", "coordinates": [-84.4864, 39.1313] }
    },
    {
      "type": "Feature",
      "properties": { "k": "place" },
      "geometry": { "type": "Point", "coordinates": [-84.5442, 39.1969] }
    },
    {
      "type": "Feature",
      "properties": { "k": "place" },
      "geometry": { "type": "Point", "coordinates": [-84.5442, 39.1969] }
    },
    {
      "type": "Feature",
      "properties": { "k": "place" },
      "geometry": { "type": "Point", "coordinates": [-84.5442, 39.1969] }
    },
    {
      "type": "Feature",
      "properties": { "k": "place" },
      "geometry": { "type": "Point", "coordinates": [-84.5442, 39.1969] }
    },
    {
      "type": "Feature",
      "properties": { "k": "place" },
      "geometry": { "type": "Point", "coordinates": [-84.5442, 39.1969] }
    },
    {
      "type": "Feature",
      "properties": { "k": "place" },
      "geometry": { "type": "Point", "coordinates": [-84.5194, 39.2669] }
    },
    {
      "type": "Feature",
      "properties": { "k": "place" },
      "geometry": { "type": "Point", "coordinates": [-84.4333, 39.2242] }
    },
    {
      "type": "Feature",
      "properties": { "k": "event" },
      "geometry": { "type": "Point", "coordinates": [-84.3743, 33.7554] }
    },
    {
      "type": "Feature",
      "properties": { "k": "place" },
      "geometry": { "type": "Point", "coordinates": [-84.3712, 33.7552] }
    },
    {
      "type": "Feature",
      "properties": { "k": "place" },
      "geometry": { "type": "Point", "coordinates": [-84.3742, 33.7553] }
    },
    {
      "type": "Feature",
      "properties": { "k": "person" },
      "geometry": { "type": "Point", "coordinates": [-84.3712, 33.7552] }
    },
    {
      "type": "Feature",
      "properties": { "k": "place" },
      "geometry": { "type": "Point", "coordinates": [-84.3221, 33.7576] }
    },
    {
      "type": "Feature",
      "properties": { "k": "place" },
      "geometry": { "type": "Point", "coordinates": [-84.2263, 33.7707] }
    },
    {
      "type": "Feature",
      "properties": { "k": "place" },
      "geometry": { "type": "Point", "coordinates": [-84.2263, 33.7707] }
    },
    {
      "type": "Feature",
      "properties": { "k": "place" },
      "geometry": { "type": "Point", "coordinates": [-84.2263, 33.7707] }
    },
    {
      "type": "Feature",
      "properties": { "k": "place" },
      "geometry": { "type": "Point", "coordinates": [-84.13, 34.22] }
    },
    {
      "type": "Feature",
      "properties": { "k": "place" },
      "geometry": { "type": "Point", "coordinates": [-83.8185, 34.3176] }
    },
    {
      "type": "Feature",
      "properties": { "k": "place" },
      "geometry": { "type": "Point", "coordinates": [-83.7876, 34.2819] }
    },
    {
      "type": "Feature",
      "properties": { "k": "place" },
      "geometry": { "type": "Point", "coordinates": [-83.4383, 33.9332] }
    },
    {
      "type": "Feature",
      "properties": { "k": "place" },
      "geometry": { "type": "Point", "coordinates": [-83.3672, 33.9522] }
    },
    {
      "type": "Feature",
      "properties": { "k": "place" },
      "geometry": { "type": "Point", "coordinates": [-83.3854, 33.9665] }
    },
    {
      "type": "Feature",
      "properties": { "k": "place" },
      "geometry": { "type": "Point", "coordinates": [-83.3672, 33.9522] }
    },
    {
      "type": "Feature",
      "properties": { "k": "event" },
      "geometry": { "type": "Point", "coordinates": [-83.3773, 33.948] }
    },
    {
      "type": "Feature",
      "properties": { "k": "place" },
      "geometry": { "type": "Point", "coordinates": [-83.3672, 33.9522] }
    },
    {
      "type": "Feature",
      "properties": { "k": "place" },
      "geometry": { "type": "Point", "coordinates": [-83.3672, 33.9522] }
    },
    {
      "type": "Feature",
      "properties": { "k": "place" },
      "geometry": { "type": "Point", "coordinates": [-83.3912, 33.9475] }
    },
    {
      "type": "Feature",
      "properties": { "k": "place" },
      "geometry": { "type": "Point", "coordinates": [-83.3786, 33.9586] }
    },
    {
      "type": "Feature",
      "properties": { "k": "organization" },
      "geometry": { "type": "Point", "coordinates": [-83.3617, 33.9697] }
    },
    {
      "type": "Feature",
      "properties": { "k": "place" },
      "geometry": { "type": "Point", "coordinates": [-83.3617, 33.9697] }
    },
    {
      "type": "Feature",
      "properties": { "k": "person" },
      "geometry": { "type": "Point", "coordinates": [-83.08, 33.88] }
    },
    {
      "type": "Feature",
      "properties": { "k": "place" },
      "geometry": { "type": "Point", "coordinates": [-83.1761, 34.0028] }
    },
    {
      "type": "Feature",
      "properties": { "k": "place" },
      "geometry": { "type": "Point", "coordinates": [-83.5626, 34.1309] }
    },
    {
      "type": "Feature",
      "properties": { "k": "place" },
      "geometry": { "type": "Point", "coordinates": [-83.9857, 34.5316] }
    },
    {
      "type": "Feature",
      "properties": { "k": "person" },
      "geometry": { "type": "Point", "coordinates": [-83.5283, 34.6103] }
    },
    {
      "type": "Feature",
      "properties": { "k": "place" },
      "geometry": { "type": "Point", "coordinates": [-83.528, 34.6156] }
    },
    {
      "type": "Feature",
      "properties": { "k": "place" },
      "geometry": { "type": "Point", "coordinates": [-83.0648, 34.6412] }
    },
    {
      "type": "Feature",
      "properties": { "k": "place" },
      "geometry": { "type": "Point", "coordinates": [-82.812, 33.7756] }
    },
    {
      "type": "Feature",
      "properties": { "k": "place" },
      "geometry": { "type": "Point", "coordinates": [-82.7479, 33.779] }
    },
    {
      "type": "Feature",
      "properties": { "k": "place" },
      "geometry": { "type": "Point", "coordinates": [-82.6985, 33.7677] }
    },
    {
      "type": "Feature",
      "properties": { "k": "place" },
      "geometry": { "type": "Point", "coordinates": [-82.9514, 34.0724] }
    },
    {
      "type": "Feature",
      "properties": { "k": "place" },
      "geometry": { "type": "Point", "coordinates": [-82.4483, 33.7922] }
    },
    {
      "type": "Feature",
      "properties": { "k": "place" },
      "geometry": { "type": "Point", "coordinates": [-82.9281, 34.3586] }
    },
    {
      "type": "Feature",
      "properties": { "k": "place" },
      "geometry": { "type": "Point", "coordinates": [-82.9393, 34.3425] }
    },
    {
      "type": "Feature",
      "properties": { "k": "place" },
      "geometry": { "type": "Point", "coordinates": [-82.9246, 34.3624] }
    },
    {
      "type": "Feature",
      "properties": { "k": "place" },
      "geometry": { "type": "Point", "coordinates": [-82.4541, 34.229] }
    },
    {
      "type": "Feature",
      "properties": { "k": "place" },
      "geometry": { "type": "Point", "coordinates": [-82.3846, 34.1959] }
    },
    {
      "type": "Feature",
      "properties": { "k": "person" },
      "geometry": { "type": "Point", "coordinates": [-81.97, 33.78] }
    },
    {
      "type": "Feature",
      "properties": { "k": "person" },
      "geometry": { "type": "Point", "coordinates": [-81.93, 33.78] }
    },
    {
      "type": "Feature",
      "properties": { "k": "place" },
      "geometry": { "type": "Point", "coordinates": [-81.9596, 33.7795] }
    },
    {
      "type": "Feature",
      "properties": { "k": "place" },
      "geometry": { "type": "Point", "coordinates": [-81.659, 33.8531] }
    },
    {
      "type": "Feature",
      "properties": { "k": "place" },
      "geometry": { "type": "Point", "coordinates": [-82.1279, 34.1558] }
    },
    {
      "type": "Feature",
      "properties": { "k": "place" },
      "geometry": { "type": "Point", "coordinates": [-82.1279, 34.1558] }
    },
    {
      "type": "Feature",
      "properties": { "k": "place" },
      "geometry": { "type": "Point", "coordinates": [-82.1532, 34.1915] }
    },
    {
      "type": "Feature",
      "properties": { "k": "place" },
      "geometry": { "type": "Point", "coordinates": [-81.5997, 34.2899] }
    },
    {
      "type": "Feature",
      "properties": { "k": "place" },
      "geometry": { "type": "Point", "coordinates": [-81.5997, 34.2899] }
    },
    {
      "type": "Feature",
      "properties": { "k": "person" },
      "geometry": { "type": "Point", "coordinates": [-82.6304, 34.5261] }
    },
    {
      "type": "Feature",
      "properties": { "k": "place" },
      "geometry": { "type": "Point", "coordinates": [-82.8615, 34.6822] }
    },
    {
      "type": "Feature",
      "properties": { "k": "place" },
      "geometry": { "type": "Point", "coordinates": [-82.7876, 34.654] }
    },
    {
      "type": "Feature",
      "properties": { "k": "place" },
      "geometry": { "type": "Point", "coordinates": [-82.3968, 34.5782] }
    },
    {
      "type": "Feature",
      "properties": { "k": "place" },
      "geometry": { "type": "Point", "coordinates": [-82.3986, 34.8479] }
    },
    {
      "type": "Feature",
      "properties": { "k": "place" },
      "geometry": { "type": "Point", "coordinates": [-82.3988, 34.8473] }
    },
    {
      "type": "Feature",
      "properties": { "k": "place" },
      "geometry": { "type": "Point", "coordinates": [-82.3721, 34.8926] }
    },
    {
      "type": "Feature",
      "properties": { "k": "place" },
      "geometry": { "type": "Point", "coordinates": [-82.3721, 34.8926] }
    },
    {
      "type": "Feature",
      "properties": { "k": "place" },
      "geometry": { "type": "Point", "coordinates": [-82.0283, 34.4963] }
    },
    {
      "type": "Feature",
      "properties": { "k": "place" },
      "geometry": { "type": "Point", "coordinates": [-82.1924, 34.6982] }
    },
    {
      "type": "Feature",
      "properties": { "k": "place" },
      "geometry": { "type": "Point", "coordinates": [-82.1981, 34.7928] }
    },
    {
      "type": "Feature",
      "properties": { "k": "place" },
      "geometry": { "type": "Point", "coordinates": [-81.6263, 34.7141] }
    },
    {
      "type": "Feature",
      "properties": { "k": "place" },
      "geometry": { "type": "Point", "coordinates": [-81.6159, 34.6904] }
    },
    {
      "type": "Feature",
      "properties": { "k": "place" },
      "geometry": { "type": "Point", "coordinates": [-81.6249, 34.7166] }
    },
    {
      "type": "Feature",
      "properties": { "k": "place" },
      "geometry": { "type": "Point", "coordinates": [-81.6254, 34.7145] }
    },
    {
      "type": "Feature",
      "properties": { "k": "place" },
      "geometry": { "type": "Point", "coordinates": [-81.7574, 34.9185] }
    },
    {
      "type": "Feature",
      "properties": { "k": "place" },
      "geometry": { "type": "Point", "coordinates": [-81.6536, 34.9324] }
    },
    {
      "type": "Feature",
      "properties": { "k": "person" },
      "geometry": { "type": "Point", "coordinates": [-81.654, 34.9305] }
    },
    {
      "type": "Feature",
      "properties": { "k": "place" },
      "geometry": { "type": "Point", "coordinates": [-84.1727, 35.6495] }
    },
    {
      "type": "Feature",
      "properties": { "k": "place" },
      "geometry": { "type": "Point", "coordinates": [-84.3365, 35.7374] }
    },
    {
      "type": "Feature",
      "properties": { "k": "place" },
      "geometry": { "type": "Point", "coordinates": [-82.9836, 35.4834] }
    },
    {
      "type": "Feature",
      "properties": { "k": "place" },
      "geometry": { "type": "Point", "coordinates": [-83.5538, 35.859] }
    },
    {
      "type": "Feature",
      "properties": { "k": "place" },
      "geometry": { "type": "Point", "coordinates": [-84.1954, 36.1167] }
    },
    {
      "type": "Feature",
      "properties": { "k": "place" },
      "geometry": { "type": "Point", "coordinates": [-84.1401, 36.1045] }
    },
    {
      "type": "Feature",
      "properties": { "k": "school" },
      "geometry": { "type": "Point", "coordinates": [-84.131, 36.103] }
    },
    {
      "type": "Feature",
      "properties": { "k": "event" },
      "geometry": { "type": "Point", "coordinates": [-84.1319, 36.1034] }
    },
    {
      "type": "Feature",
      "properties": { "k": "place" },
      "geometry": { "type": "Point", "coordinates": [-83.9377, 35.9927] }
    },
    {
      "type": "Feature",
      "properties": { "k": "place" },
      "geometry": { "type": "Point", "coordinates": [-83.9377, 35.9927] }
    },
    {
      "type": "Feature",
      "properties": { "k": "place" },
      "geometry": { "type": "Point", "coordinates": [-83.8855, 35.9714] }
    },
    {
      "type": "Feature",
      "properties": { "k": "place" },
      "geometry": { "type": "Point", "coordinates": [-84.0156, 36.0396] }
    },
    {
      "type": "Feature",
      "properties": { "k": "place" },
      "geometry": { "type": "Point", "coordinates": [-83.6508, 35.9292] }
    },
    {
      "type": "Feature",
      "properties": { "k": "place" },
      "geometry": { "type": "Point", "coordinates": [-83.6683, 35.9186] }
    },
    {
      "type": "Feature",
      "properties": { "k": "place" },
      "geometry": { "type": "Point", "coordinates": [-83.5641, 35.867] }
    },
    {
      "type": "Feature",
      "properties": { "k": "place" },
      "geometry": { "type": "Point", "coordinates": [-83.4089, 36.0221] }
    },
    {
      "type": "Feature",
      "properties": { "k": "place" },
      "geometry": { "type": "Point", "coordinates": [-83.5163, 36.2816] }
    },
    {
      "type": "Feature",
      "properties": { "k": "place" },
      "geometry": { "type": "Point", "coordinates": [-83.2956, 36.2186] }
    },
    {
      "type": "Feature",
      "properties": { "k": "place" },
      "geometry": { "type": "Point", "coordinates": [-83.008, 36.4096] }
    },
    {
      "type": "Feature",
      "properties": { "k": "place" },
      "geometry": { "type": "Point", "coordinates": [-82.4796, 35.3364] }
    },
    {
      "type": "Feature",
      "properties": { "k": "place" },
      "geometry": { "type": "Point", "coordinates": [-82.5302, 35.5484] }
    },
    {
      "type": "Feature",
      "properties": { "k": "place" },
      "geometry": { "type": "Point", "coordinates": [-82.5631, 35.5902] }
    },
    {
      "type": "Feature",
      "properties": { "k": "place" },
      "geometry": { "type": "Point", "coordinates": [-82.55, 35.5938] }
    },
    {
      "type": "Feature",
      "properties": { "k": "place" },
      "geometry": { "type": "Point", "coordinates": [-82.5482, 35.5917] }
    },
    {
      "type": "Feature",
      "properties": { "k": "place" },
      "geometry": { "type": "Point", "coordinates": [-82.538, 35.5819] }
    },
    {
      "type": "Feature",
      "properties": { "k": "place" },
      "geometry": { "type": "Point", "coordinates": [-82.5613, 35.5738] }
    },
    {
      "type": "Feature",
      "properties": { "k": "place" },
      "geometry": { "type": "Point", "coordinates": [-82.5304, 35.6094] }
    },
    {
      "type": "Feature",
      "properties": { "k": "place" },
      "geometry": { "type": "Point", "coordinates": [-82.5304, 35.6094] }
    },
    {
      "type": "Feature",
      "properties": { "k": "place" },
      "geometry": { "type": "Point", "coordinates": [-82.5413, 35.8063] }
    },
    {
      "type": "Feature",
      "properties": { "k": "place" },
      "geometry": { "type": "Point", "coordinates": [-82.2321, 35.2139] }
    },
    {
      "type": "Feature",
      "properties": { "k": "person" },
      "geometry": { "type": "Point", "coordinates": [-82.2321, 35.214] }
    },
    {
      "type": "Feature",
      "properties": { "k": "place" },
      "geometry": { "type": "Point", "coordinates": [-82.1639, 35.2902] }
    },
    {
      "type": "Feature",
      "properties": { "k": "place" },
      "geometry": { "type": "Point", "coordinates": [-81.7062, 35.7462] }
    },
    {
      "type": "Feature",
      "properties": { "k": "place" },
      "geometry": { "type": "Point", "coordinates": [-81.687, 35.7475] }
    },
    {
      "type": "Feature",
      "properties": { "k": "place" },
      "geometry": { "type": "Point", "coordinates": [-82.3529, 36.3209] }
    },
    {
      "type": "Feature",
      "properties": { "k": "place" },
      "geometry": { "type": "Point", "coordinates": [-82.3509, 36.3195] }
    },
    {
      "type": "Feature",
      "properties": { "k": "place" },
      "geometry": { "type": "Point", "coordinates": [-82.5776, 36.5013] }
    },
    {
      "type": "Feature",
      "properties": { "k": "place" },
      "geometry": { "type": "Point", "coordinates": [-82.16, 36.01] }
    },
    {
      "type": "Feature",
      "properties": { "k": "place" },
      "geometry": { "type": "Point", "coordinates": [-80.8768, 33.8943] }
    },
    {
      "type": "Feature",
      "properties": { "k": "person" },
      "geometry": { "type": "Point", "coordinates": [-81.03, 34] }
    },
    {
      "type": "Feature",
      "properties": { "k": "person" },
      "geometry": { "type": "Point", "coordinates": [-81.03, 34] }
    },
    {
      "type": "Feature",
      "properties": { "k": "person" },
      "geometry": { "type": "Point", "coordinates": [-81.03, 34] }
    },
    {
      "type": "Feature",
      "properties": { "k": "place" },
      "geometry": { "type": "Point", "coordinates": [-81.0452, 34.0077] }
    },
    {
      "type": "Feature",
      "properties": { "k": "place" },
      "geometry": { "type": "Point", "coordinates": [-81.0382, 34.0024] }
    },
    {
      "type": "Feature",
      "properties": { "k": "place" },
      "geometry": { "type": "Point", "coordinates": [-81.054, 34.0095] }
    },
    {
      "type": "Feature",
      "properties": { "k": "place" },
      "geometry": { "type": "Point", "coordinates": [-81.0373, 34.0074] }
    },
    {
      "type": "Feature",
      "properties": { "k": "place" },
      "geometry": { "type": "Point", "coordinates": [-81.0379, 34.003] }
    },
    {
      "type": "Feature",
      "properties": { "k": "person" },
      "geometry": { "type": "Point", "coordinates": [-81.0542, 34.0094] }
    },
    {
      "type": "Feature",
      "properties": { "k": "place" },
      "geometry": { "type": "Point", "coordinates": [-81.0358, 34.0139] }
    },
    {
      "type": "Feature",
      "properties": { "k": "place" },
      "geometry": { "type": "Point", "coordinates": [-81.1226, 34.0624] }
    },
    {
      "type": "Feature",
      "properties": { "k": "case" },
      "geometry": { "type": "Point", "coordinates": [-81.0348, 34.0007] }
    },
    {
      "type": "Feature",
      "properties": { "k": "place" },
      "geometry": { "type": "Point", "coordinates": [-81.0301, 34.0041] }
    },
    {
      "type": "Feature",
      "properties": { "k": "place" },
      "geometry": { "type": "Point", "coordinates": [-81.0181, 34.0073] }
    },
    {
      "type": "Feature",
      "properties": { "k": "place" },
      "geometry": { "type": "Point", "coordinates": [-81.025, 34.0101] }
    },
    {
      "type": "Feature",
      "properties": { "k": "place" },
      "geometry": { "type": "Point", "coordinates": [-81.0104, 34.0022] }
    },
    {
      "type": "Feature",
      "properties": { "k": "place" },
      "geometry": { "type": "Point", "coordinates": [-81.032, 34.0015] }
    },
    {
      "type": "Feature",
      "properties": { "k": "place" },
      "geometry": { "type": "Point", "coordinates": [-81.0248, 34.0069] }
    },
    {
      "type": "Feature",
      "properties": { "k": "place" },
      "geometry": { "type": "Point", "coordinates": [-81.0343, 34.0119] }
    },
    {
      "type": "Feature",
      "properties": { "k": "place" },
      "geometry": { "type": "Point", "coordinates": [-81.0234, 34.0046] }
    },
    {
      "type": "Feature",
      "properties": { "k": "place" },
      "geometry": { "type": "Point", "coordinates": [-81.023, 34.0069] }
    },
    {
      "type": "Feature",
      "properties": { "k": "organization" },
      "geometry": { "type": "Point", "coordinates": [-81.0347, 34.0006] }
    },
    {
      "type": "Feature",
      "properties": { "k": "place" },
      "geometry": { "type": "Point", "coordinates": [-81.0203, 34.0118] }
    },
    {
      "type": "Feature",
      "properties": { "k": "place" },
      "geometry": { "type": "Point", "coordinates": [-81.0201, 34.0104] }
    },
    {
      "type": "Feature",
      "properties": { "k": "place" },
      "geometry": { "type": "Point", "coordinates": [-81.0351, 34.0093] }
    },
    {
      "type": "Feature",
      "properties": { "k": "law" },
      "geometry": { "type": "Point", "coordinates": [-81.0348, 34.0007] }
    },
    {
      "type": "Feature",
      "properties": { "k": "institution" },
      "geometry": { "type": "Point", "coordinates": [-81.0347, 34.0006] }
    },
    {
      "type": "Feature",
      "properties": { "k": "place" },
      "geometry": { "type": "Point", "coordinates": [-81.0277, 34.0097] }
    },
    {
      "type": "Feature",
      "properties": { "k": "organization" },
      "geometry": { "type": "Point", "coordinates": [-81.0331, 34.0004] }
    },
    {
      "type": "Feature",
      "properties": { "k": "place" },
      "geometry": { "type": "Point", "coordinates": [-81.02, 34.0103] }
    },
    {
      "type": "Feature",
      "properties": { "k": "school" },
      "geometry": { "type": "Point", "coordinates": [-81.021, 34.01] }
    },
    {
      "type": "Feature",
      "properties": { "k": "place" },
      "geometry": { "type": "Point", "coordinates": [-81.0222, 34.0111] }
    },
    {
      "type": "Feature",
      "properties": { "k": "place" },
      "geometry": { "type": "Point", "coordinates": [-81.0236, 34.0148] }
    },
    {
      "type": "Feature",
      "properties": { "k": "place" },
      "geometry": { "type": "Point", "coordinates": [-80.898, 34.0291] }
    },
    {
      "type": "Feature",
      "properties": { "k": "place" },
      "geometry": { "type": "Point", "coordinates": [-80.898, 34.0291] }
    },
    {
      "type": "Feature",
      "properties": { "k": "place" },
      "geometry": { "type": "Point", "coordinates": [-80.898, 34.0291] }
    },
    {
      "type": "Feature",
      "properties": { "k": "place" },
      "geometry": { "type": "Point", "coordinates": [-80.898, 34.0291] }
    },
    {
      "type": "Feature",
      "properties": { "k": "place" },
      "geometry": { "type": "Point", "coordinates": [-80.898, 34.0291] }
    },
    {
      "type": "Feature",
      "properties": { "k": "place" },
      "geometry": { "type": "Point", "coordinates": [-81.127, 34.3957] }
    },
    {
      "type": "Feature",
      "properties": { "k": "place" },
      "geometry": { "type": "Point", "coordinates": [-80.6769, 33.9036] }
    },
    {
      "type": "Feature",
      "properties": { "k": "place" },
      "geometry": { "type": "Point", "coordinates": [-80.3824, 33.9161] }
    },
    {
      "type": "Feature",
      "properties": { "k": "person" },
      "geometry": { "type": "Point", "coordinates": [-80.3415, 33.9204] }
    },
    {
      "type": "Feature",
      "properties": { "k": "invention" },
      "geometry": { "type": "Point", "coordinates": [-80.3415, 33.9204] }
    },
    {
      "type": "Feature",
      "properties": { "k": "place" },
      "geometry": { "type": "Point", "coordinates": [-80.3462, 33.9386] }
    },
    {
      "type": "Feature",
      "properties": { "k": "place" },
      "geometry": { "type": "Point", "coordinates": [-80.2484, 34.2242] }
    },
    {
      "type": "Feature",
      "properties": { "k": "place" },
      "geometry": { "type": "Point", "coordinates": [-81.1884, 34.7076] }
    },
    {
      "type": "Feature",
      "properties": { "k": "place" },
      "geometry": { "type": "Point", "coordinates": [-81.1612, 34.6893] }
    },
    {
      "type": "Feature",
      "properties": { "k": "place" },
      "geometry": { "type": "Point", "coordinates": [-81.2462, 34.9874] }
    },
    {
      "type": "Feature",
      "properties": { "k": "place" },
      "geometry": { "type": "Point", "coordinates": [-81.1832, 34.9702] }
    },
    {
      "type": "Feature",
      "properties": { "k": "place" },
      "geometry": { "type": "Point", "coordinates": [-81.1832, 34.9702] }
    },
    {
      "type": "Feature",
      "properties": { "k": "place" },
      "geometry": { "type": "Point", "coordinates": [-81.0356, 34.9221] }
    },
    {
      "type": "Feature",
      "properties": { "k": "place" },
      "geometry": { "type": "Point", "coordinates": [-81.0353, 34.9294] }
    },
    {
      "type": "Feature",
      "properties": { "k": "place" },
      "geometry": { "type": "Point", "coordinates": [-81.0435, 34.9137] }
    },
    {
      "type": "Feature",
      "properties": { "k": "place" },
      "geometry": { "type": "Point", "coordinates": [-80.9337, 34.8333] }
    },
    {
      "type": "Feature",
      "properties": { "k": "place" },
      "geometry": { "type": "Point", "coordinates": [-81.0338, 34.9234] }
    },
    {
      "type": "Feature",
      "properties": { "k": "place" },
      "geometry": { "type": "Point", "coordinates": [-80.7791, 34.5966] }
    },
    {
      "type": "Feature",
      "properties": { "k": "place" },
      "geometry": { "type": "Point", "coordinates": [-80.5869, 34.5494] }
    },
    {
      "type": "Feature",
      "properties": { "k": "place" },
      "geometry": { "type": "Point", "coordinates": [-80.5804, 34.547] }
    },
    {
      "type": "Feature",
      "properties": { "k": "place" },
      "geometry": { "type": "Point", "coordinates": [-80.7037, 34.6868] }
    },
    {
      "type": "Feature",
      "properties": { "k": "place" },
      "geometry": { "type": "Point", "coordinates": [-80.1592, 34.637] }
    },
    {
      "type": "Feature",
      "properties": { "k": "person" },
      "geometry": { "type": "Point", "coordinates": [-80.54, 35.02] }
    },
    {
      "type": "Feature",
      "properties": { "k": "person" },
      "geometry": { "type": "Point", "coordinates": [-79.7522, 33.8707] }
    },
    {
      "type": "Feature",
      "properties": { "k": "place" },
      "geometry": { "type": "Point", "coordinates": [-79.7102, 34.0285] }
    },
    {
      "type": "Feature",
      "properties": { "k": "place" },
      "geometry": { "type": "Point", "coordinates": [-79.7102, 34.0285] }
    },
    {
      "type": "Feature",
      "properties": { "k": "place" },
      "geometry": { "type": "Point", "coordinates": [-79.7102, 34.0285] }
    },
    {
      "type": "Feature",
      "properties": { "k": "place" },
      "geometry": { "type": "Point", "coordinates": [-79.7102, 34.0285] }
    },
    {
      "type": "Feature",
      "properties": { "k": "place" },
      "geometry": { "type": "Point", "coordinates": [-79.9621, 34.3322] }
    },
    {
      "type": "Feature",
      "properties": { "k": "place" },
      "geometry": { "type": "Point", "coordinates": [-79.8626, 34.2957] }
    },
    {
      "type": "Feature",
      "properties": { "k": "person" },
      "geometry": { "type": "Point", "coordinates": [-79.73, 34.22] }
    },
    {
      "type": "Feature",
      "properties": { "k": "person" },
      "geometry": { "type": "Point", "coordinates": [-79.35, 34.08] }
    },
    {
      "type": "Feature",
      "properties": { "k": "place" },
      "geometry": { "type": "Point", "coordinates": [-78.9767, 33.9093] }
    },
    {
      "type": "Feature",
      "properties": { "k": "place" },
      "geometry": { "type": "Point", "coordinates": [-79.2499, 34.2105] }
    },
    {
      "type": "Feature",
      "properties": { "k": "place" },
      "geometry": { "type": "Point", "coordinates": [-79.1513, 34.1913] }
    },
    {
      "type": "Feature",
      "properties": { "k": "place" },
      "geometry": { "type": "Point", "coordinates": [-79.3752, 34.3902] }
    },
    {
      "type": "Feature",
      "properties": { "k": "place" },
      "geometry": { "type": "Point", "coordinates": [-79.8853, 34.701] }
    },
    {
      "type": "Feature",
      "properties": { "k": "place" },
      "geometry": { "type": "Point", "coordinates": [-79.6794, 34.6017] }
    },
    {
      "type": "Feature",
      "properties": { "k": "place" },
      "geometry": { "type": "Point", "coordinates": [-79.5039, 34.4681] }
    },
    {
      "type": "Feature",
      "properties": { "k": "place" },
      "geometry": { "type": "Point", "coordinates": [-80.0851, 34.9707] }
    },
    {
      "type": "Feature",
      "properties": { "k": "place" },
      "geometry": { "type": "Point", "coordinates": [-79.4733, 35.0852] }
    },
    {
      "type": "Feature",
      "properties": { "k": "place" },
      "geometry": { "type": "Point", "coordinates": [-79.4714, 35.1089] }
    },
    {
      "type": "Feature",
      "properties": { "k": "place" },
      "geometry": { "type": "Point", "coordinates": [-79.0614, 34.7022] }
    },
    {
      "type": "Feature",
      "properties": { "k": "organization" },
      "geometry": { "type": "Point", "coordinates": [-78.9992, 35.1392] }
    },
    {
      "type": "Feature",
      "properties": { "k": "place" },
      "geometry": { "type": "Point", "coordinates": [-78.8821, 35.0465] }
    },
    {
      "type": "Feature",
      "properties": { "k": "place" },
      "geometry": { "type": "Point", "coordinates": [-78.8837, 35.0616] }
    },
    {
      "type": "Feature",
      "properties": { "k": "place" },
      "geometry": { "type": "Point", "coordinates": [-78.8777, 35.056] }
    },
    {
      "type": "Feature",
      "properties": { "k": "place" },
      "geometry": { "type": "Point", "coordinates": [-78.8811, 35.0535] }
    },
    {
      "type": "Feature",
      "properties": { "k": "place" },
      "geometry": { "type": "Point", "coordinates": [-78.88, 35.0642] }
    },
    {
      "type": "Feature",
      "properties": { "k": "place" },
      "geometry": { "type": "Point", "coordinates": [-78.8917, 35.0736] }
    },
    {
      "type": "Feature",
      "properties": { "k": "place" },
      "geometry": { "type": "Point", "coordinates": [-81.5333, 35.2994] }
    },
    {
      "type": "Feature",
      "properties": { "k": "place" },
      "geometry": { "type": "Point", "coordinates": [-81.352, 35.2446] }
    },
    {
      "type": "Feature",
      "properties": { "k": "place" },
      "geometry": { "type": "Point", "coordinates": [-81.2562, 35.468] }
    },
    {
      "type": "Feature",
      "properties": { "k": "place" },
      "geometry": { "type": "Point", "coordinates": [-81.0831, 35.4676] }
    },
    {
      "type": "Feature",
      "properties": { "k": "place" },
      "geometry": { "type": "Point", "coordinates": [-81.3388, 35.7269] }
    },
    {
      "type": "Feature",
      "properties": { "k": "place" },
      "geometry": { "type": "Point", "coordinates": [-80.8849, 35.7791] }
    },
    {
      "type": "Feature",
      "properties": { "k": "place" },
      "geometry": { "type": "Point", "coordinates": [-80.8745, 35.8063] }
    },
    {
      "type": "Feature",
      "properties": { "k": "place" },
      "geometry": { "type": "Point", "coordinates": [-80.8745, 35.8063] }
    },
    {
      "type": "Feature",
      "properties": { "k": "place" },
      "geometry": { "type": "Point", "coordinates": [-80.808, 35.1962] }
    },
    {
      "type": "Feature",
      "properties": { "k": "case" },
      "geometry": { "type": "Point", "coordinates": [-80.8431, 35.2271] }
    },
    {
      "type": "Feature",
      "properties": { "k": "place" },
      "geometry": { "type": "Point", "coordinates": [-80.8418, 35.2233] }
    },
    {
      "type": "Feature",
      "properties": { "k": "place" },
      "geometry": { "type": "Point", "coordinates": [-80.8569, 35.2436] }
    },
    {
      "type": "Feature",
      "properties": { "k": "place" },
      "geometry": { "type": "Point", "coordinates": [-80.8419, 35.223] }
    },
    {
      "type": "Feature",
      "properties": { "k": "place" },
      "geometry": { "type": "Point", "coordinates": [-80.8573, 35.243] }
    },
    {
      "type": "Feature",
      "properties": { "k": "institution" },
      "geometry": { "type": "Point", "coordinates": [-80.8481, 35.2233] }
    },
    {
      "type": "Feature",
      "properties": { "k": "place" },
      "geometry": { "type": "Point", "coordinates": [-80.8338, 35.2469] }
    },
    {
      "type": "Feature",
      "properties": { "k": "place" },
      "geometry": { "type": "Point", "coordinates": [-80.8346, 35.3982] }
    },
    {
      "type": "Feature",
      "properties": { "k": "place" },
      "geometry": { "type": "Point", "coordinates": [-80.7388, 35.3362] }
    },
    {
      "type": "Feature",
      "properties": { "k": "place" },
      "geometry": { "type": "Point", "coordinates": [-80.5527, 35.3883] }
    },
    {
      "type": "Feature",
      "properties": { "k": "place" },
      "geometry": { "type": "Point", "coordinates": [-80.589, 35.387] }
    },
    {
      "type": "Feature",
      "properties": { "k": "place" },
      "geometry": { "type": "Point", "coordinates": [-80.2544, 35.3104] }
    },
    {
      "type": "Feature",
      "properties": { "k": "place" },
      "geometry": { "type": "Point", "coordinates": [-80.8067, 35.5947] }
    },
    {
      "type": "Feature",
      "properties": { "k": "place" },
      "geometry": { "type": "Point", "coordinates": [-80.8093, 35.5866] }
    },
    {
      "type": "Feature",
      "properties": { "k": "place" },
      "geometry": { "type": "Point", "coordinates": [-80.6691, 35.735] }
    },
    {
      "type": "Feature",
      "properties": { "k": "place" },
      "geometry": { "type": "Point", "coordinates": [-80.4351, 35.6159] }
    },
    {
      "type": "Feature",
      "properties": { "k": "place" },
      "geometry": { "type": "Point", "coordinates": [-80.4849, 35.6732] }
    },
    {
      "type": "Feature",
      "properties": { "k": "place" },
      "geometry": { "type": "Point", "coordinates": [-80.4957, 35.6771] }
    },
    {
      "type": "Feature",
      "properties": { "k": "school" },
      "geometry": { "type": "Point", "coordinates": [-80.484, 35.669] }
    },
    {
      "type": "Feature",
      "properties": { "k": "place" },
      "geometry": { "type": "Point", "coordinates": [-80.467, 35.6711] }
    },
    {
      "type": "Feature",
      "properties": { "k": "place" },
      "geometry": { "type": "Point", "coordinates": [-80.4838, 35.6709] }
    },
    {
      "type": "Feature",
      "properties": { "k": "place" },
      "geometry": { "type": "Point", "coordinates": [-80.436, 35.686] }
    },
    {
      "type": "Feature",
      "properties": { "k": "place" },
      "geometry": { "type": "Point", "coordinates": [-80.2511, 35.8238] }
    },
    {
      "type": "Feature",
      "properties": { "k": "place" },
      "geometry": { "type": "Point", "coordinates": [-80.2071, 35.7951] }
    },
    {
      "type": "Feature",
      "properties": { "k": "place" },
      "geometry": { "type": "Point", "coordinates": [-81.1661, 36.2089] }
    },
    {
      "type": "Feature",
      "properties": { "k": "place" },
      "geometry": { "type": "Point", "coordinates": [-80.2411, 36.0868] }
    },
    {
      "type": "Feature",
      "properties": { "k": "place" },
      "geometry": { "type": "Point", "coordinates": [-80.2289, 36.0924] }
    },
    {
      "type": "Feature",
      "properties": { "k": "place" },
      "geometry": { "type": "Point", "coordinates": [-80.2405, 36.0845] }
    },
    {
      "type": "Feature",
      "properties": { "k": "place" },
      "geometry": { "type": "Point", "coordinates": [-80.2408, 36.1026] }
    },
    {
      "type": "Feature",
      "properties": { "k": "place" },
      "geometry": { "type": "Point", "coordinates": [-80.2422, 36.103] }
    },
    {
      "type": "Feature",
      "properties": { "k": "place" },
      "geometry": { "type": "Point", "coordinates": [-80.2414, 36.1024] }
    },
    {
      "type": "Feature",
      "properties": { "k": "place" },
      "geometry": { "type": "Point", "coordinates": [-80.2422, 36.1037] }
    },
    {
      "type": "Feature",
      "properties": { "k": "place" },
      "geometry": { "type": "Point", "coordinates": [-80.241, 36.103] }
    },
    {
      "type": "Feature",
      "properties": { "k": "place" },
      "geometry": { "type": "Point", "coordinates": [-80.2271, 36.0995] }
    },
    {
      "type": "Feature",
      "properties": { "k": "place" },
      "geometry": { "type": "Point", "coordinates": [-80.2293, 36.0996] }
    },
    {
      "type": "Feature",
      "properties": { "k": "place" },
      "geometry": { "type": "Point", "coordinates": [-80.225, 36.0896] }
    },
    {
      "type": "Feature",
      "properties": { "k": "place" },
      "geometry": { "type": "Point", "coordinates": [-80.257, 36.1325] }
    },
    {
      "type": "Feature",
      "properties": { "k": "place" },
      "geometry": { "type": "Point", "coordinates": [-80.257, 36.1325] }
    },
    {
      "type": "Feature",
      "properties": { "k": "place" },
      "geometry": { "type": "Point", "coordinates": [-80.257, 36.1325] }
    },
    {
      "type": "Feature",
      "properties": { "k": "place" },
      "geometry": { "type": "Point", "coordinates": [-80.257, 36.1325] }
    },
    {
      "type": "Feature",
      "properties": { "k": "place" },
      "geometry": { "type": "Point", "coordinates": [-80.257, 36.1325] }
    },
    {
      "type": "Feature",
      "properties": { "k": "place" },
      "geometry": { "type": "Point", "coordinates": [-80.257, 36.1325] }
    },
    {
      "type": "Feature",
      "properties": { "k": "person" },
      "geometry": { "type": "Point", "coordinates": [-80.2775, 36.1345] }
    },
    {
      "type": "Feature",
      "properties": { "k": "place" },
      "geometry": { "type": "Point", "coordinates": [-80.3208, 36.1723] }
    },
    {
      "type": "Feature",
      "properties": { "k": "place" },
      "geometry": { "type": "Point", "coordinates": [-80.6035, 36.531] }
    },
    {
      "type": "Feature",
      "properties": { "k": "place" },
      "geometry": { "type": "Point", "coordinates": [-80.5065, 36.5105] }
    },
    {
      "type": "Feature",
      "properties": { "k": "person" },
      "geometry": { "type": "Point", "coordinates": [-79.4711, 35.1925] }
    },
    {
      "type": "Feature",
      "properties": { "k": "place" },
      "geometry": { "type": "Point", "coordinates": [-79.4927, 35.3083] }
    },
    {
      "type": "Feature",
      "properties": { "k": "place" },
      "geometry": { "type": "Point", "coordinates": [-79.4927, 35.3083] }
    },
    {
      "type": "Feature",
      "properties": { "k": "place" },
      "geometry": { "type": "Point", "coordinates": [-79.4927, 35.3083] }
    },
    {
      "type": "Feature",
      "properties": { "k": "place" },
      "geometry": { "type": "Point", "coordinates": [-79.4927, 35.3083] }
    },
    {
      "type": "Feature",
      "properties": { "k": "place" },
      "geometry": { "type": "Point", "coordinates": [-79.8036, 35.7106] }
    },
    {
      "type": "Feature",
      "properties": { "k": "place" },
      "geometry": { "type": "Point", "coordinates": [-79.4039, 35.1933] }
    },
    {
      "type": "Feature",
      "properties": { "k": "place" },
      "geometry": { "type": "Point", "coordinates": [-79.1721, 35.4763] }
    },
    {
      "type": "Feature",
      "properties": { "k": "place" },
      "geometry": { "type": "Point", "coordinates": [-79.1825, 35.4739] }
    },
    {
      "type": "Feature",
      "properties": { "k": "person" },
      "geometry": { "type": "Point", "coordinates": [-79.25, 35.7] }
    },
    {
      "type": "Feature",
      "properties": { "k": "person" },
      "geometry": { "type": "Point", "coordinates": [-79.25, 35.7] }
    },
    {
      "type": "Feature",
      "properties": { "k": "person" },
      "geometry": { "type": "Point", "coordinates": [-80, 36] }
    },
    {
      "type": "Feature",
      "properties": { "k": "person" },
      "geometry": { "type": "Point", "coordinates": [-80, 36] }
    },
    {
      "type": "Feature",
      "properties": { "k": "place" },
      "geometry": { "type": "Point", "coordinates": [-80.0003, 35.9614] }
    },
    {
      "type": "Feature",
      "properties": { "k": "place" },
      "geometry": { "type": "Point", "coordinates": [-79.7907, 36.0718] }
    },
    {
      "type": "Feature",
      "properties": { "k": "place" },
      "geometry": { "type": "Point", "coordinates": [-79.7706, 36.0688] }
    },
    {
      "type": "Feature",
      "properties": { "k": "place" },
      "geometry": { "type": "Point", "coordinates": [-79.7887, 36.0791] }
    },
    {
      "type": "Feature",
      "properties": { "k": "place" },
      "geometry": { "type": "Point", "coordinates": [-79.7762, 36.0743] }
    },
    {
      "type": "Feature",
      "properties": { "k": "place" },
      "geometry": { "type": "Point", "coordinates": [-79.7911, 36.0589] }
    },
    {
      "type": "Feature",
      "properties": { "k": "place" },
      "geometry": { "type": "Point", "coordinates": [-79.7887, 36.0791] }
    },
    {
      "type": "Feature",
      "properties": { "k": "place" },
      "geometry": { "type": "Point", "coordinates": [-79.7904, 36.0717] }
    },
    {
      "type": "Feature",
      "properties": { "k": "place" },
      "geometry": { "type": "Point", "coordinates": [-79.7887, 36.0791] }
    },
    {
      "type": "Feature",
      "properties": { "k": "place" },
      "geometry": { "type": "Point", "coordinates": [-79.7887, 36.0791] }
    },
    {
      "type": "Feature",
      "properties": { "k": "place" },
      "geometry": { "type": "Point", "coordinates": [-79.779, 36.0663] }
    },
    {
      "type": "Feature",
      "properties": { "k": "place" },
      "geometry": { "type": "Point", "coordinates": [-79.7704, 36.0679] }
    },
    {
      "type": "Feature",
      "properties": { "k": "place" },
      "geometry": { "type": "Point", "coordinates": [-79.7647, 36.0598] }
    },
    {
      "type": "Feature",
      "properties": { "k": "school" },
      "geometry": { "type": "Point", "coordinates": [-79.7736, 36.0754] }
    },
    {
      "type": "Feature",
      "properties": { "k": "school" },
      "geometry": { "type": "Point", "coordinates": [-79.777, 36.069] }
    },
    {
      "type": "Feature",
      "properties": { "k": "place" },
      "geometry": { "type": "Point", "coordinates": [-79.7601, 36.1011] }
    },
    {
      "type": "Feature",
      "properties": { "k": "place" },
      "geometry": { "type": "Point", "coordinates": [-79.6226, 36.0667] }
    },
    {
      "type": "Feature",
      "properties": { "k": "place" },
      "geometry": { "type": "Point", "coordinates": [-79.5976, 36.047] }
    },
    {
      "type": "Feature",
      "properties": { "k": "place" },
      "geometry": { "type": "Point", "coordinates": [-80.1439, 36.3034] }
    },
    {
      "type": "Feature",
      "properties": { "k": "place" },
      "geometry": { "type": "Point", "coordinates": [-79.6711, 36.3653] }
    },
    {
      "type": "Feature",
      "properties": { "k": "place" },
      "geometry": { "type": "Point", "coordinates": [-79.6642, 36.3574] }
    },
    {
      "type": "Feature",
      "properties": { "k": "place" },
      "geometry": { "type": "Point", "coordinates": [-79.7683, 36.4941] }
    },
    {
      "type": "Feature",
      "properties": { "k": "institution" },
      "geometry": { "type": "Point", "coordinates": [-79.718, 36.487] }
    },
    {
      "type": "Feature",
      "properties": { "k": "case" },
      "geometry": { "type": "Point", "coordinates": [-79.7431, 36.4926] }
    },
    {
      "type": "Feature",
      "properties": { "k": "place" },
      "geometry": { "type": "Point", "coordinates": [-79.2716, 35.9918] }
    },
    {
      "type": "Feature",
      "properties": { "k": "place" },
      "geometry": { "type": "Point", "coordinates": [-79.3797, 36.1804] }
    },
    {
      "type": "Feature",
      "properties": { "k": "place" },
      "geometry": { "type": "Point", "coordinates": [-79.12, 36.0625] }
    },
    {
      "type": "Feature",
      "properties": { "k": "place" },
      "geometry": { "type": "Point", "coordinates": [-79.12, 36.0625] }
    },
    {
      "type": "Feature",
      "properties": { "k": "place" },
      "geometry": { "type": "Point", "coordinates": [-79.12, 36.0625] }
    },
    {
      "type": "Feature",
      "properties": { "k": "place" },
      "geometry": { "type": "Point", "coordinates": [-79.12, 36.0625] }
    },
    {
      "type": "Feature",
      "properties": { "k": "place" },
      "geometry": { "type": "Point", "coordinates": [-79.12, 36.0625] }
    },
    {
      "type": "Feature",
      "properties": { "k": "place" },
      "geometry": { "type": "Point", "coordinates": [-79.12, 36.0625] }
    },
    {
      "type": "Feature",
      "properties": { "k": "place" },
      "geometry": { "type": "Point", "coordinates": [-79.0682, 35.9118] }
    },
    {
      "type": "Feature",
      "properties": { "k": "event" },
      "geometry": { "type": "Point", "coordinates": [-79.0803, 35.9465] }
    },
    {
      "type": "Feature",
      "properties": { "k": "place" },
      "geometry": { "type": "Point", "coordinates": [-79.0753, 35.91] }
    },
    {
      "type": "Feature",
      "properties": { "k": "event" },
      "geometry": { "type": "Point", "coordinates": [-79.0558, 35.9132] }
    },
    {
      "type": "Feature",
      "properties": { "k": "place" },
      "geometry": { "type": "Point", "coordinates": [-79.0426, 35.9113] }
    },
    {
      "type": "Feature",
      "properties": { "k": "place" },
      "geometry": { "type": "Point", "coordinates": [-78.902, 35.987] }
    },
    {
      "type": "Feature",
      "properties": { "k": "person" },
      "geometry": { "type": "Point", "coordinates": [-78.8976, 35.9732] }
    },
    {
      "type": "Feature",
      "properties": { "k": "institution" },
      "geometry": { "type": "Point", "coordinates": [-78.8981, 35.9864] }
    },
    {
      "type": "Feature",
      "properties": { "k": "place" },
      "geometry": { "type": "Point", "coordinates": [-78.8979, 35.9858] }
    },
    {
      "type": "Feature",
      "properties": { "k": "place" },
      "geometry": { "type": "Point", "coordinates": [-78.9022, 35.9843] }
    },
    {
      "type": "Feature",
      "properties": { "k": "place" },
      "geometry": { "type": "Point", "coordinates": [-78.9002, 35.9782] }
    },
    {
      "type": "Feature",
      "properties": { "k": "place" },
      "geometry": { "type": "Point", "coordinates": [-78.8976, 35.9899] }
    },
    {
      "type": "Feature",
      "properties": { "k": "institution" },
      "geometry": { "type": "Point", "coordinates": [-78.8986, 35.9742] }
    },
    {
      "type": "Feature",
      "properties": { "k": "other" },
      "geometry": { "type": "Point", "coordinates": [-78.9, 35.9786] }
    },
    {
      "type": "Feature",
      "properties": { "k": "person" },
      "geometry": { "type": "Point", "coordinates": [-78.9158, 35.9928] }
    },
    {
      "type": "Feature",
      "properties": { "k": "place" },
      "geometry": { "type": "Point", "coordinates": [-78.9013, 35.9955] }
    },
    {
      "type": "Feature",
      "properties": { "k": "organization" },
      "geometry": { "type": "Point", "coordinates": [-78.9019, 35.9963] }
    },
    {
      "type": "Feature",
      "properties": { "k": "place" },
      "geometry": { "type": "Point", "coordinates": [-78.9002, 35.9956] }
    },
    {
      "type": "Feature",
      "properties": { "k": "place" },
      "geometry": { "type": "Point", "coordinates": [-78.9186, 35.9947] }
    },
    {
      "type": "Feature",
      "properties": { "k": "place" },
      "geometry": { "type": "Point", "coordinates": [-78.8781, 36.0338] }
    },
    {
      "type": "Feature",
      "properties": { "k": "place" },
      "geometry": { "type": "Point", "coordinates": [-78.8781, 36.0338] }
    },
    {
      "type": "Feature",
      "properties": { "k": "place" },
      "geometry": { "type": "Point", "coordinates": [-78.8781, 36.0338] }
    },
    {
      "type": "Feature",
      "properties": { "k": "place" },
      "geometry": { "type": "Point", "coordinates": [-78.8781, 36.0338] }
    },
    {
      "type": "Feature",
      "properties": { "k": "place" },
      "geometry": { "type": "Point", "coordinates": [-78.8781, 36.0338] }
    },
    {
      "type": "Feature",
      "properties": { "k": "place" },
      "geometry": { "type": "Point", "coordinates": [-78.8781, 36.0338] }
    },
    {
      "type": "Feature",
      "properties": { "k": "place" },
      "geometry": { "type": "Point", "coordinates": [-78.9451, 36.1251] }
    },
    {
      "type": "Feature",
      "properties": { "k": "place" },
      "geometry": { "type": "Point", "coordinates": [-79.3396, 36.3943] }
    },
    {
      "type": "Feature",
      "properties": { "k": "place" },
      "geometry": { "type": "Point", "coordinates": [-79.2063, 36.5387] }
    },
    {
      "type": "Feature",
      "properties": { "k": "place" },
      "geometry": { "type": "Point", "coordinates": [-83.7133, 36.6108] }
    },
    {
      "type": "Feature",
      "properties": { "k": "place" },
      "geometry": { "type": "Point", "coordinates": [-84.1006, 36.9322] }
    },
    {
      "type": "Feature",
      "properties": { "k": "case" },
      "geometry": { "type": "Point", "coordinates": [-84.2963, 37.5693] }
    },
    {
      "type": "Feature",
      "properties": { "k": "person" },
      "geometry": { "type": "Point", "coordinates": [-84.292, 37.573] }
    },
    {
      "type": "Feature",
      "properties": { "k": "place" },
      "geometry": { "type": "Point", "coordinates": [-84.2858, 37.5721] }
    },
    {
      "type": "Feature",
      "properties": { "k": "place" },
      "geometry": { "type": "Point", "coordinates": [-82.6216, 36.9746] }
    },
    {
      "type": "Feature",
      "properties": { "k": "place" },
      "geometry": { "type": "Point", "coordinates": [-82.8613, 37.1185] }
    },
    {
      "type": "Feature",
      "properties": { "k": "place" },
      "geometry": { "type": "Point", "coordinates": [-82.1751, 36.6092] }
    },
    {
      "type": "Feature",
      "properties": { "k": "place" },
      "geometry": { "type": "Point", "coordinates": [-81.6582, 37.3828] }
    },
    {
      "type": "Feature",
      "properties": { "k": "place" },
      "geometry": { "type": "Point", "coordinates": [-84.1797, 37.9957] }
    },
    {
      "type": "Feature",
      "properties": { "k": "place" },
      "geometry": { "type": "Point", "coordinates": [-84.0581, 37.9984] }
    },
    {
      "type": "Feature",
      "properties": { "k": "place" },
      "geometry": { "type": "Point", "coordinates": [-84.2099, 38.2026] }
    },
    {
      "type": "Feature",
      "properties": { "k": "place" },
      "geometry": { "type": "Point", "coordinates": [-84.0946, 38.2447] }
    },
    {
      "type": "Feature",
      "properties": { "k": "place" },
      "geometry": { "type": "Point", "coordinates": [-83.9385, 38.0559] }
    },
    {
      "type": "Feature",
      "properties": { "k": "place" },
      "geometry": { "type": "Point", "coordinates": [-84.0676, 38.3309] }
    },
    {
      "type": "Feature",
      "properties": { "k": "place" },
      "geometry": { "type": "Point", "coordinates": [-84.3319, 38.68] }
    },
    {
      "type": "Feature",
      "properties": { "k": "place" },
      "geometry": { "type": "Point", "coordinates": [-83.865, 38.7494] }
    },
    {
      "type": "Feature",
      "properties": { "k": "place" },
      "geometry": { "type": "Point", "coordinates": [-83.8497, 38.7482] }
    },
    {
      "type": "Feature",
      "properties": { "k": "place" },
      "geometry": { "type": "Point", "coordinates": [-83.8474, 38.7429] }
    },
    {
      "type": "Feature",
      "properties": { "k": "place" },
      "geometry": { "type": "Point", "coordinates": [-82.9929, 38.7434] }
    },
    {
      "type": "Feature",
      "properties": { "k": "place" },
      "geometry": { "type": "Point", "coordinates": [-83.6014, 39.1844] }
    },
    {
      "type": "Feature",
      "properties": { "k": "place" },
      "geometry": { "type": "Point", "coordinates": [-82.9875, 39.1256] }
    },
    {
      "type": "Feature",
      "properties": { "k": "place" },
      "geometry": { "type": "Point", "coordinates": [-82.6449, 38.4801] }
    },
    {
      "type": "Feature",
      "properties": { "k": "place" },
      "geometry": { "type": "Point", "coordinates": [-82.5295, 38.4397] }
    },
    {
      "type": "Feature",
      "properties": { "k": "place" },
      "geometry": { "type": "Point", "coordinates": [-82.4372, 38.4175] }
    },
    {
      "type": "Feature",
      "properties": { "k": "place" },
      "geometry": { "type": "Point", "coordinates": [-82.4314, 38.4144] }
    },
    {
      "type": "Feature",
      "properties": { "k": "place" },
      "geometry": { "type": "Point", "coordinates": [-82.3735, 38.4094] }
    },
    {
      "type": "Feature",
      "properties": { "k": "place" },
      "geometry": { "type": "Point", "coordinates": [-82.2434, 38.4196] }
    },
    {
      "type": "Feature",
      "properties": { "k": "place" },
      "geometry": { "type": "Point", "coordinates": [-82.2434, 38.4196] }
    },
    {
      "type": "Feature",
      "properties": { "k": "place" },
      "geometry": { "type": "Point", "coordinates": [-81.7685, 38.3796] }
    },
    {
      "type": "Feature",
      "properties": { "k": "place" },
      "geometry": { "type": "Point", "coordinates": [-81.7674, 38.3791] }
    },
    {
      "type": "Feature",
      "properties": { "k": "place" },
      "geometry": { "type": "Point", "coordinates": [-81.7715, 38.3789] }
    },
    {
      "type": "Feature",
      "properties": { "k": "place" },
      "geometry": { "type": "Point", "coordinates": [-81.765, 38.3805] }
    },
    {
      "type": "Feature",
      "properties": { "k": "place" },
      "geometry": { "type": "Point", "coordinates": [-81.6273, 38.3508] }
    },
    {
      "type": "Feature",
      "properties": { "k": "place" },
      "geometry": { "type": "Point", "coordinates": [-81.63, 38.3511] }
    },
    {
      "type": "Feature",
      "properties": { "k": "place" },
      "geometry": { "type": "Point", "coordinates": [-81.6288, 38.3518] }
    },
    {
      "type": "Feature",
      "properties": { "k": "place" },
      "geometry": { "type": "Point", "coordinates": [-81.6307, 38.3518] }
    },
    {
      "type": "Feature",
      "properties": { "k": "place" },
      "geometry": { "type": "Point", "coordinates": [-81.6304, 38.3506] }
    },
    {
      "type": "Feature",
      "properties": { "k": "place" },
      "geometry": { "type": "Point", "coordinates": [-82.1019, 39.3325] }
    },
    {
      "type": "Feature",
      "properties": { "k": "place" },
      "geometry": { "type": "Point", "coordinates": [-81.5398, 36.8423] }
    },
    {
      "type": "Feature",
      "properties": { "k": "place" },
      "geometry": { "type": "Point", "coordinates": [-80.9143, 36.6656] }
    },
    {
      "type": "Feature",
      "properties": { "k": "place" },
      "geometry": { "type": "Point", "coordinates": [-81.0815, 36.9528] }
    },
    {
      "type": "Feature",
      "properties": { "k": "place" },
      "geometry": { "type": "Point", "coordinates": [-80.7868, 37.0486] }
    },
    {
      "type": "Feature",
      "properties": { "k": "place" },
      "geometry": { "type": "Point", "coordinates": [-80.7413, 37.218] }
    },
    {
      "type": "Feature",
      "properties": { "k": "place" },
      "geometry": { "type": "Point", "coordinates": [-80.417, 37.1426] }
    },
    {
      "type": "Feature",
      "properties": { "k": "place" },
      "geometry": { "type": "Point", "coordinates": [-80.3878, 37.1755] }
    },
    {
      "type": "Feature",
      "properties": { "k": "place" },
      "geometry": { "type": "Point", "coordinates": [-80.4208, 37.2361] }
    },
    {
      "type": "Feature",
      "properties": { "k": "place" },
      "geometry": { "type": "Point", "coordinates": [-80.2248, 37.2155] }
    },
    {
      "type": "Feature",
      "properties": { "k": "place" },
      "geometry": { "type": "Point", "coordinates": [-81.5064, 37.4253] }
    },
    {
      "type": "Feature",
      "properties": { "k": "place" },
      "geometry": { "type": "Point", "coordinates": [-81.239, 37.2657] }
    },
    {
      "type": "Feature",
      "properties": { "k": "place" },
      "geometry": { "type": "Point", "coordinates": [-81.1065, 37.4034] }
    },
    {
      "type": "Feature",
      "properties": { "k": "place" },
      "geometry": { "type": "Point", "coordinates": [-81.1065, 37.4034] }
    },
    {
      "type": "Feature",
      "properties": { "k": "place" },
      "geometry": { "type": "Point", "coordinates": [-81.1065, 37.4034] }
    },
    {
      "type": "Feature",
      "properties": { "k": "place" },
      "geometry": { "type": "Point", "coordinates": [-81.3006, 37.7635] }
    },
    {
      "type": "Feature",
      "properties": { "k": "place" },
      "geometry": { "type": "Point", "coordinates": [-81.2647, 37.7625] }
    },
    {
      "type": "Feature",
      "properties": { "k": "place" },
      "geometry": { "type": "Point", "coordinates": [-80.5503, 37.5541] }
    },
    {
      "type": "Feature",
      "properties": { "k": "place" },
      "geometry": { "type": "Point", "coordinates": [-80.4506, 37.9244] }
    },
    {
      "type": "Feature",
      "properties": { "k": "place" },
      "geometry": { "type": "Point", "coordinates": [-80.1486, 36.6442] }
    },
    {
      "type": "Feature",
      "properties": { "k": "place" },
      "geometry": { "type": "Point", "coordinates": [-79.98, 36.7183] }
    },
    {
      "type": "Feature",
      "properties": { "k": "place" },
      "geometry": { "type": "Point", "coordinates": [-79.8636, 36.6835] }
    },
    {
      "type": "Feature",
      "properties": { "k": "place" },
      "geometry": { "type": "Point", "coordinates": [-79.8488, 36.692] }
    },
    {
      "type": "Feature",
      "properties": { "k": "place" },
      "geometry": { "type": "Point", "coordinates": [-79.6258, 37.2485] }
    },
    {
      "type": "Feature",
      "properties": { "k": "event" },
      "geometry": { "type": "Point", "coordinates": [-79.395, 36.586] }
    },
    {
      "type": "Feature",
      "properties": { "k": "place" },
      "geometry": { "type": "Point", "coordinates": [-79.4081, 36.5833] }
    },
    {
      "type": "Feature",
      "properties": { "k": "place" },
      "geometry": { "type": "Point", "coordinates": [-79.4081, 36.5833] }
    },
    {
      "type": "Feature",
      "properties": { "k": "place" },
      "geometry": { "type": "Point", "coordinates": [-79.4081, 36.5833] }
    },
    {
      "type": "Feature",
      "properties": { "k": "place" },
      "geometry": { "type": "Point", "coordinates": [-79.4029, 36.5874] }
    },
    {
      "type": "Feature",
      "properties": { "k": "place" },
      "geometry": { "type": "Point", "coordinates": [-79.3985, 36.8217] }
    },
    {
      "type": "Feature",
      "properties": { "k": "place" },
      "geometry": { "type": "Point", "coordinates": [-79.3985, 36.8217] }
    },
    {
      "type": "Feature",
      "properties": { "k": "place" },
      "geometry": { "type": "Point", "coordinates": [-79.3985, 36.8217] }
    },
    {
      "type": "Feature",
      "properties": { "k": "place" },
      "geometry": { "type": "Point", "coordinates": [-78.9396, 36.7665] }
    },
    {
      "type": "Feature",
      "properties": { "k": "place" },
      "geometry": { "type": "Point", "coordinates": [-78.9396, 36.7665] }
    },
    {
      "type": "Feature",
      "properties": { "k": "place" },
      "geometry": { "type": "Point", "coordinates": [-79.2494, 37.068] }
    },
    {
      "type": "Feature",
      "properties": { "k": "place" },
      "geometry": { "type": "Point", "coordinates": [-79.0954, 37.2102] }
    },
    {
      "type": "Feature",
      "properties": { "k": "place" },
      "geometry": { "type": "Point", "coordinates": [-79.9582, 37.2785] }
    },
    {
      "type": "Feature",
      "properties": { "k": "place" },
      "geometry": { "type": "Point", "coordinates": [-79.9582, 37.2785] }
    },
    {
      "type": "Feature",
      "properties": { "k": "place" },
      "geometry": { "type": "Point", "coordinates": [-79.9412, 37.2773] }
    },
    {
      "type": "Feature",
      "properties": { "k": "place" },
      "geometry": { "type": "Point", "coordinates": [-79.9606, 37.2827] }
    },
    {
      "type": "Feature",
      "properties": { "k": "place" },
      "geometry": { "type": "Point", "coordinates": [-79.942, 37.2751] }
    },
    {
      "type": "Feature",
      "properties": { "k": "place" },
      "geometry": { "type": "Point", "coordinates": [-79.9481, 37.2794] }
    },
    {
      "type": "Feature",
      "properties": { "k": "place" },
      "geometry": { "type": "Point", "coordinates": [-79.9582, 37.2785] }
    },
    {
      "type": "Feature",
      "properties": { "k": "person" },
      "geometry": { "type": "Point", "coordinates": [-79.9414, 37.271] }
    },
    {
      "type": "Feature",
      "properties": { "k": "place" },
      "geometry": { "type": "Point", "coordinates": [-79.8907, 37.3043] }
    },
    {
      "type": "Feature",
      "properties": { "k": "place" },
      "geometry": { "type": "Point", "coordinates": [-79.9065, 37.4398] }
    },
    {
      "type": "Feature",
      "properties": { "k": "place" },
      "geometry": { "type": "Point", "coordinates": [-79.525, 37.3317] }
    },
    {
      "type": "Feature",
      "properties": { "k": "place" },
      "geometry": { "type": "Point", "coordinates": [-79.5272, 37.3123] }
    },
    {
      "type": "Feature",
      "properties": { "k": "place" },
      "geometry": { "type": "Point", "coordinates": [-79.5272, 37.3123] }
    },
    {
      "type": "Feature",
      "properties": { "k": "place" },
      "geometry": { "type": "Point", "coordinates": [-79.9931, 37.7866] }
    },
    {
      "type": "Feature",
      "properties": { "k": "place" },
      "geometry": { "type": "Point", "coordinates": [-80.0087, 37.7879] }
    },
    {
      "type": "Feature",
      "properties": { "k": "place" },
      "geometry": { "type": "Point", "coordinates": [-79.819, 37.8177] }
    },
    {
      "type": "Feature",
      "properties": { "k": "place" },
      "geometry": { "type": "Point", "coordinates": [-79.526, 37.7419] }
    },
    {
      "type": "Feature",
      "properties": { "k": "place" },
      "geometry": { "type": "Point", "coordinates": [-79.1955, 37.399] }
    },
    {
      "type": "Feature",
      "properties": { "k": "place" },
      "geometry": { "type": "Point", "coordinates": [-79.1955, 37.399] }
    },
    {
      "type": "Feature",
      "properties": { "k": "place" },
      "geometry": { "type": "Point", "coordinates": [-79.1955, 37.399] }
    },
    {
      "type": "Feature",
      "properties": { "k": "place" },
      "geometry": { "type": "Point", "coordinates": [-79.1516, 37.3952] }
    },
    {
      "type": "Feature",
      "properties": { "k": "place" },
      "geometry": { "type": "Point", "coordinates": [-79.1604, 37.4295] }
    },
    {
      "type": "Feature",
      "properties": { "k": "place" },
      "geometry": { "type": "Point", "coordinates": [-79.1503, 37.412] }
    },
    {
      "type": "Feature",
      "properties": { "k": "place" },
      "geometry": { "type": "Point", "coordinates": [-79.1517, 37.4017] }
    },
    {
      "type": "Feature",
      "properties": { "k": "place" },
      "geometry": { "type": "Point", "coordinates": [-79.147, 37.4163] }
    },
    {
      "type": "Feature",
      "properties": { "k": "place" },
      "geometry": { "type": "Point", "coordinates": [-79.1433, 37.4095] }
    },
    {
      "type": "Feature",
      "properties": { "k": "place" },
      "geometry": { "type": "Point", "coordinates": [-78.8259, 37.361] }
    },
    {
      "type": "Feature",
      "properties": { "k": "place" },
      "geometry": { "type": "Point", "coordinates": [-79.0681, 37.4457] }
    },
    {
      "type": "Feature",
      "properties": { "k": "place" },
      "geometry": { "type": "Point", "coordinates": [-79.4235, 37.7863] }
    },
    {
      "type": "Feature",
      "properties": { "k": "place" },
      "geometry": { "type": "Point", "coordinates": [-79.4385, 37.7843] }
    },
    {
      "type": "Feature",
      "properties": { "k": "place" },
      "geometry": { "type": "Point", "coordinates": [-79.4407, 37.786] }
    },
    {
      "type": "Feature",
      "properties": { "k": "place" },
      "geometry": { "type": "Point", "coordinates": [-79.4443, 37.7823] }
    },
    {
      "type": "Feature",
      "properties": { "k": "place" },
      "geometry": { "type": "Point", "coordinates": [-79.4478, 37.8145] }
    },
    {
      "type": "Feature",
      "properties": { "k": "place" },
      "geometry": { "type": "Point", "coordinates": [-78.852, 37.7226] }
    },
    {
      "type": "Feature",
      "properties": { "k": "place" },
      "geometry": { "type": "Point", "coordinates": [-78.8834, 37.7891] }
    },
    {
      "type": "Feature",
      "properties": { "k": "place" },
      "geometry": { "type": "Point", "coordinates": [-79.0392, 37.9272] }
    },
    {
      "type": "Feature",
      "properties": { "k": "place" },
      "geometry": { "type": "Point", "coordinates": [-80.9704, 38.0097] }
    },
    {
      "type": "Feature",
      "properties": { "k": "place" },
      "geometry": { "type": "Point", "coordinates": [-81.5235, 38.3281] }
    },
    {
      "type": "Feature",
      "properties": { "k": "place" },
      "geometry": { "type": "Point", "coordinates": [-81.5235, 38.3281] }
    },
    {
      "type": "Feature",
      "properties": { "k": "place" },
      "geometry": { "type": "Point", "coordinates": [-80.1897, 38.1438] }
    },
    {
      "type": "Feature",
      "properties": { "k": "place" },
      "geometry": { "type": "Point", "coordinates": [-80.1937, 38.1483] }
    },
    {
      "type": "Feature",
      "properties": { "k": "place" },
      "geometry": { "type": "Point", "coordinates": [-81.5547, 39.2663] }
    },
    {
      "type": "Feature",
      "properties": { "k": "place" },
      "geometry": { "type": "Point", "coordinates": [-80.4646, 39.0398] }
    },
    {
      "type": "Feature",
      "properties": { "k": "place" },
      "geometry": { "type": "Point", "coordinates": [-80.3865, 39.2792] }
    },
    {
      "type": "Feature",
      "properties": { "k": "place" },
      "geometry": { "type": "Point", "coordinates": [-80.3362, 39.2768] }
    },
    {
      "type": "Feature",
      "properties": { "k": "person" },
      "geometry": { "type": "Point", "coordinates": [-80.11, 37.97] }
    },
    {
      "type": "Feature",
      "properties": { "k": "place" },
      "geometry": { "type": "Point", "coordinates": [-79.8056, 38.0615] }
    },
    {
      "type": "Feature",
      "properties": { "k": "school" },
      "geometry": { "type": "Point", "coordinates": [-79.73, 38.07] }
    },
    {
      "type": "Feature",
      "properties": { "k": "place" },
      "geometry": { "type": "Point", "coordinates": [-79.7312, 38.0684] }
    },
    {
      "type": "Feature",
      "properties": { "k": "place" },
      "geometry": { "type": "Point", "coordinates": [-79.5937, 37.9985] }
    },
    {
      "type": "Feature",
      "properties": { "k": "place" },
      "geometry": { "type": "Point", "coordinates": [-79.1552, 38.0057] }
    },
    {
      "type": "Feature",
      "properties": { "k": "place" },
      "geometry": { "type": "Point", "coordinates": [-79.141, 38.1726] }
    },
    {
      "type": "Feature",
      "properties": { "k": "place" },
      "geometry": { "type": "Point", "coordinates": [-78.9014, 38.0672] }
    },
    {
      "type": "Feature",
      "properties": { "k": "place" },
      "geometry": { "type": "Point", "coordinates": [-79.0816, 38.1473] }
    },
    {
      "type": "Feature",
      "properties": { "k": "place" },
      "geometry": { "type": "Point", "coordinates": [-79.0619, 38.158] }
    },
    {
      "type": "Feature",
      "properties": { "k": "place" },
      "geometry": { "type": "Point", "coordinates": [-78.8733, 38.4363] }
    },
    {
      "type": "Feature",
      "properties": { "k": "place" },
      "geometry": { "type": "Point", "coordinates": [-78.8733, 38.4363] }
    },
    {
      "type": "Feature",
      "properties": { "k": "place" },
      "geometry": { "type": "Point", "coordinates": [-78.8581, 38.4545] }
    },
    {
      "type": "Feature",
      "properties": { "k": "place" },
      "geometry": { "type": "Point", "coordinates": [-78.8589, 38.4532] }
    },
    {
      "type": "Feature",
      "properties": { "k": "place" },
      "geometry": { "type": "Point", "coordinates": [-78.762, 38.5127] }
    },
    {
      "type": "Feature",
      "properties": { "k": "place" },
      "geometry": { "type": "Point", "coordinates": [-79.8477, 38.9244] }
    },
    {
      "type": "Feature",
      "properties": { "k": "place" },
      "geometry": { "type": "Point", "coordinates": [-89.645, 39.7967] }
    },
    {
      "type": "Feature",
      "properties": { "k": "place" },
      "geometry": { "type": "Point", "coordinates": [-89.3594, 40.1467] }
    },
    {
      "type": "Feature",
      "properties": { "k": "place" },
      "geometry": { "type": "Point", "coordinates": [-89.6153, 40.5706] }
    },
    {
      "type": "Feature",
      "properties": { "k": "place" },
      "geometry": { "type": "Point", "coordinates": [-88.6442, 40.1236] }
    },
    {
      "type": "Feature",
      "properties": { "k": "place" },
      "geometry": { "type": "Point", "coordinates": [-87.4143, 39.4598] }
    },
    {
      "type": "Feature",
      "properties": { "k": "place" },
      "geometry": { "type": "Point", "coordinates": [-87.391, 39.4309] }
    },
    {
      "type": "Feature",
      "properties": { "k": "place" },
      "geometry": { "type": "Point", "coordinates": [-87.398, 39.4543] }
    },
    {
      "type": "Feature",
      "properties": { "k": "place" },
      "geometry": { "type": "Point", "coordinates": [-87.197, 39.7743] }
    },
    {
      "type": "Feature",
      "properties": { "k": "person" },
      "geometry": { "type": "Point", "coordinates": [-88.2073, 40.1106] }
    },
    {
      "type": "Feature",
      "properties": { "k": "invention" },
      "geometry": { "type": "Point", "coordinates": [-88.2073, 40.1106] }
    },
    {
      "type": "Feature",
      "properties": { "k": "place" },
      "geometry": { "type": "Point", "coordinates": [-88.218, 40.1072] }
    },
    {
      "type": "Feature",
      "properties": { "k": "place" },
      "geometry": { "type": "Point", "coordinates": [-89.5284, 41.4013] }
    },
    {
      "type": "Feature",
      "properties": { "k": "place" },
      "geometry": { "type": "Point", "coordinates": [-87.3743, 41.4722] }
    },
    {
      "type": "Feature",
      "properties": { "k": "place" },
      "geometry": { "type": "Point", "coordinates": [-87.3743, 41.4722] }
    },
    {
      "type": "Feature",
      "properties": { "k": "person" },
      "geometry": { "type": "Point", "coordinates": [-88.3228, 42.0383] }
    },
    {
      "type": "Feature",
      "properties": { "k": "place" },
      "geometry": { "type": "Point", "coordinates": [-87.8358, 41.545] }
    },
    {
      "type": "Feature",
      "properties": { "k": "person" },
      "geometry": { "type": "Point", "coordinates": [-87.7983, 41.731] }
    },
    {
      "type": "Feature",
      "properties": { "k": "person" },
      "geometry": { "type": "Point", "coordinates": [-87.7, 41.6675] }
    },
    {
      "type": "Feature",
      "properties": { "k": "place" },
      "geometry": { "type": "Point", "coordinates": [-87.6087, 41.6943] }
    },
    {
      "type": "Feature",
      "properties": { "k": "movement" },
      "geometry": { "type": "Point", "coordinates": [-87.7106, 41.7714] }
    },
    {
      "type": "Feature",
      "properties": { "k": "person" },
      "geometry": { "type": "Point", "coordinates": [-87.6069, 41.7595] }
    },
    {
      "type": "Feature",
      "properties": { "k": "person" },
      "geometry": { "type": "Point", "coordinates": [-87.6072, 41.7919] }
    },
    {
      "type": "Feature",
      "properties": { "k": "place" },
      "geometry": { "type": "Point", "coordinates": [-87.6157, 41.7856] }
    },
    {
      "type": "Feature",
      "properties": { "k": "school" },
      "geometry": { "type": "Point", "coordinates": [-87.5997, 41.7897] }
    },
    {
      "type": "Feature",
      "properties": { "k": "institution" },
      "geometry": { "type": "Point", "coordinates": [-87.6072, 41.7919] }
    },
    {
      "type": "Feature",
      "properties": { "k": "person" },
      "geometry": { "type": "Point", "coordinates": [-87.6124, 41.7827] }
    },
    {
      "type": "Feature",
      "properties": { "k": "place" },
      "geometry": { "type": "Point", "coordinates": [-87.6264, 41.8288] }
    },
    {
      "type": "Feature",
      "properties": { "k": "place" },
      "geometry": { "type": "Point", "coordinates": [-87.617, 41.823] }
    },
    {
      "type": "Feature",
      "properties": { "k": "person" },
      "geometry": { "type": "Point", "coordinates": [-87.6177, 41.8296] }
    },
    {
      "type": "Feature",
      "properties": { "k": "place" },
      "geometry": { "type": "Point", "coordinates": [-87.6227, 41.8246] }
    },
    {
      "type": "Feature",
      "properties": { "k": "institution" },
      "geometry": { "type": "Point", "coordinates": [-87.6118, 41.8021] }
    },
    {
      "type": "Feature",
      "properties": { "k": "person" },
      "geometry": { "type": "Point", "coordinates": [-87.6177, 41.8095] }
    },
    {
      "type": "Feature",
      "properties": { "k": "place" },
      "geometry": { "type": "Point", "coordinates": [-87.6168, 41.8176] }
    },
    {
      "type": "Feature",
      "properties": { "k": "place" },
      "geometry": { "type": "Point", "coordinates": [-87.6186, 41.8309] }
    },
    {
      "type": "Feature",
      "properties": { "k": "event" },
      "geometry": { "type": "Point", "coordinates": [-87.5907, 41.7943] }
    },
    {
      "type": "Feature",
      "properties": { "k": "place" },
      "geometry": { "type": "Point", "coordinates": [-87.6176, 41.8297] }
    },
    {
      "type": "Feature",
      "properties": { "k": "place" },
      "geometry": { "type": "Point", "coordinates": [-87.6162, 41.81] }
    },
    {
      "type": "Feature",
      "properties": { "k": "person" },
      "geometry": { "type": "Point", "coordinates": [-87.6136, 41.803] }
    },
    {
      "type": "Feature",
      "properties": { "k": "place" },
      "geometry": { "type": "Point", "coordinates": [-87.6175, 41.8311] }
    },
    {
      "type": "Feature",
      "properties": { "k": "place" },
      "geometry": { "type": "Point", "coordinates": [-87.6264, 41.8284] }
    },
    {
      "type": "Feature",
      "properties": { "k": "place" },
      "geometry": { "type": "Point", "coordinates": [-87.6194, 41.8307] }
    },
    {
      "type": "Feature",
      "properties": { "k": "place" },
      "geometry": { "type": "Point", "coordinates": [-87.6172, 41.8119] }
    },
    {
      "type": "Feature",
      "properties": { "k": "institution" },
      "geometry": { "type": "Point", "coordinates": [-87.6214, 41.8344] }
    },
    {
      "type": "Feature",
      "properties": { "k": "place" },
      "geometry": { "type": "Point", "coordinates": [-87.6243, 41.8257] }
    },
    {
      "type": "Feature",
      "properties": { "k": "place" },
      "geometry": { "type": "Point", "coordinates": [-87.3408, 41.5635] }
    },
    {
      "type": "Feature",
      "properties": { "k": "person" },
      "geometry": { "type": "Point", "coordinates": [-87.3199, 41.5907] }
    },
    {
      "type": "Feature",
      "properties": { "k": "person" },
      "geometry": { "type": "Point", "coordinates": [-87.3464, 41.5934] }
    },
    {
      "type": "Feature",
      "properties": { "k": "person" },
      "geometry": { "type": "Point", "coordinates": [-87.65, 41.88] }
    },
    {
      "type": "Feature",
      "properties": { "k": "person" },
      "geometry": { "type": "Point", "coordinates": [-87.65, 41.85] }
    },
    {
      "type": "Feature",
      "properties": { "k": "place" },
      "geometry": { "type": "Point", "coordinates": [-87.8235, 41.8718] }
    },
    {
      "type": "Feature",
      "properties": { "k": "place" },
      "geometry": { "type": "Point", "coordinates": [-87.7592, 41.8444] }
    },
    {
      "type": "Feature",
      "properties": { "k": "place" },
      "geometry": { "type": "Point", "coordinates": [-87.7163, 41.863] }
    },
    {
      "type": "Feature",
      "properties": { "k": "person" },
      "geometry": { "type": "Point", "coordinates": [-87.7899, 41.8948] }
    },
    {
      "type": "Feature",
      "properties": { "k": "institution" },
      "geometry": { "type": "Point", "coordinates": [-87.6753, 41.8781] }
    },
    {
      "type": "Feature",
      "properties": { "k": "organization" },
      "geometry": { "type": "Point", "coordinates": [-87.6298, 41.8781] }
    },
    {
      "type": "Feature",
      "properties": { "k": "invention" },
      "geometry": { "type": "Point", "coordinates": [-87.6298, 41.8781] }
    },
    {
      "type": "Feature",
      "properties": { "k": "invention" },
      "geometry": { "type": "Point", "coordinates": [-87.6298, 41.8781] }
    },
    {
      "type": "Feature",
      "properties": { "k": "invention" },
      "geometry": { "type": "Point", "coordinates": [-87.6298, 41.8781] }
    },
    {
      "type": "Feature",
      "properties": { "k": "place" },
      "geometry": { "type": "Point", "coordinates": [-87.6664, 41.8787] }
    },
    {
      "type": "Feature",
      "properties": { "k": "person" },
      "geometry": { "type": "Point", "coordinates": [-87.6298, 41.8781] }
    },
    {
      "type": "Feature",
      "properties": { "k": "organization" },
      "geometry": { "type": "Point", "coordinates": [-87.6277, 41.8818] }
    },
    {
      "type": "Feature",
      "properties": { "k": "person" },
      "geometry": { "type": "Point", "coordinates": [-87.6316, 41.8839] }
    },
    {
      "type": "Feature",
      "properties": { "k": "place" },
      "geometry": { "type": "Point", "coordinates": [-87.6455, 41.8943] }
    },
    {
      "type": "Feature",
      "properties": { "k": "place" },
      "geometry": { "type": "Point", "coordinates": [-87.6455, 41.8943] }
    },
    {
      "type": "Feature",
      "properties": { "k": "organization" },
      "geometry": { "type": "Point", "coordinates": [-87.6278, 41.8819] }
    },
    {
      "type": "Feature",
      "properties": { "k": "place" },
      "geometry": { "type": "Point", "coordinates": [-87.6455, 41.8943] }
    },
    {
      "type": "Feature",
      "properties": { "k": "event" },
      "geometry": { "type": "Point", "coordinates": [-87.6089, 41.8425] }
    },
    {
      "type": "Feature",
      "properties": { "k": "place" },
      "geometry": { "type": "Point", "coordinates": [-87.6251, 41.8491] }
    },
    {
      "type": "Feature",
      "properties": { "k": "movement" },
      "geometry": { "type": "Point", "coordinates": [-87.6216, 41.8676] }
    },
    {
      "type": "Feature",
      "properties": { "k": "publication" },
      "geometry": { "type": "Point", "coordinates": [-87.6238, 41.8492] }
    },
    {
      "type": "Feature",
      "properties": { "k": "place" },
      "geometry": { "type": "Point", "coordinates": [-87.6247, 41.8665] }
    },
    {
      "type": "Feature",
      "properties": { "k": "place" },
      "geometry": { "type": "Point", "coordinates": [-87.6251, 41.8488] }
    },
    {
      "type": "Feature",
      "properties": { "k": "place" },
      "geometry": { "type": "Point", "coordinates": [-87.6225, 41.8377] }
    },
    {
      "type": "Feature",
      "properties": { "k": "person" },
      "geometry": { "type": "Point", "coordinates": [-87.6244, 41.8756] }
    },
    {
      "type": "Feature",
      "properties": { "k": "person" },
      "geometry": { "type": "Point", "coordinates": [-87.6247, 41.8711] }
    },
    {
      "type": "Feature",
      "properties": { "k": "person" },
      "geometry": { "type": "Point", "coordinates": [-87.6244, 41.8756] }
    },
    {
      "type": "Feature",
      "properties": { "k": "person" },
      "geometry": { "type": "Point", "coordinates": [-87.625, 41.8619] }
    },
    {
      "type": "Feature",
      "properties": { "k": "place" },
      "geometry": { "type": "Point", "coordinates": [-87.6235, 41.8897] }
    },
    {
      "type": "Feature",
      "properties": { "k": "place" },
      "geometry": { "type": "Point", "coordinates": [-86.9038, 40.0448] }
    },
    {
      "type": "Feature",
      "properties": { "k": "place" },
      "geometry": { "type": "Point", "coordinates": [-86.0614, 39.4811] }
    },
    {
      "type": "Feature",
      "properties": { "k": "place" },
      "geometry": { "type": "Point", "coordinates": [-86.1181, 39.6114] }
    },
    {
      "type": "Feature",
      "properties": { "k": "publication" },
      "geometry": { "type": "Point", "coordinates": [-86.1581, 39.7684] }
    },
    {
      "type": "Feature",
      "properties": { "k": "place" },
      "geometry": { "type": "Point", "coordinates": [-86.1358, 39.783] }
    },
    {
      "type": "Feature",
      "properties": { "k": "place" },
      "geometry": { "type": "Point", "coordinates": [-86.1358, 39.783] }
    },
    {
      "type": "Feature",
      "properties": { "k": "place" },
      "geometry": { "type": "Point", "coordinates": [-86.1616, 39.7937] }
    },
    {
      "type": "Feature",
      "properties": { "k": "place" },
      "geometry": { "type": "Point", "coordinates": [-86.1358, 39.783] }
    },
    {
      "type": "Feature",
      "properties": { "k": "place" },
      "geometry": { "type": "Point", "coordinates": [-86.1656, 39.773] }
    },
    {
      "type": "Feature",
      "properties": { "k": "place" },
      "geometry": { "type": "Point", "coordinates": [-86.1358, 39.783] }
    },
    {
      "type": "Feature",
      "properties": { "k": "place" },
      "geometry": { "type": "Point", "coordinates": [-86.1358, 39.783] }
    },
    {
      "type": "Feature",
      "properties": { "k": "person" },
      "geometry": { "type": "Point", "coordinates": [-86.1699, 39.7829] }
    },
    {
      "type": "Feature",
      "properties": { "k": "place" },
      "geometry": { "type": "Point", "coordinates": [-86.1629, 39.777] }
    },
    {
      "type": "Feature",
      "properties": { "k": "place" },
      "geometry": { "type": "Point", "coordinates": [-86.1672, 39.7762] }
    },
    {
      "type": "Feature",
      "properties": { "k": "place" },
      "geometry": { "type": "Point", "coordinates": [-86.1358, 39.783] }
    },
    {
      "type": "Feature",
      "properties": { "k": "place" },
      "geometry": { "type": "Point", "coordinates": [-86.1699, 39.7829] }
    },
    {
      "type": "Feature",
      "properties": { "k": "place" },
      "geometry": { "type": "Point", "coordinates": [-86.1656, 39.7731] }
    },
    {
      "type": "Feature",
      "properties": { "k": "law" },
      "geometry": { "type": "Point", "coordinates": [-86.2816, 39.8942] }
    },
    {
      "type": "Feature",
      "properties": { "k": "organization" },
      "geometry": { "type": "Point", "coordinates": [-86.1758, 39.8397] }
    },
    {
      "type": "Feature",
      "properties": { "k": "person" },
      "geometry": { "type": "Point", "coordinates": [-86.1093, 39.775] }
    },
    {
      "type": "Feature",
      "properties": { "k": "place" },
      "geometry": { "type": "Point", "coordinates": [-86.0217, 40.0535] }
    },
    {
      "type": "Feature",
      "properties": { "k": "place" },
      "geometry": { "type": "Point", "coordinates": [-87.1776, 40.2963] }
    },
    {
      "type": "Feature",
      "properties": { "k": "place" },
      "geometry": { "type": "Point", "coordinates": [-86.0954, 40.1889] }
    },
    {
      "type": "Feature",
      "properties": { "k": "place" },
      "geometry": { "type": "Point", "coordinates": [-86.114, 40.1907] }
    },
    {
      "type": "Feature",
      "properties": { "k": "place" },
      "geometry": { "type": "Point", "coordinates": [-85.8372, 40.2739] }
    },
    {
      "type": "Feature",
      "properties": { "k": "place" },
      "geometry": { "type": "Point", "coordinates": [-86.1253, 40.496] }
    },
    {
      "type": "Feature",
      "properties": { "k": "place" },
      "geometry": { "type": "Point", "coordinates": [-85.4365, 39.6148] }
    },
    {
      "type": "Feature",
      "properties": { "k": "place" },
      "geometry": { "type": "Point", "coordinates": [-85.4665, 39.6224] }
    },
    {
      "type": "Feature",
      "properties": { "k": "place" },
      "geometry": { "type": "Point", "coordinates": [-85.0067, 39.8631] }
    },
    {
      "type": "Feature",
      "properties": { "k": "place" },
      "geometry": { "type": "Point", "coordinates": [-84.8994, 39.9151] }
    },
    {
      "type": "Feature",
      "properties": { "k": "place" },
      "geometry": { "type": "Point", "coordinates": [-84.7952, 40.0776] }
    },
    {
      "type": "Feature",
      "properties": { "k": "place" },
      "geometry": { "type": "Point", "coordinates": [-85.3993, 40.2275] }
    },
    {
      "type": "Feature",
      "properties": { "k": "place" },
      "geometry": { "type": "Point", "coordinates": [-87.0403, 41.4761] }
    },
    {
      "type": "Feature",
      "properties": { "k": "place" },
      "geometry": { "type": "Point", "coordinates": [-86.7425, 41.7914] }
    },
    {
      "type": "Feature",
      "properties": { "k": "place" },
      "geometry": { "type": "Point", "coordinates": [-86.2383, 41.6848] }
    },
    {
      "type": "Feature",
      "properties": { "k": "place" },
      "geometry": { "type": "Point", "coordinates": [-85.1348, 41.0814] }
    },
    {
      "type": "Feature",
      "properties": { "k": "place" },
      "geometry": { "type": "Point", "coordinates": [-85.1263, 41.0776] }
    },
    {
      "type": "Feature",
      "properties": { "k": "place" },
      "geometry": { "type": "Point", "coordinates": [-85.2662, 41.4444] }
    },
    {
      "type": "Feature",
      "properties": { "k": "place" },
      "geometry": { "type": "Point", "coordinates": [-84.9278, 40.8286] }
    },
    {
      "type": "Feature",
      "properties": { "k": "place" },
      "geometry": { "type": "Point", "coordinates": [-85.0024, 41.6435] }
    },
    {
      "type": "Feature",
      "properties": { "k": "place" },
      "geometry": { "type": "Point", "coordinates": [-85.0024, 41.6435] }
    },
    {
      "type": "Feature",
      "properties": { "k": "place" },
      "geometry": { "type": "Point", "coordinates": [-89.0401, 42.522] }
    },
    {
      "type": "Feature",
      "properties": { "k": "place" },
      "geometry": { "type": "Point", "coordinates": [-89.379, 43.081] }
    },
    {
      "type": "Feature",
      "properties": { "k": "place" },
      "geometry": { "type": "Point", "coordinates": [-89.3788, 43.0809] }
    },
    {
      "type": "Feature",
      "properties": { "k": "place" },
      "geometry": { "type": "Point", "coordinates": [-88.6677, 43.2066] }
    },
    {
      "type": "Feature",
      "properties": { "k": "other" },
      "geometry": { "type": "Point", "coordinates": [-87.841, 42.309] }
    },
    {
      "type": "Feature",
      "properties": { "k": "organization" },
      "geometry": { "type": "Point", "coordinates": [-87.9379, 43.0599] }
    },
    {
      "type": "Feature",
      "properties": { "k": "place" },
      "geometry": { "type": "Point", "coordinates": [-87.9071, 43.062] }
    },
    {
      "type": "Feature",
      "properties": { "k": "place" },
      "geometry": { "type": "Point", "coordinates": [-87.91, 43.0634] }
    },
    {
      "type": "Feature",
      "properties": { "k": "institution" },
      "geometry": { "type": "Point", "coordinates": [-87.9158, 43.0602] }
    },
    {
      "type": "Feature",
      "properties": { "k": "place" },
      "geometry": { "type": "Point", "coordinates": [-87.9223, 43.0742] }
    },
    {
      "type": "Feature",
      "properties": { "k": "place" },
      "geometry": { "type": "Point", "coordinates": [-87.8623, 42.9126] }
    },
    {
      "type": "Feature",
      "properties": { "k": "place" },
      "geometry": { "type": "Point", "coordinates": [-87.725, 43.75] }
    },
    {
      "type": "Feature",
      "properties": { "k": "place" },
      "geometry": { "type": "Point", "coordinates": [-87.675, 44.0964] }
    },
    {
      "type": "Feature",
      "properties": { "k": "person" },
      "geometry": { "type": "Point", "coordinates": [-85.1797, 42.3212] }
    },
    {
      "type": "Feature",
      "properties": { "k": "place" },
      "geometry": { "type": "Point", "coordinates": [-84.5673, 42.6868] }
    },
    {
      "type": "Feature",
      "properties": { "k": "place" },
      "geometry": { "type": "Point", "coordinates": [-85.5474, 43.0325] }
    },
    {
      "type": "Feature",
      "properties": { "k": "place" },
      "geometry": { "type": "Point", "coordinates": [-85.8022, 43.8933] }
    },
    {
      "type": "Feature",
      "properties": { "k": "place" },
      "geometry": { "type": "Point", "coordinates": [-85.8114, 43.9952] }
    },
    {
      "type": "Feature",
      "properties": { "k": "place" },
      "geometry": { "type": "Point", "coordinates": [-85.1938, 43.6153] }
    },
    {
      "type": "Feature",
      "properties": { "k": "place" },
      "geometry": { "type": "Point", "coordinates": [-83.8949, 39.6875] }
    },
    {
      "type": "Feature",
      "properties": { "k": "school" },
      "geometry": { "type": "Point", "coordinates": [-83.879, 39.716] }
    },
    {
      "type": "Feature",
      "properties": { "k": "place" },
      "geometry": { "type": "Point", "coordinates": [-83.8745, 39.7186] }
    },
    {
      "type": "Feature",
      "properties": { "k": "place" },
      "geometry": { "type": "Point", "coordinates": [-83.8819, 39.7176] }
    },
    {
      "type": "Feature",
      "properties": { "k": "place" },
      "geometry": { "type": "Point", "coordinates": [-83.8859, 39.7195] }
    },
    {
      "type": "Feature",
      "properties": { "k": "school" },
      "geometry": { "type": "Point", "coordinates": [-83.8806, 39.7075] }
    },
    {
      "type": "Feature",
      "properties": { "k": "place" },
      "geometry": { "type": "Point", "coordinates": [-83.8827, 39.7176] }
    },
    {
      "type": "Feature",
      "properties": { "k": "place" },
      "geometry": { "type": "Point", "coordinates": [-83.891, 39.6898] }
    },
    {
      "type": "Feature",
      "properties": { "k": "person" },
      "geometry": { "type": "Point", "coordinates": [-83.8915, 39.7067] }
    },
    {
      "type": "Feature",
      "properties": { "k": "institution" },
      "geometry": { "type": "Point", "coordinates": [-83.8805, 39.7168] }
    },
    {
      "type": "Feature",
      "properties": { "k": "place" },
      "geometry": { "type": "Point", "coordinates": [-84.2906, 39.7537] }
    },
    {
      "type": "Feature",
      "properties": { "k": "place" },
      "geometry": { "type": "Point", "coordinates": [-84.2177, 39.7521] }
    },
    {
      "type": "Feature",
      "properties": { "k": "place" },
      "geometry": { "type": "Point", "coordinates": [-84.2082, 39.7536] }
    },
    {
      "type": "Feature",
      "properties": { "k": "place" },
      "geometry": { "type": "Point", "coordinates": [-84.2076, 39.7533] }
    },
    {
      "type": "Feature",
      "properties": { "k": "place" },
      "geometry": { "type": "Point", "coordinates": [-83.8958, 39.7988] }
    },
    {
      "type": "Feature",
      "properties": { "k": "person" },
      "geometry": { "type": "Point", "coordinates": [-83.8413, 39.7381] }
    },
    {
      "type": "Feature",
      "properties": { "k": "place" },
      "geometry": { "type": "Point", "coordinates": [-83.4619, 39.5552] }
    },
    {
      "type": "Feature",
      "properties": { "k": "place" },
      "geometry": { "type": "Point", "coordinates": [-82.9806, 39.9718] }
    },
    {
      "type": "Feature",
      "properties": { "k": "place" },
      "geometry": { "type": "Point", "coordinates": [-83.0091, 39.9699] }
    },
    {
      "type": "Feature",
      "properties": { "k": "place" },
      "geometry": { "type": "Point", "coordinates": [-82.9789, 39.9658] }
    },
    {
      "type": "Feature",
      "properties": { "k": "place" },
      "geometry": { "type": "Point", "coordinates": [-83.0091, 39.9699] }
    },
    {
      "type": "Feature",
      "properties": { "k": "place" },
      "geometry": { "type": "Point", "coordinates": [-83.0091, 39.9699] }
    },
    {
      "type": "Feature",
      "properties": { "k": "place" },
      "geometry": { "type": "Point", "coordinates": [-82.9792, 39.9653] }
    },
    {
      "type": "Feature",
      "properties": { "k": "person" },
      "geometry": { "type": "Point", "coordinates": [-83.0006, 39.9622] }
    },
    {
      "type": "Feature",
      "properties": { "k": "place" },
      "geometry": { "type": "Point", "coordinates": [-83.0091, 39.9699] }
    },
    {
      "type": "Feature",
      "properties": { "k": "person" },
      "geometry": { "type": "Point", "coordinates": [-83.0276, 40.0124] }
    },
    {
      "type": "Feature",
      "properties": { "k": "person" },
      "geometry": { "type": "Point", "coordinates": [-83.0287, 40.0057] }
    },
    {
      "type": "Feature",
      "properties": { "k": "place" },
      "geometry": { "type": "Point", "coordinates": [-82.9742, 40.0179] }
    },
    {
      "type": "Feature",
      "properties": { "k": "person" },
      "geometry": { "type": "Point", "coordinates": [-83.825, 40.706] }
    },
    {
      "type": "Feature",
      "properties": { "k": "place" },
      "geometry": { "type": "Point", "coordinates": [-83.1289, 40.5886] }
    },
    {
      "type": "Feature",
      "properties": { "k": "place" },
      "geometry": { "type": "Point", "coordinates": [-82.9523, 39.9686] }
    },
    {
      "type": "Feature",
      "properties": { "k": "place" },
      "geometry": { "type": "Point", "coordinates": [-82.9596, 39.9681] }
    },
    {
      "type": "Feature",
      "properties": { "k": "place" },
      "geometry": { "type": "Point", "coordinates": [-81.9435, 39.966] }
    },
    {
      "type": "Feature",
      "properties": { "k": "place" },
      "geometry": { "type": "Point", "coordinates": [-82.5652, 40.1282] }
    },
    {
      "type": "Feature",
      "properties": { "k": "place" },
      "geometry": { "type": "Point", "coordinates": [-82.4411, 40.2336] }
    },
    {
      "type": "Feature",
      "properties": { "k": "event" },
      "geometry": { "type": "Point", "coordinates": [-82.2185, 41.1723] }
    },
    {
      "type": "Feature",
      "properties": { "k": "place" },
      "geometry": { "type": "Point", "coordinates": [-82.2098, 41.2913] }
    },
    {
      "type": "Feature",
      "properties": { "k": "person" },
      "geometry": { "type": "Point", "coordinates": [-81.8624, 41.4128] }
    },
    {
      "type": "Feature",
      "properties": { "k": "person" },
      "geometry": { "type": "Point", "coordinates": [-81.6, 41.52] }
    },
    {
      "type": "Feature",
      "properties": { "k": "person" },
      "geometry": { "type": "Point", "coordinates": [-81.69, 41.51] }
    },
    {
      "type": "Feature",
      "properties": { "k": "person" },
      "geometry": { "type": "Point", "coordinates": [-81.6956, 41.5086] }
    },
    {
      "type": "Feature",
      "properties": { "k": "publication" },
      "geometry": { "type": "Point", "coordinates": [-81.6944, 41.4993] }
    },
    {
      "type": "Feature",
      "properties": { "k": "organization" },
      "geometry": { "type": "Point", "coordinates": [-81.6944, 41.4993] }
    },
    {
      "type": "Feature",
      "properties": { "k": "invention" },
      "geometry": { "type": "Point", "coordinates": [-81.6944, 41.4993] }
    },
    {
      "type": "Feature",
      "properties": { "k": "invention" },
      "geometry": { "type": "Point", "coordinates": [-81.6944, 41.4993] }
    },
    {
      "type": "Feature",
      "properties": { "k": "person" },
      "geometry": { "type": "Point", "coordinates": [-81.6956, 41.5086] }
    },
    {
      "type": "Feature",
      "properties": { "k": "person" },
      "geometry": { "type": "Point", "coordinates": [-81.6937, 41.4997] }
    },
    {
      "type": "Feature",
      "properties": { "k": "place" },
      "geometry": { "type": "Point", "coordinates": [-81.6571, 41.4982] }
    },
    {
      "type": "Feature",
      "properties": { "k": "place" },
      "geometry": { "type": "Point", "coordinates": [-81.6187, 41.5032] }
    },
    {
      "type": "Feature",
      "properties": { "k": "place" },
      "geometry": { "type": "Point", "coordinates": [-81.6152, 41.5265] }
    },
    {
      "type": "Feature",
      "properties": { "k": "place" },
      "geometry": { "type": "Point", "coordinates": [-81.6306, 41.5031] }
    },
    {
      "type": "Feature",
      "properties": { "k": "institution" },
      "geometry": { "type": "Point", "coordinates": [-81.6198, 41.5128] }
    },
    {
      "type": "Feature",
      "properties": { "k": "place" },
      "geometry": { "type": "Point", "coordinates": [-81.605, 41.555] }
    },
    {
      "type": "Feature",
      "properties": { "k": "place" },
      "geometry": { "type": "Point", "coordinates": [-81.605, 41.555] }
    },
    {
      "type": "Feature",
      "properties": { "k": "place" },
      "geometry": { "type": "Point", "coordinates": [-81.605, 41.555] }
    },
    {
      "type": "Feature",
      "properties": { "k": "place" },
      "geometry": { "type": "Point", "coordinates": [-81.605, 41.555] }
    },
    {
      "type": "Feature",
      "properties": { "k": "place" },
      "geometry": { "type": "Point", "coordinates": [-81.605, 41.555] }
    },
    {
      "type": "Feature",
      "properties": { "k": "place" },
      "geometry": { "type": "Point", "coordinates": [-81.605, 41.555] }
    },
    {
      "type": "Feature",
      "properties": { "k": "place" },
      "geometry": { "type": "Point", "coordinates": [-81.605, 41.555] }
    },
    {
      "type": "Feature",
      "properties": { "k": "place" },
      "geometry": { "type": "Point", "coordinates": [-81.605, 41.555] }
    },
    {
      "type": "Feature",
      "properties": { "k": "place" },
      "geometry": { "type": "Point", "coordinates": [-81.605, 41.555] }
    },
    {
      "type": "Feature",
      "properties": { "k": "place" },
      "geometry": { "type": "Point", "coordinates": [-81.605, 41.555] }
    },
    {
      "type": "Feature",
      "properties": { "k": "place" },
      "geometry": { "type": "Point", "coordinates": [-80.9677, 40.0177] }
    },
    {
      "type": "Feature",
      "properties": { "k": "person" },
      "geometry": { "type": "Point", "coordinates": [-80.7638, 40.0204] }
    },
    {
      "type": "Feature",
      "properties": { "k": "place" },
      "geometry": { "type": "Point", "coordinates": [-80.5845, 40.4125] }
    },
    {
      "type": "Feature",
      "properties": { "k": "place" },
      "geometry": { "type": "Point", "coordinates": [-80.1476, 39.4863] }
    },
    {
      "type": "Feature",
      "properties": { "k": "place" },
      "geometry": { "type": "Point", "coordinates": [-80.1467, 39.4868] }
    },
    {
      "type": "Feature",
      "properties": { "k": "place" },
      "geometry": { "type": "Point", "coordinates": [-80.0591, 39.6336] }
    },
    {
      "type": "Feature",
      "properties": { "k": "place" },
      "geometry": { "type": "Point", "coordinates": [-80.0591, 39.6336] }
    },
    {
      "type": "Feature",
      "properties": { "k": "place" },
      "geometry": { "type": "Point", "coordinates": [-79.9489, 39.6213] }
    },
    {
      "type": "Feature",
      "properties": { "k": "place" },
      "geometry": { "type": "Point", "coordinates": [-79.9129, 39.7927] }
    },
    {
      "type": "Feature",
      "properties": { "k": "place" },
      "geometry": { "type": "Point", "coordinates": [-79.6403, 39.9189] }
    },
    {
      "type": "Feature",
      "properties": { "k": "place" },
      "geometry": { "type": "Point", "coordinates": [-79.9317, 40.2072] }
    },
    {
      "type": "Feature",
      "properties": { "k": "person" },
      "geometry": { "type": "Point", "coordinates": [-79.9052, 40.3926] }
    },
    {
      "type": "Feature",
      "properties": { "k": "place" },
      "geometry": { "type": "Point", "coordinates": [-79.4667, 40.3111] }
    },
    {
      "type": "Feature",
      "properties": { "k": "person" },
      "geometry": { "type": "Point", "coordinates": [-79.986, 40.4451] }
    },
    {
      "type": "Feature",
      "properties": { "k": "person" },
      "geometry": { "type": "Point", "coordinates": [-79.9959, 40.4406] }
    },
    {
      "type": "Feature",
      "properties": { "k": "invention" },
      "geometry": { "type": "Point", "coordinates": [-79.9959, 40.4406] }
    },
    {
      "type": "Feature",
      "properties": { "k": "place" },
      "geometry": { "type": "Point", "coordinates": [-79.9677, 40.4472] }
    },
    {
      "type": "Feature",
      "properties": { "k": "publication" },
      "geometry": { "type": "Point", "coordinates": [-79.9776, 40.4443] }
    },
    {
      "type": "Feature",
      "properties": { "k": "place" },
      "geometry": { "type": "Point", "coordinates": [-79.9776, 40.4443] }
    },
    {
      "type": "Feature",
      "properties": { "k": "place" },
      "geometry": { "type": "Point", "coordinates": [-79.9786, 40.4466] }
    },
    {
      "type": "Feature",
      "properties": { "k": "place" },
      "geometry": { "type": "Point", "coordinates": [-79.978, 40.4456] }
    },
    {
      "type": "Feature",
      "properties": { "k": "person" },
      "geometry": { "type": "Point", "coordinates": [-79.9528, 40.4752] }
    },
    {
      "type": "Feature",
      "properties": { "k": "person" },
      "geometry": { "type": "Point", "coordinates": [-81.4, 40.82] }
    },
    {
      "type": "Feature",
      "properties": { "k": "person" },
      "geometry": { "type": "Point", "coordinates": [-81.3976, 40.8227] }
    },
    {
      "type": "Feature",
      "properties": { "k": "institution" },
      "geometry": { "type": "Point", "coordinates": [-81.3978, 40.8211] }
    },
    {
      "type": "Feature",
      "properties": { "k": "place" },
      "geometry": { "type": "Point", "coordinates": [-81.3657, 40.8141] }
    },
    {
      "type": "Feature",
      "properties": { "k": "place" },
      "geometry": { "type": "Point", "coordinates": [-81.5103, 41.0862] }
    },
    {
      "type": "Feature",
      "properties": { "k": "place" },
      "geometry": { "type": "Point", "coordinates": [-80.7704, 41.0109] }
    },
    {
      "type": "Feature",
      "properties": { "k": "other" },
      "geometry": { "type": "Point", "coordinates": [-83.7381, 42.2769] }
    },
    {
      "type": "Feature",
      "properties": { "k": "invention" },
      "geometry": { "type": "Point", "coordinates": [-83.613, 42.2411] }
    },
    {
      "type": "Feature",
      "properties": { "k": "person" },
      "geometry": { "type": "Point", "coordinates": [-83.6118, 42.2411] }
    },
    {
      "type": "Feature",
      "properties": { "k": "person" },
      "geometry": { "type": "Point", "coordinates": [-83.05, 42.35] }
    },
    {
      "type": "Feature",
      "properties": { "k": "person" },
      "geometry": { "type": "Point", "coordinates": [-83.06, 42.35] }
    },
    {
      "type": "Feature",
      "properties": { "k": "place" },
      "geometry": { "type": "Point", "coordinates": [-83.3129, 42.2774] }
    },
    {
      "type": "Feature",
      "properties": { "k": "place" },
      "geometry": { "type": "Point", "coordinates": [-83.262, 42.2847] }
    },
    {
      "type": "Feature",
      "properties": { "k": "place" },
      "geometry": { "type": "Point", "coordinates": [-83.262, 42.2847] }
    },
    {
      "type": "Feature",
      "properties": { "k": "place" },
      "geometry": { "type": "Point", "coordinates": [-83.262, 42.2847] }
    },
    {
      "type": "Feature",
      "properties": { "k": "place" },
      "geometry": { "type": "Point", "coordinates": [-83.262, 42.2847] }
    },
    {
      "type": "Feature",
      "properties": { "k": "place" },
      "geometry": { "type": "Point", "coordinates": [-83.2133, 42.3144] }
    },
    {
      "type": "Feature",
      "properties": { "k": "place" },
      "geometry": { "type": "Point", "coordinates": [-83.1021, 42.363] }
    },
    {
      "type": "Feature",
      "properties": { "k": "place" },
      "geometry": { "type": "Point", "coordinates": [-83.1162, 42.3497] }
    },
    {
      "type": "Feature",
      "properties": { "k": "place" },
      "geometry": { "type": "Point", "coordinates": [-83.1195, 42.3554] }
    },
    {
      "type": "Feature",
      "properties": { "k": "organization" },
      "geometry": { "type": "Point", "coordinates": [-83.0666, 42.3594] }
    },
    {
      "type": "Feature",
      "properties": { "k": "place" },
      "geometry": { "type": "Point", "coordinates": [-83.061, 42.3545] }
    },
    {
      "type": "Feature",
      "properties": { "k": "place" },
      "geometry": { "type": "Point", "coordinates": [-83.0595, 42.3489] }
    },
    {
      "type": "Feature",
      "properties": { "k": "place" },
      "geometry": { "type": "Point", "coordinates": [-83.093, 42.3596] }
    },
    {
      "type": "Feature",
      "properties": { "k": "place" },
      "geometry": { "type": "Point", "coordinates": [-83.0587, 42.3618] }
    },
    {
      "type": "Feature",
      "properties": { "k": "place" },
      "geometry": { "type": "Point", "coordinates": [-83.0611, 42.3626] }
    },
    {
      "type": "Feature",
      "properties": { "k": "institution" },
      "geometry": { "type": "Point", "coordinates": [-83.061, 42.359] }
    },
    {
      "type": "Feature",
      "properties": { "k": "case" },
      "geometry": { "type": "Point", "coordinates": [-83.0458, 42.3314] }
    },
    {
      "type": "Feature",
      "properties": { "k": "place" },
      "geometry": { "type": "Point", "coordinates": [-83.0374, 42.3389] }
    },
    {
      "type": "Feature",
      "properties": { "k": "person" },
      "geometry": { "type": "Point", "coordinates": [-83.0442, 42.3295] }
    },
    {
      "type": "Feature",
      "properties": { "k": "place" },
      "geometry": { "type": "Point", "coordinates": [-83.0461, 42.3351] }
    },
    {
      "type": "Feature",
      "properties": { "k": "place" },
      "geometry": { "type": "Point", "coordinates": [-83.0538, 42.3483] }
    },
    {
      "type": "Feature",
      "properties": { "k": "place" },
      "geometry": { "type": "Point", "coordinates": [-83.0285, 42.3571] }
    },
    {
      "type": "Feature",
      "properties": { "k": "organization" },
      "geometry": { "type": "Point", "coordinates": [-83.0472, 42.3314] }
    },
    {
      "type": "Feature",
      "properties": { "k": "institution" },
      "geometry": { "type": "Point", "coordinates": [-83.0433, 42.3347] }
    },
    {
      "type": "Feature",
      "properties": { "k": "place" },
      "geometry": { "type": "Point", "coordinates": [-83.0458, 42.3351] }
    },
    {
      "type": "Feature",
      "properties": { "k": "place" },
      "geometry": { "type": "Point", "coordinates": [-83.0462, 42.351] }
    },
    {
      "type": "Feature",
      "properties": { "k": "place" },
      "geometry": { "type": "Point", "coordinates": [-83.0169, 42.3402] }
    },
    {
      "type": "Feature",
      "properties": { "k": "place" },
      "geometry": { "type": "Point", "coordinates": [-83.0313, 42.35] }
    },
    {
      "type": "Feature",
      "properties": { "k": "place" },
      "geometry": { "type": "Point", "coordinates": [-83.1097, 42.3642] }
    },
    {
      "type": "Feature",
      "properties": { "k": "place" },
      "geometry": { "type": "Point", "coordinates": [-83.1259, 42.3819] }
    },
    {
      "type": "Feature",
      "properties": { "k": "institution" },
      "geometry": { "type": "Point", "coordinates": [-83.0883, 42.3642] }
    },
    {
      "type": "Feature",
      "properties": { "k": "organization" },
      "geometry": { "type": "Point", "coordinates": [-83.0567, 42.3972] }
    },
    {
      "type": "Feature",
      "properties": { "k": "place" },
      "geometry": { "type": "Point", "coordinates": [-83.0699, 42.3728] }
    },
    {
      "type": "Feature",
      "properties": { "k": "event" },
      "geometry": { "type": "Point", "coordinates": [-83.0994, 42.3764] }
    },
    {
      "type": "Feature",
      "properties": { "k": "place" },
      "geometry": { "type": "Point", "coordinates": [-83.0591, 42.3633] }
    },
    {
      "type": "Feature",
      "properties": { "k": "place" },
      "geometry": { "type": "Point", "coordinates": [-82.9845, 42.3702] }
    },
    {
      "type": "Feature",
      "properties": { "k": "place" },
      "geometry": { "type": "Point", "coordinates": [-82.9869, 42.3645] }
    },
    {
      "type": "Feature",
      "properties": { "k": "place" },
      "geometry": { "type": "Point", "coordinates": [-83.0541, 42.4311] }
    },
    {
      "type": "Feature",
      "properties": { "k": "place" },
      "geometry": { "type": "Point", "coordinates": [-84.1758, 42.9956] }
    },
    {
      "type": "Feature",
      "properties": { "k": "person" },
      "geometry": { "type": "Point", "coordinates": [-83.92, 43.4] }
    },
    {
      "type": "Feature",
      "properties": { "k": "person" },
      "geometry": { "type": "Point", "coordinates": [-83.92, 43.4] }
    },
    {
      "type": "Feature",
      "properties": { "k": "place" },
      "geometry": { "type": "Point", "coordinates": [-78.8666, 42.8859] }
    },
    {
      "type": "Feature",
      "properties": { "k": "place" },
      "geometry": { "type": "Point", "coordinates": [-78.8684, 42.8833] }
    },
    {
      "type": "Feature",
      "properties": { "k": "place" },
      "geometry": { "type": "Point", "coordinates": [-78.8679, 42.8865] }
    },
    {
      "type": "Feature",
      "properties": { "k": "place" },
      "geometry": { "type": "Point", "coordinates": [-78.8514, 42.9425] }
    },
    {
      "type": "Feature",
      "properties": { "k": "place" },
      "geometry": { "type": "Point", "coordinates": [-79.054, 43.1104] }
    },
    {
      "type": "Feature",
      "properties": { "k": "place" },
      "geometry": { "type": "Point", "coordinates": [-78.6393, 34.2616] }
    },
    {
      "type": "Feature",
      "properties": { "k": "place" },
      "geometry": { "type": "Point", "coordinates": [-78.2046, 34.4124] }
    },
    {
      "type": "Feature",
      "properties": { "k": "place" },
      "geometry": { "type": "Point", "coordinates": [-78.0186, 33.9258] }
    },
    {
      "type": "Feature",
      "properties": { "k": "event" },
      "geometry": { "type": "Point", "coordinates": [-77.9447, 34.2257] }
    },
    {
      "type": "Feature",
      "properties": { "k": "place" },
      "geometry": { "type": "Point", "coordinates": [-77.8642, 34.1834] }
    },
    {
      "type": "Feature",
      "properties": { "k": "place" },
      "geometry": { "type": "Point", "coordinates": [-78.5395, 34.5919] }
    },
    {
      "type": "Feature",
      "properties": { "k": "place" },
      "geometry": { "type": "Point", "coordinates": [-78.0333, 34.7338] }
    },
    {
      "type": "Feature",
      "properties": { "k": "place" },
      "geometry": { "type": "Point", "coordinates": [-77.5353, 34.8511] }
    },
    {
      "type": "Feature",
      "properties": { "k": "place" },
      "geometry": { "type": "Point", "coordinates": [-77.0813, 35.1168] }
    },
    {
      "type": "Feature",
      "properties": { "k": "place" },
      "geometry": { "type": "Point", "coordinates": [-77.0813, 35.1168] }
    },
    {
      "type": "Feature",
      "properties": { "k": "place" },
      "geometry": { "type": "Point", "coordinates": [-77.0813, 35.1168] }
    },
    {
      "type": "Feature",
      "properties": { "k": "place" },
      "geometry": { "type": "Point", "coordinates": [-77.0432, 35.1104] }
    },
    {
      "type": "Feature",
      "properties": { "k": "place" },
      "geometry": { "type": "Point", "coordinates": [-77.0434, 35.1106] }
    },
    {
      "type": "Feature",
      "properties": { "k": "place" },
      "geometry": { "type": "Point", "coordinates": [-77.0495, 35.1111] }
    },
    {
      "type": "Feature",
      "properties": { "k": "place" },
      "geometry": { "type": "Point", "coordinates": [-77.0457, 35.1119] }
    },
    {
      "type": "Feature",
      "properties": { "k": "place" },
      "geometry": { "type": "Point", "coordinates": [-77.053, 35.1045] }
    },
    {
      "type": "Feature",
      "properties": { "k": "place" },
      "geometry": { "type": "Point", "coordinates": [-77.0358, 35.0854] }
    },
    {
      "type": "Feature",
      "properties": { "k": "place" },
      "geometry": { "type": "Point", "coordinates": [-77.0461, 35.1125] }
    },
    {
      "type": "Feature",
      "properties": { "k": "place" },
      "geometry": { "type": "Point", "coordinates": [-76.7528, 35.0368] }
    },
    {
      "type": "Feature",
      "properties": { "k": "place" },
      "geometry": { "type": "Point", "coordinates": [-76.5359, 34.8583] }
    },
    {
      "type": "Feature",
      "properties": { "k": "place" },
      "geometry": { "type": "Point", "coordinates": [-78.211, 35.406] }
    },
    {
      "type": "Feature",
      "properties": { "k": "place" },
      "geometry": { "type": "Point", "coordinates": [-78.1682, 35.47] }
    },
    {
      "type": "Feature",
      "properties": { "k": "place" },
      "geometry": { "type": "Point", "coordinates": [-78.6408, 35.6332] }
    },
    {
      "type": "Feature",
      "properties": { "k": "person" },
      "geometry": { "type": "Point", "coordinates": [-78.64, 35.78] }
    },
    {
      "type": "Feature",
      "properties": { "k": "organization" },
      "geometry": { "type": "Point", "coordinates": [-78.6375, 35.7705] }
    },
    {
      "type": "Feature",
      "properties": { "k": "school" },
      "geometry": { "type": "Point", "coordinates": [-78.638, 35.771] }
    },
    {
      "type": "Feature",
      "properties": { "k": "place" },
      "geometry": { "type": "Point", "coordinates": [-78.6391, 35.7705] }
    },
    {
      "type": "Feature",
      "properties": { "k": "place" },
      "geometry": { "type": "Point", "coordinates": [-78.625, 35.7566] }
    },
    {
      "type": "Feature",
      "properties": { "k": "place" },
      "geometry": { "type": "Point", "coordinates": [-78.6628, 35.7982] }
    },
    {
      "type": "Feature",
      "properties": { "k": "place" },
      "geometry": { "type": "Point", "coordinates": [-78.6506, 35.7898] }
    },
    {
      "type": "Feature",
      "properties": { "k": "place" },
      "geometry": { "type": "Point", "coordinates": [-78.6506, 35.7898] }
    },
    {
      "type": "Feature",
      "properties": { "k": "place" },
      "geometry": { "type": "Point", "coordinates": [-78.6583, 35.7969] }
    },
    {
      "type": "Feature",
      "properties": { "k": "place" },
      "geometry": { "type": "Point", "coordinates": [-78.6506, 35.7898] }
    },
    {
      "type": "Feature",
      "properties": { "k": "place" },
      "geometry": { "type": "Point", "coordinates": [-78.6609, 35.797] }
    },
    {
      "type": "Feature",
      "properties": { "k": "place" },
      "geometry": { "type": "Point", "coordinates": [-78.6225, 35.7849] }
    },
    {
      "type": "Feature",
      "properties": { "k": "place" },
      "geometry": { "type": "Point", "coordinates": [-78.6453, 35.7817] }
    },
    {
      "type": "Feature",
      "properties": { "k": "place" },
      "geometry": { "type": "Point", "coordinates": [-78.66, 35.7981] }
    },
    {
      "type": "Feature",
      "properties": { "k": "place" },
      "geometry": { "type": "Point", "coordinates": [-78.6506, 35.7898] }
    },
    {
      "type": "Feature",
      "properties": { "k": "place" },
      "geometry": { "type": "Point", "coordinates": [-78.6506, 35.7898] }
    },
    {
      "type": "Feature",
      "properties": { "k": "place" },
      "geometry": { "type": "Point", "coordinates": [-78.6506, 35.7898] }
    },
    {
      "type": "Feature",
      "properties": { "k": "place" },
      "geometry": { "type": "Point", "coordinates": [-78.6506, 35.7898] }
    },
    {
      "type": "Feature",
      "properties": { "k": "place" },
      "geometry": { "type": "Point", "coordinates": [-78.6381, 35.7893] }
    },
    {
      "type": "Feature",
      "properties": { "k": "place" },
      "geometry": { "type": "Point", "coordinates": [-78.637, 35.7715] }
    },
    {
      "type": "Feature",
      "properties": { "k": "place" },
      "geometry": { "type": "Point", "coordinates": [-78.6506, 35.7898] }
    },
    {
      "type": "Feature",
      "properties": { "k": "place" },
      "geometry": { "type": "Point", "coordinates": [-78.6365, 35.7743] }
    },
    {
      "type": "Feature",
      "properties": { "k": "place" },
      "geometry": { "type": "Point", "coordinates": [-78.6213, 35.7855] }
    },
    {
      "type": "Feature",
      "properties": { "k": "place" },
      "geometry": { "type": "Point", "coordinates": [-78.6506, 35.7898] }
    },
    {
      "type": "Feature",
      "properties": { "k": "event" },
      "geometry": { "type": "Point", "coordinates": [-78.6382, 35.7721] }
    },
    {
      "type": "Feature",
      "properties": { "k": "person" },
      "geometry": { "type": "Point", "coordinates": [-78.6382, 35.7721] }
    },
    {
      "type": "Feature",
      "properties": { "k": "place" },
      "geometry": { "type": "Point", "coordinates": [-78.6383, 35.7735] }
    },
    {
      "type": "Feature",
      "properties": { "k": "place" },
      "geometry": { "type": "Point", "coordinates": [-78.6506, 35.7898] }
    },
    {
      "type": "Feature",
      "properties": { "k": "place" },
      "geometry": { "type": "Point", "coordinates": [-78.3673, 35.5134] }
    },
    {
      "type": "Feature",
      "properties": { "k": "place" },
      "geometry": { "type": "Point", "coordinates": [-78.291, 35.5381] }
    },
    {
      "type": "Feature",
      "properties": { "k": "place" },
      "geometry": { "type": "Point", "coordinates": [-78.1368, 35.8219] }
    },
    {
      "type": "Feature",
      "properties": { "k": "place" },
      "geometry": { "type": "Point", "coordinates": [-77.9084, 35.295] }
    },
    {
      "type": "Feature",
      "properties": { "k": "place" },
      "geometry": { "type": "Point", "coordinates": [-77.5811, 35.2574] }
    },
    {
      "type": "Feature",
      "properties": { "k": "place" },
      "geometry": { "type": "Point", "coordinates": [-77.6726, 35.4496] }
    },
    {
      "type": "Feature",
      "properties": { "k": "place" },
      "geometry": { "type": "Point", "coordinates": [-77.6978, 35.5247] }
    },
    {
      "type": "Feature",
      "properties": { "k": "place" },
      "geometry": { "type": "Point", "coordinates": [-77.9216, 35.7004] }
    },
    {
      "type": "Feature",
      "properties": { "k": "place" },
      "geometry": { "type": "Point", "coordinates": [-77.5944, 35.5913] }
    },
    {
      "type": "Feature",
      "properties": { "k": "place" },
      "geometry": { "type": "Point", "coordinates": [-77.3727, 35.5925] }
    },
    {
      "type": "Feature",
      "properties": { "k": "place" },
      "geometry": { "type": "Point", "coordinates": [-78.5611, 35.8604] }
    },
    {
      "type": "Feature",
      "properties": { "k": "place" },
      "geometry": { "type": "Point", "coordinates": [-78.4162, 35.8598] }
    },
    {
      "type": "Feature",
      "properties": { "k": "place" },
      "geometry": { "type": "Point", "coordinates": [-78.5007, 35.9853] }
    },
    {
      "type": "Feature",
      "properties": { "k": "place" },
      "geometry": { "type": "Point", "coordinates": [-78.4572, 36.0988] }
    },
    {
      "type": "Feature",
      "properties": { "k": "place" },
      "geometry": { "type": "Point", "coordinates": [-78.3067, 36.0949] }
    },
    {
      "type": "Feature",
      "properties": { "k": "place" },
      "geometry": { "type": "Point", "coordinates": [-78.2831, 36.0882] }
    },
    {
      "type": "Feature",
      "properties": { "k": "place" },
      "geometry": { "type": "Point", "coordinates": [-78.2956, 36.101] }
    },
    {
      "type": "Feature",
      "properties": { "k": "place" },
      "geometry": { "type": "Point", "coordinates": [-78.3798, 36.1629] }
    },
    {
      "type": "Feature",
      "properties": { "k": "place" },
      "geometry": { "type": "Point", "coordinates": [-78.0687, 36.0778] }
    },
    {
      "type": "Feature",
      "properties": { "k": "place" },
      "geometry": { "type": "Point", "coordinates": [-78.6576, 36.2999] }
    },
    {
      "type": "Feature",
      "properties": { "k": "place" },
      "geometry": { "type": "Point", "coordinates": [-78.588, 36.3145] }
    },
    {
      "type": "Feature",
      "properties": { "k": "place" },
      "geometry": { "type": "Point", "coordinates": [-78.4021, 36.3384] }
    },
    {
      "type": "Feature",
      "properties": { "k": "person" },
      "geometry": { "type": "Point", "coordinates": [-78.42, 36.49] }
    },
    {
      "type": "Feature",
      "properties": { "k": "place" },
      "geometry": { "type": "Point", "coordinates": [-78.1007, 36.3619] }
    },
    {
      "type": "Feature",
      "properties": { "k": "place" },
      "geometry": { "type": "Point", "coordinates": [-78.1457, 36.3868] }
    },
    {
      "type": "Feature",
      "properties": { "k": "place" },
      "geometry": { "type": "Point", "coordinates": [-78.16, 36.3978] }
    },
    {
      "type": "Feature",
      "properties": { "k": "place" },
      "geometry": { "type": "Point", "coordinates": [-78.0999, 36.3981] }
    },
    {
      "type": "Feature",
      "properties": { "k": "place" },
      "geometry": { "type": "Point", "coordinates": [-78.0999, 36.3981] }
    },
    {
      "type": "Feature",
      "properties": { "k": "place" },
      "geometry": { "type": "Point", "coordinates": [-78.0999, 36.3981] }
    },
    {
      "type": "Feature",
      "properties": { "k": "place" },
      "geometry": { "type": "Point", "coordinates": [-78.1662, 36.5156] }
    },
    {
      "type": "Feature",
      "properties": { "k": "place" },
      "geometry": { "type": "Point", "coordinates": [-77.9876, 35.9659] }
    },
    {
      "type": "Feature",
      "properties": { "k": "organization" },
      "geometry": { "type": "Point", "coordinates": [-77.7905, 35.9382] }
    },
    {
      "type": "Feature",
      "properties": { "k": "person" },
      "geometry": { "type": "Point", "coordinates": [-77.7608, 35.9427] }
    },
    {
      "type": "Feature",
      "properties": { "k": "place" },
      "geometry": { "type": "Point", "coordinates": [-77.5324, 35.8946] }
    },
    {
      "type": "Feature",
      "properties": { "k": "place" },
      "geometry": { "type": "Point", "coordinates": [-77.5267, 35.8903] }
    },
    {
      "type": "Feature",
      "properties": { "k": "place" },
      "geometry": { "type": "Point", "coordinates": [-77.5231, 35.8897] }
    },
    {
      "type": "Feature",
      "properties": { "k": "place" },
      "geometry": { "type": "Point", "coordinates": [-77.5289, 35.8883] }
    },
    {
      "type": "Feature",
      "properties": { "k": "place" },
      "geometry": { "type": "Point", "coordinates": [-77.6027, 35.9171] }
    },
    {
      "type": "Feature",
      "properties": { "k": "place" },
      "geometry": { "type": "Point", "coordinates": [-77.5564, 35.905] }
    },
    {
      "type": "Feature",
      "properties": { "k": "place" },
      "geometry": { "type": "Point", "coordinates": [-77.6448, 36.2514] }
    },
    {
      "type": "Feature",
      "properties": { "k": "place" },
      "geometry": { "type": "Point", "coordinates": [-76.9382, 35.4201] }
    },
    {
      "type": "Feature",
      "properties": { "k": "place" },
      "geometry": { "type": "Point", "coordinates": [-76.842, 35.4823] }
    },
    {
      "type": "Feature",
      "properties": { "k": "place" },
      "geometry": { "type": "Point", "coordinates": [-77.1196, 35.8473] }
    },
    {
      "type": "Feature",
      "properties": { "k": "place" },
      "geometry": { "type": "Point", "coordinates": [-77.0609, 35.8458] }
    },
    {
      "type": "Feature",
      "properties": { "k": "place" },
      "geometry": { "type": "Point", "coordinates": [-76.0218, 35.5088] }
    },
    {
      "type": "Feature",
      "properties": { "k": "place" },
      "geometry": { "type": "Point", "coordinates": [-77.2992, 35.9607] }
    },
    {
      "type": "Feature",
      "properties": { "k": "place" },
      "geometry": { "type": "Point", "coordinates": [-76.9816, 36.3635] }
    },
    {
      "type": "Feature",
      "properties": { "k": "place" },
      "geometry": { "type": "Point", "coordinates": [-76.9816, 36.3635] }
    },
    {
      "type": "Feature",
      "properties": { "k": "place" },
      "geometry": { "type": "Point", "coordinates": [-76.9798, 36.3535] }
    },
    {
      "type": "Feature",
      "properties": { "k": "place" },
      "geometry": { "type": "Point", "coordinates": [-76.9849, 36.511] }
    },
    {
      "type": "Feature",
      "properties": { "k": "place" },
      "geometry": { "type": "Point", "coordinates": [-76.758, 36.4183] }
    },
    {
      "type": "Feature",
      "properties": { "k": "place" },
      "geometry": { "type": "Point", "coordinates": [-76.6084, 36.0666] }
    },
    {
      "type": "Feature",
      "properties": { "k": "person" },
      "geometry": { "type": "Point", "coordinates": [-76.6094, 36.0562] }
    },
    {
      "type": "Feature",
      "properties": { "k": "place" },
      "geometry": { "type": "Point", "coordinates": [-76.6028, 36.129] }
    },
    {
      "type": "Feature",
      "properties": { "k": "place" },
      "geometry": { "type": "Point", "coordinates": [-76.2607, 36.2652] }
    },
    {
      "type": "Feature",
      "properties": { "k": "place" },
      "geometry": { "type": "Point", "coordinates": [-76.2106, 36.2845] }
    },
    {
      "type": "Feature",
      "properties": { "k": "place" },
      "geometry": { "type": "Point", "coordinates": [-76.214, 36.278] }
    },
    {
      "type": "Feature",
      "properties": { "k": "place" },
      "geometry": { "type": "Point", "coordinates": [-75.9671, 36.3627] }
    },
    {
      "type": "Feature",
      "properties": { "k": "place" },
      "geometry": { "type": "Point", "coordinates": [-75.8645, 36.1865] }
    },
    {
      "type": "Feature",
      "properties": { "k": "place" },
      "geometry": { "type": "Point", "coordinates": [-78.6369, 36.7695] }
    },
    {
      "type": "Feature",
      "properties": { "k": "person" },
      "geometry": { "type": "Point", "coordinates": [-78.4553, 36.8053] }
    },
    {
      "type": "Feature",
      "properties": { "k": "place" },
      "geometry": { "type": "Point", "coordinates": [-78.369, 36.6873] }
    },
    {
      "type": "Feature",
      "properties": { "k": "place" },
      "geometry": { "type": "Point", "coordinates": [-78.369, 36.6873] }
    },
    {
      "type": "Feature",
      "properties": { "k": "place" },
      "geometry": { "type": "Point", "coordinates": [-78.369, 36.6873] }
    },
    {
      "type": "Feature",
      "properties": { "k": "place" },
      "geometry": { "type": "Point", "coordinates": [-78.146, 36.7263] }
    },
    {
      "type": "Feature",
      "properties": { "k": "place" },
      "geometry": { "type": "Point", "coordinates": [-78.6586, 37.009] }
    },
    {
      "type": "Feature",
      "properties": { "k": "place" },
      "geometry": { "type": "Point", "coordinates": [-78.4468, 37.2305] }
    },
    {
      "type": "Feature",
      "properties": { "k": "place" },
      "geometry": { "type": "Point", "coordinates": [-78.433, 37.2249] }
    },
    {
      "type": "Feature",
      "properties": { "k": "place" },
      "geometry": { "type": "Point", "coordinates": [-78.433, 37.2249] }
    },
    {
      "type": "Feature",
      "properties": { "k": "person" },
      "geometry": { "type": "Point", "coordinates": [-78.3117, 37.136] }
    },
    {
      "type": "Feature",
      "properties": { "k": "place" },
      "geometry": { "type": "Point", "coordinates": [-77.8807, 36.7462] }
    },
    {
      "type": "Feature",
      "properties": { "k": "place" },
      "geometry": { "type": "Point", "coordinates": [-77.9585, 36.8251] }
    },
    {
      "type": "Feature",
      "properties": { "k": "place" },
      "geometry": { "type": "Point", "coordinates": [-77.5356, 36.6992] }
    },
    {
      "type": "Feature",
      "properties": { "k": "place" },
      "geometry": { "type": "Point", "coordinates": [-77.6355, 37.0735] }
    },
    {
      "type": "Feature",
      "properties": { "k": "place" },
      "geometry": { "type": "Point", "coordinates": [-77.3924, 37.2047] }
    },
    {
      "type": "Feature",
      "properties": { "k": "place" },
      "geometry": { "type": "Point", "coordinates": [-77.3924, 37.2047] }
    },
    {
      "type": "Feature",
      "properties": { "k": "place" },
      "geometry": { "type": "Point", "coordinates": [-77.4044, 37.2199] }
    },
    {
      "type": "Feature",
      "properties": { "k": "place" },
      "geometry": { "type": "Point", "coordinates": [-77.3924, 37.2047] }
    },
    {
      "type": "Feature",
      "properties": { "k": "place" },
      "geometry": { "type": "Point", "coordinates": [-77.3924, 37.2047] }
    },
    {
      "type": "Feature",
      "properties": { "k": "place" },
      "geometry": { "type": "Point", "coordinates": [-77.3924, 37.2047] }
    },
    {
      "type": "Feature",
      "properties": { "k": "place" },
      "geometry": { "type": "Point", "coordinates": [-77.3924, 37.2047] }
    },
    {
      "type": "Feature",
      "properties": { "k": "place" },
      "geometry": { "type": "Point", "coordinates": [-77.3924, 37.2047] }
    },
    {
      "type": "Feature",
      "properties": { "k": "place" },
      "geometry": { "type": "Point", "coordinates": [-77.3614, 37.2194] }
    },
    {
      "type": "Feature",
      "properties": { "k": "place" },
      "geometry": { "type": "Point", "coordinates": [-77.4067, 37.2231] }
    },
    {
      "type": "Feature",
      "properties": { "k": "place" },
      "geometry": { "type": "Point", "coordinates": [-77.4039, 37.2233] }
    },
    {
      "type": "Feature",
      "properties": { "k": "person" },
      "geometry": { "type": "Point", "coordinates": [-77.4217, 37.2353] }
    },
    {
      "type": "Feature",
      "properties": { "k": "school" },
      "geometry": { "type": "Point", "coordinates": [-77.4256, 37.2428] }
    },
    {
      "type": "Feature",
      "properties": { "k": "place" },
      "geometry": { "type": "Point", "coordinates": [-77.4015, 37.2279] }
    },
    {
      "type": "Feature",
      "properties": { "k": "place" },
      "geometry": { "type": "Point", "coordinates": [-77.4178, 37.2345] }
    },
    {
      "type": "Feature",
      "properties": { "k": "place" },
      "geometry": { "type": "Point", "coordinates": [-77.3991, 37.2376] }
    },
    {
      "type": "Feature",
      "properties": { "k": "place" },
      "geometry": { "type": "Point", "coordinates": [-77.419, 37.2347] }
    },
    {
      "type": "Feature",
      "properties": { "k": "place" },
      "geometry": { "type": "Point", "coordinates": [-78.5292, 37.5739] }
    },
    {
      "type": "Feature",
      "properties": { "k": "place" },
      "geometry": { "type": "Point", "coordinates": [-78.5292, 37.5739] }
    },
    {
      "type": "Feature",
      "properties": { "k": "place" },
      "geometry": { "type": "Point", "coordinates": [-78.3978, 37.2911] }
    },
    {
      "type": "Feature",
      "properties": { "k": "event" },
      "geometry": { "type": "Point", "coordinates": [-78.39, 37.3] }
    },
    {
      "type": "Feature",
      "properties": { "k": "place" },
      "geometry": { "type": "Point", "coordinates": [-78.3927, 37.3028] }
    },
    {
      "type": "Feature",
      "properties": { "k": "place" },
      "geometry": { "type": "Point", "coordinates": [-78.1332, 37.5628] }
    },
    {
      "type": "Feature",
      "properties": { "k": "place" },
      "geometry": { "type": "Point", "coordinates": [-78.6138, 37.6557] }
    },
    {
      "type": "Feature",
      "properties": { "k": "place" },
      "geometry": { "type": "Point", "coordinates": [-78.0525, 37.7647] }
    },
    {
      "type": "Feature",
      "properties": { "k": "place" },
      "geometry": { "type": "Point", "coordinates": [-77.9129, 37.5494] }
    },
    {
      "type": "Feature",
      "properties": { "k": "person" },
      "geometry": { "type": "Point", "coordinates": [-77.44, 37.54] }
    },
    {
      "type": "Feature",
      "properties": { "k": "person" },
      "geometry": { "type": "Point", "coordinates": [-77.43, 37.54] }
    },
    {
      "type": "Feature",
      "properties": { "k": "person" },
      "geometry": { "type": "Point", "coordinates": [-77.4932, 37.5242] }
    },
    {
      "type": "Feature",
      "properties": { "k": "person" },
      "geometry": { "type": "Point", "coordinates": [-77.4932, 37.5242] }
    },
    {
      "type": "Feature",
      "properties": { "k": "case" },
      "geometry": { "type": "Point", "coordinates": [-77.4104, 37.5273] }
    },
    {
      "type": "Feature",
      "properties": { "k": "place" },
      "geometry": { "type": "Point", "coordinates": [-77.476, 37.5314] }
    },
    {
      "type": "Feature",
      "properties": { "k": "place" },
      "geometry": { "type": "Point", "coordinates": [-77.476, 37.5314] }
    },
    {
      "type": "Feature",
      "properties": { "k": "place" },
      "geometry": { "type": "Point", "coordinates": [-77.476, 37.5314] }
    },
    {
      "type": "Feature",
      "properties": { "k": "place" },
      "geometry": { "type": "Point", "coordinates": [-77.476, 37.5314] }
    },
    {
      "type": "Feature",
      "properties": { "k": "place" },
      "geometry": { "type": "Point", "coordinates": [-77.476, 37.5314] }
    },
    {
      "type": "Feature",
      "properties": { "k": "place" },
      "geometry": { "type": "Point", "coordinates": [-77.476, 37.5314] }
    },
    {
      "type": "Feature",
      "properties": { "k": "place" },
      "geometry": { "type": "Point", "coordinates": [-77.476, 37.5314] }
    },
    {
      "type": "Feature",
      "properties": { "k": "place" },
      "geometry": { "type": "Point", "coordinates": [-77.476, 37.5314] }
    },
    {
      "type": "Feature",
      "properties": { "k": "place" },
      "geometry": { "type": "Point", "coordinates": [-77.476, 37.5314] }
    },
    {
      "type": "Feature",
      "properties": { "k": "place" },
      "geometry": { "type": "Point", "coordinates": [-77.476, 37.5314] }
    },
    {
      "type": "Feature",
      "properties": { "k": "law" },
      "geometry": { "type": "Point", "coordinates": [-77.4342, 37.5384] }
    },
    {
      "type": "Feature",
      "properties": { "k": "other" },
      "geometry": { "type": "Point", "coordinates": [-77.436, 37.5407] }
    },
    {
      "type": "Feature",
      "properties": { "k": "case" },
      "geometry": { "type": "Point", "coordinates": [-77.436, 37.5407] }
    },
    {
      "type": "Feature",
      "properties": { "k": "place" },
      "geometry": { "type": "Point", "coordinates": [-77.439, 37.547] }
    },
    {
      "type": "Feature",
      "properties": { "k": "organization" },
      "geometry": { "type": "Point", "coordinates": [-77.4363, 37.5458] }
    },
    {
      "type": "Feature",
      "properties": { "k": "publication" },
      "geometry": { "type": "Point", "coordinates": [-77.436, 37.5407] }
    },
    {
      "type": "Feature",
      "properties": { "k": "school" },
      "geometry": { "type": "Point", "coordinates": [-77.45, 37.562] }
    },
    {
      "type": "Feature",
      "properties": { "k": "place" },
      "geometry": { "type": "Point", "coordinates": [-77.4381, 37.5517] }
    },
    {
      "type": "Feature",
      "properties": { "k": "place" },
      "geometry": { "type": "Point", "coordinates": [-77.4362, 37.5477] }
    },
    {
      "type": "Feature",
      "properties": { "k": "place" },
      "geometry": { "type": "Point", "coordinates": [-77.4371, 37.5512] }
    },
    {
      "type": "Feature",
      "properties": { "k": "place" },
      "geometry": { "type": "Point", "coordinates": [-77.4414, 37.5501] }
    },
    {
      "type": "Feature",
      "properties": { "k": "person" },
      "geometry": { "type": "Point", "coordinates": [-77.4375, 37.5478] }
    },
    {
      "type": "Feature",
      "properties": { "k": "place" },
      "geometry": { "type": "Point", "coordinates": [-77.4382, 37.5506] }
    },
    {
      "type": "Feature",
      "properties": { "k": "organization" },
      "geometry": { "type": "Point", "coordinates": [-77.4367, 37.5408] }
    },
    {
      "type": "Feature",
      "properties": { "k": "case" },
      "geometry": { "type": "Point", "coordinates": [-77.436, 37.5407] }
    },
    {
      "type": "Feature",
      "properties": { "k": "institution" },
      "geometry": { "type": "Point", "coordinates": [-77.4367, 37.5408] }
    },
    {
      "type": "Feature",
      "properties": { "k": "publication" },
      "geometry": { "type": "Point", "coordinates": [-77.436, 37.5407] }
    },
    {
      "type": "Feature",
      "properties": { "k": "event" },
      "geometry": { "type": "Point", "coordinates": [-77.4295, 37.5375] }
    },
    {
      "type": "Feature",
      "properties": { "k": "place" },
      "geometry": { "type": "Point", "coordinates": [-77.3861, 37.5367] }
    },
    {
      "type": "Feature",
      "properties": { "k": "place" },
      "geometry": { "type": "Point", "coordinates": [-77.3863, 37.5337] }
    },
    {
      "type": "Feature",
      "properties": { "k": "organization" },
      "geometry": { "type": "Point", "coordinates": [-77.3861, 37.5367] }
    },
    {
      "type": "Feature",
      "properties": { "k": "place" },
      "geometry": { "type": "Point", "coordinates": [-77.9176, 37.7188] }
    },
    {
      "type": "Feature",
      "properties": { "k": "place" },
      "geometry": { "type": "Point", "coordinates": [-77.9046, 37.745] }
    },
    {
      "type": "Feature",
      "properties": { "k": "place" },
      "geometry": { "type": "Point", "coordinates": [-77.8764, 37.762] }
    },
    {
      "type": "Feature",
      "properties": { "k": "place" },
      "geometry": { "type": "Point", "coordinates": [-77.7908, 37.6536] }
    },
    {
      "type": "Feature",
      "properties": { "k": "place" },
      "geometry": { "type": "Point", "coordinates": [-77.4913, 37.7602] }
    },
    {
      "type": "Feature",
      "properties": { "k": "place" },
      "geometry": { "type": "Point", "coordinates": [-77.4913, 37.7602] }
    },
    {
      "type": "Feature",
      "properties": { "k": "place" },
      "geometry": { "type": "Point", "coordinates": [-77.4913, 37.7602] }
    },
    {
      "type": "Feature",
      "properties": { "k": "place" },
      "geometry": { "type": "Point", "coordinates": [-77.4184, 37.7778] }
    },
    {
      "type": "Feature",
      "properties": { "k": "place" },
      "geometry": { "type": "Point", "coordinates": [-77.5119, 37.9292] }
    },
    {
      "type": "Feature",
      "properties": { "k": "event" },
      "geometry": { "type": "Point", "coordinates": [-77.1995, 36.5758] }
    },
    {
      "type": "Feature",
      "properties": { "k": "place" },
      "geometry": { "type": "Point", "coordinates": [-77.1038, 36.7201] }
    },
    {
      "type": "Feature",
      "properties": { "k": "place" },
      "geometry": { "type": "Point", "coordinates": [-77.1038, 36.7201] }
    },
    {
      "type": "Feature",
      "properties": { "k": "place" },
      "geometry": { "type": "Point", "coordinates": [-77.0578, 36.7109] }
    },
    {
      "type": "Feature",
      "properties": { "k": "place" },
      "geometry": { "type": "Point", "coordinates": [-77.0661, 36.7158] }
    },
    {
      "type": "Feature",
      "properties": { "k": "place" },
      "geometry": { "type": "Point", "coordinates": [-77.0674, 36.7146] }
    },
    {
      "type": "Feature",
      "properties": { "k": "place" },
      "geometry": { "type": "Point", "coordinates": [-77.0677, 36.7219] }
    },
    {
      "type": "Feature",
      "properties": { "k": "other" },
      "geometry": { "type": "Point", "coordinates": [-77.161, 36.77] }
    },
    {
      "type": "Feature",
      "properties": { "k": "place" },
      "geometry": { "type": "Point", "coordinates": [-76.829, 36.6392] }
    },
    {
      "type": "Feature",
      "properties": { "k": "place" },
      "geometry": { "type": "Point", "coordinates": [-76.9414, 36.684] }
    },
    {
      "type": "Feature",
      "properties": { "k": "place" },
      "geometry": { "type": "Point", "coordinates": [-76.8041, 36.6396] }
    },
    {
      "type": "Feature",
      "properties": { "k": "person" },
      "geometry": { "type": "Point", "coordinates": [-77.3422, 37.233] }
    },
    {
      "type": "Feature",
      "properties": { "k": "place" },
      "geometry": { "type": "Point", "coordinates": [-77.3328, 37.235] }
    },
    {
      "type": "Feature",
      "properties": { "k": "place" },
      "geometry": { "type": "Point", "coordinates": [-76.6627, 36.965] }
    },
    {
      "type": "Feature",
      "properties": { "k": "place" },
      "geometry": { "type": "Point", "coordinates": [-76.8802, 37.1198] }
    },
    {
      "type": "Feature",
      "properties": { "k": "place" },
      "geometry": { "type": "Point", "coordinates": [-76.8802, 37.1198] }
    },
    {
      "type": "Feature",
      "properties": { "k": "place" },
      "geometry": { "type": "Point", "coordinates": [-76.5638, 36.7252] }
    },
    {
      "type": "Feature",
      "properties": { "k": "place" },
      "geometry": { "type": "Point", "coordinates": [-76.5784, 36.7267] }
    },
    {
      "type": "Feature",
      "properties": { "k": "place" },
      "geometry": { "type": "Point", "coordinates": [-76.45, 36.5833] }
    },
    {
      "type": "Feature",
      "properties": { "k": "organization" },
      "geometry": { "type": "Point", "coordinates": [-76.4518, 36.6409] }
    },
    {
      "type": "Feature",
      "properties": { "k": "place" },
      "geometry": { "type": "Point", "coordinates": [-76.357, 36.8593] }
    },
    {
      "type": "Feature",
      "properties": { "k": "person" },
      "geometry": { "type": "Point", "coordinates": [-76.2874, 36.7674] }
    },
    {
      "type": "Feature",
      "properties": { "k": "place" },
      "geometry": { "type": "Point", "coordinates": [-76.2839, 36.8555] }
    },
    {
      "type": "Feature",
      "properties": { "k": "place" },
      "geometry": { "type": "Point", "coordinates": [-76.282, 36.847] }
    },
    {
      "type": "Feature",
      "properties": { "k": "place" },
      "geometry": { "type": "Point", "coordinates": [-76.2778, 36.8562] }
    },
    {
      "type": "Feature",
      "properties": { "k": "place" },
      "geometry": { "type": "Point", "coordinates": [-76.2788, 36.8564] }
    },
    {
      "type": "Feature",
      "properties": { "k": "place" },
      "geometry": { "type": "Point", "coordinates": [-76.2614, 36.8484] }
    },
    {
      "type": "Feature",
      "properties": { "k": "publication" },
      "geometry": { "type": "Point", "coordinates": [-76.2852, 36.8468] }
    },
    {
      "type": "Feature",
      "properties": { "k": "place" },
      "geometry": { "type": "Point", "coordinates": [-76.2604, 36.8519] }
    },
    {
      "type": "Feature",
      "properties": { "k": "place" },
      "geometry": { "type": "Point", "coordinates": [-76.2841, 36.8528] }
    },
    {
      "type": "Feature",
      "properties": { "k": "person" },
      "geometry": { "type": "Point", "coordinates": [-76.2085, 36.8959] }
    },
    {
      "type": "Feature",
      "properties": { "k": "place" },
      "geometry": { "type": "Point", "coordinates": [-76.0291, 36.7795] }
    },
    {
      "type": "Feature",
      "properties": { "k": "place" },
      "geometry": { "type": "Point", "coordinates": [-76.0291, 36.7795] }
    },
    {
      "type": "Feature",
      "properties": { "k": "place" },
      "geometry": { "type": "Point", "coordinates": [-76.0291, 36.7795] }
    },
    {
      "type": "Feature",
      "properties": { "k": "person" },
      "geometry": { "type": "Point", "coordinates": [-76.4219, 36.9847] }
    },
    {
      "type": "Feature",
      "properties": { "k": "place" },
      "geometry": { "type": "Point", "coordinates": [-76.4215, 36.985] }
    },
    {
      "type": "Feature",
      "properties": { "k": "place" },
      "geometry": { "type": "Point", "coordinates": [-76.4122, 36.9896] }
    },
    {
      "type": "Feature",
      "properties": { "k": "place" },
      "geometry": { "type": "Point", "coordinates": [-76.4047, 36.99] }
    },
    {
      "type": "Feature",
      "properties": { "k": "place" },
      "geometry": { "type": "Point", "coordinates": [-76.3347, 37.0225] }
    },
    {
      "type": "Feature",
      "properties": { "k": "place" },
      "geometry": { "type": "Point", "coordinates": [-76.3404, 37.0199] }
    },
    {
      "type": "Feature",
      "properties": { "k": "institution" },
      "geometry": { "type": "Point", "coordinates": [-76.3353, 37.0226] }
    },
    {
      "type": "Feature",
      "properties": { "k": "school" },
      "geometry": { "type": "Point", "coordinates": [-76.3347, 37.0225] }
    },
    {
      "type": "Feature",
      "properties": { "k": "place" },
      "geometry": { "type": "Point", "coordinates": [-76.3307, 37.0237] }
    },
    {
      "type": "Feature",
      "properties": { "k": "place" },
      "geometry": { "type": "Point", "coordinates": [-76.3074, 37.004] }
    },
    {
      "type": "Feature",
      "properties": { "k": "place" },
      "geometry": { "type": "Point", "coordinates": [-76.3245, 37.0217] }
    },
    {
      "type": "Feature",
      "properties": { "k": "place" },
      "geometry": { "type": "Point", "coordinates": [-76.2973, 37.048] }
    },
    {
      "type": "Feature",
      "properties": { "k": "place" },
      "geometry": { "type": "Point", "coordinates": [-76.2973, 37.048] }
    },
    {
      "type": "Feature",
      "properties": { "k": "organization" },
      "geometry": { "type": "Point", "coordinates": [-76.3825, 37.0925] }
    },
    {
      "type": "Feature",
      "properties": { "k": "place" },
      "geometry": { "type": "Point", "coordinates": [-76.3825, 37.0925] }
    },
    {
      "type": "Feature",
      "properties": { "k": "organization" },
      "geometry": { "type": "Point", "coordinates": [-76.3825, 37.0925] }
    },
    {
      "type": "Feature",
      "properties": { "k": "other" },
      "geometry": { "type": "Point", "coordinates": [-76.3825, 37.0925] }
    },
    {
      "type": "Feature",
      "properties": { "k": "place" },
      "geometry": { "type": "Point", "coordinates": [-76.3955, 37.2209] }
    },
    {
      "type": "Feature",
      "properties": { "k": "place" },
      "geometry": { "type": "Point", "coordinates": [-76.2446, 36.923] }
    },
    {
      "type": "Feature",
      "properties": { "k": "place" },
      "geometry": { "type": "Point", "coordinates": [-76.2446, 36.923] }
    },
    {
      "type": "Feature",
      "properties": { "k": "place" },
      "geometry": { "type": "Point", "coordinates": [-76.2446, 36.923] }
    },
    {
      "type": "Feature",
      "properties": { "k": "place" },
      "geometry": { "type": "Point", "coordinates": [-76.0097, 37.2632] }
    },
    {
      "type": "Feature",
      "properties": { "k": "place" },
      "geometry": { "type": "Point", "coordinates": [-77.2989, 37.291] }
    },
    {
      "type": "Feature",
      "properties": { "k": "place" },
      "geometry": { "type": "Point", "coordinates": [-77.2989, 37.291] }
    },
    {
      "type": "Feature",
      "properties": { "k": "place" },
      "geometry": { "type": "Point", "coordinates": [-77.3003, 37.4375] }
    },
    {
      "type": "Feature",
      "properties": { "k": "place" },
      "geometry": { "type": "Point", "coordinates": [-77.3003, 37.4375] }
    },
    {
      "type": "Feature",
      "properties": { "k": "place" },
      "geometry": { "type": "Point", "coordinates": [-77.081, 37.3843] }
    },
    {
      "type": "Feature",
      "properties": { "k": "place" },
      "geometry": { "type": "Point", "coordinates": [-77.0542, 37.3611] }
    },
    {
      "type": "Feature",
      "properties": { "k": "place" },
      "geometry": { "type": "Point", "coordinates": [-77.0542, 37.3611] }
    },
    {
      "type": "Feature",
      "properties": { "k": "place" },
      "geometry": { "type": "Point", "coordinates": [-77.0542, 37.3611] }
    },
    {
      "type": "Feature",
      "properties": { "k": "case" },
      "geometry": { "type": "Point", "coordinates": [-76.9964, 37.5202] }
    },
    {
      "type": "Feature",
      "properties": { "k": "place" },
      "geometry": { "type": "Point", "coordinates": [-76.7111, 37.274] }
    },
    {
      "type": "Feature",
      "properties": { "k": "place" },
      "geometry": { "type": "Point", "coordinates": [-76.7715, 37.3769] }
    },
    {
      "type": "Feature",
      "properties": { "k": "place" },
      "geometry": { "type": "Point", "coordinates": [-77.2225, 37.6542] }
    },
    {
      "type": "Feature",
      "properties": { "k": "place" },
      "geometry": { "type": "Point", "coordinates": [-77.036, 37.6974] }
    },
    {
      "type": "Feature",
      "properties": { "k": "case" },
      "geometry": { "type": "Point", "coordinates": [-77.3364, 37.9385] }
    },
    {
      "type": "Feature",
      "properties": { "k": "place" },
      "geometry": { "type": "Point", "coordinates": [-76.9337, 37.9364] }
    },
    {
      "type": "Feature",
      "properties": { "k": "place" },
      "geometry": { "type": "Point", "coordinates": [-76.9337, 37.9364] }
    },
    {
      "type": "Feature",
      "properties": { "k": "place" },
      "geometry": { "type": "Point", "coordinates": [-76.5797, 37.2728] }
    },
    {
      "type": "Feature",
      "properties": { "k": "place" },
      "geometry": { "type": "Point", "coordinates": [-76.515, 37.325] }
    },
    {
      "type": "Feature",
      "properties": { "k": "place" },
      "geometry": { "type": "Point", "coordinates": [-76.5541, 37.4171] }
    },
    {
      "type": "Feature",
      "properties": { "k": "place" },
      "geometry": { "type": "Point", "coordinates": [-76.5235, 37.4035] }
    },
    {
      "type": "Feature",
      "properties": { "k": "place" },
      "geometry": { "type": "Point", "coordinates": [-76.5219, 37.4132] }
    },
    {
      "type": "Feature",
      "properties": { "k": "place" },
      "geometry": { "type": "Point", "coordinates": [-76.5235, 37.4035] }
    },
    {
      "type": "Feature",
      "properties": { "k": "place" },
      "geometry": { "type": "Point", "coordinates": [-76.5066, 37.3993] }
    },
    {
      "type": "Feature",
      "properties": { "k": "place" },
      "geometry": { "type": "Point", "coordinates": [-76.5281, 37.607] }
    },
    {
      "type": "Feature",
      "properties": { "k": "place" },
      "geometry": { "type": "Point", "coordinates": [-76.5281, 37.607] }
    },
    {
      "type": "Feature",
      "properties": { "k": "place" },
      "geometry": { "type": "Point", "coordinates": [-76.2688, 37.4253] }
    },
    {
      "type": "Feature",
      "properties": { "k": "place" },
      "geometry": { "type": "Point", "coordinates": [-76.4565, 37.8712] }
    },
    {
      "type": "Feature",
      "properties": { "k": "place" },
      "geometry": { "type": "Point", "coordinates": [-76.2822, 37.8588] }
    },
    {
      "type": "Feature",
      "properties": { "k": "place" },
      "geometry": { "type": "Point", "coordinates": [-78.5535, 38.0242] }
    },
    {
      "type": "Feature",
      "properties": { "k": "place" },
      "geometry": { "type": "Point", "coordinates": [-78.5535, 38.0242] }
    },
    {
      "type": "Feature",
      "properties": { "k": "place" },
      "geometry": { "type": "Point", "coordinates": [-78.5535, 38.0242] }
    },
    {
      "type": "Feature",
      "properties": { "k": "place" },
      "geometry": { "type": "Point", "coordinates": [-78.5535, 38.0242] }
    },
    {
      "type": "Feature",
      "properties": { "k": "place" },
      "geometry": { "type": "Point", "coordinates": [-78.4919, 38.0419] }
    },
    {
      "type": "Feature",
      "properties": { "k": "place" },
      "geometry": { "type": "Point", "coordinates": [-78.4868, 38.0343] }
    },
    {
      "type": "Feature",
      "properties": { "k": "place" },
      "geometry": { "type": "Point", "coordinates": [-78.4896, 38.0311] }
    },
    {
      "type": "Feature",
      "properties": { "k": "place" },
      "geometry": { "type": "Point", "coordinates": [-78.4906, 38.0283] }
    },
    {
      "type": "Feature",
      "properties": { "k": "place" },
      "geometry": { "type": "Point", "coordinates": [-78.4842, 38.0291] }
    },
    {
      "type": "Feature",
      "properties": { "k": "place" },
      "geometry": { "type": "Point", "coordinates": [-78.4854, 38.0377] }
    },
    {
      "type": "Feature",
      "properties": { "k": "place" },
      "geometry": { "type": "Point", "coordinates": [-78.4859, 38.0301] }
    },
    {
      "type": "Feature",
      "properties": { "k": "place" },
      "geometry": { "type": "Point", "coordinates": [-78.4854, 38.0377] }
    },
    {
      "type": "Feature",
      "properties": { "k": "place" },
      "geometry": { "type": "Point", "coordinates": [-78.4854, 38.0377] }
    },
    {
      "type": "Feature",
      "properties": { "k": "place" },
      "geometry": { "type": "Point", "coordinates": [-78.4854, 38.0377] }
    },
    {
      "type": "Feature",
      "properties": { "k": "place" },
      "geometry": { "type": "Point", "coordinates": [-78.2761, 38.0798] }
    },
    {
      "type": "Feature",
      "properties": { "k": "place" },
      "geometry": { "type": "Point", "coordinates": [-78.1694, 38.2197] }
    },
    {
      "type": "Feature",
      "properties": { "k": "place" },
      "geometry": { "type": "Point", "coordinates": [-78.277, 38.4121] }
    },
    {
      "type": "Feature",
      "properties": { "k": "place" },
      "geometry": { "type": "Point", "coordinates": [-78.1492, 38.5842] }
    },
    {
      "type": "Feature",
      "properties": { "k": "place" },
      "geometry": { "type": "Point", "coordinates": [-77.9598, 37.9727] }
    },
    {
      "type": "Feature",
      "properties": { "k": "place" },
      "geometry": { "type": "Point", "coordinates": [-77.9598, 37.9727] }
    },
    {
      "type": "Feature",
      "properties": { "k": "place" },
      "geometry": { "type": "Point", "coordinates": [-78.0188, 38.2507] }
    },
    {
      "type": "Feature",
      "properties": { "k": "place" },
      "geometry": { "type": "Point", "coordinates": [-77.4867, 38.2993] }
    },
    {
      "type": "Feature",
      "properties": { "k": "place" },
      "geometry": { "type": "Point", "coordinates": [-77.4572, 38.3022] }
    },
    {
      "type": "Feature",
      "properties": { "k": "place" },
      "geometry": { "type": "Point", "coordinates": [-77.4554, 38.3088] }
    },
    {
      "type": "Feature",
      "properties": { "k": "place" },
      "geometry": { "type": "Point", "coordinates": [-77.3573, 38.294] }
    },
    {
      "type": "Feature",
      "properties": { "k": "place" },
      "geometry": { "type": "Point", "coordinates": [-77.924, 38.4038] }
    },
    {
      "type": "Feature",
      "properties": { "k": "place" },
      "geometry": { "type": "Point", "coordinates": [-77.9565, 38.4859] }
    },
    {
      "type": "Feature",
      "properties": { "k": "place" },
      "geometry": { "type": "Point", "coordinates": [-77.8209, 38.4326] }
    },
    {
      "type": "Feature",
      "properties": { "k": "person" },
      "geometry": { "type": "Point", "coordinates": [-77.9928, 38.5117] }
    },
    {
      "type": "Feature",
      "properties": { "k": "person" },
      "geometry": { "type": "Point", "coordinates": [-77.8037, 38.5309] }
    },
    {
      "type": "Feature",
      "properties": { "k": "place" },
      "geometry": { "type": "Point", "coordinates": [-77.8105, 38.59] }
    },
    {
      "type": "Feature",
      "properties": { "k": "place" },
      "geometry": { "type": "Point", "coordinates": [-77.6591, 38.4826] }
    },
    {
      "type": "Feature",
      "properties": { "k": "place" },
      "geometry": { "type": "Point", "coordinates": [-78.574, 38.8562] }
    },
    {
      "type": "Feature",
      "properties": { "k": "place" },
      "geometry": { "type": "Point", "coordinates": [-78.1647, 38.7132] }
    },
    {
      "type": "Feature",
      "properties": { "k": "place" },
      "geometry": { "type": "Point", "coordinates": [-78.2997, 39.0223] }
    },
    {
      "type": "Feature",
      "properties": { "k": "place" },
      "geometry": { "type": "Point", "coordinates": [-78.2076, 38.9082] }
    },
    {
      "type": "Feature",
      "properties": { "k": "place" },
      "geometry": { "type": "Point", "coordinates": [-78.1764, 39.1739] }
    },
    {
      "type": "Feature",
      "properties": { "k": "place" },
      "geometry": { "type": "Point", "coordinates": [-78.1244, 39.3638] }
    },
    {
      "type": "Feature",
      "properties": { "k": "place" },
      "geometry": { "type": "Point", "coordinates": [-77.8811, 38.8413] }
    },
    {
      "type": "Feature",
      "properties": { "k": "place" },
      "geometry": { "type": "Point", "coordinates": [-77.8215, 38.7441] }
    },
    {
      "type": "Feature",
      "properties": { "k": "place" },
      "geometry": { "type": "Point", "coordinates": [-77.8215, 38.7441] }
    },
    {
      "type": "Feature",
      "properties": { "k": "place" },
      "geometry": { "type": "Point", "coordinates": [-77.8215, 38.7441] }
    },
    {
      "type": "Feature",
      "properties": { "k": "place" },
      "geometry": { "type": "Point", "coordinates": [-77.8215, 38.7441] }
    },
    {
      "type": "Feature",
      "properties": { "k": "place" },
      "geometry": { "type": "Point", "coordinates": [-77.8312, 38.8696] }
    },
    {
      "type": "Feature",
      "properties": { "k": "place" },
      "geometry": { "type": "Point", "coordinates": [-77.6783, 38.779] }
    },
    {
      "type": "Feature",
      "properties": { "k": "place" },
      "geometry": { "type": "Point", "coordinates": [-77.6383, 38.7898] }
    },
    {
      "type": "Feature",
      "properties": { "k": "place" },
      "geometry": { "type": "Point", "coordinates": [-77.4796, 38.7011] }
    },
    {
      "type": "Feature",
      "properties": { "k": "place" },
      "geometry": { "type": "Point", "coordinates": [-77.4796, 38.7011] }
    },
    {
      "type": "Feature",
      "properties": { "k": "place" },
      "geometry": { "type": "Point", "coordinates": [-77.5278, 38.9485] }
    },
    {
      "type": "Feature",
      "properties": { "k": "place" },
      "geometry": { "type": "Point", "coordinates": [-77.4132, 38.9401] }
    },
    {
      "type": "Feature",
      "properties": { "k": "place" },
      "geometry": { "type": "Point", "coordinates": [-78.0419, 39.0748] }
    },
    {
      "type": "Feature",
      "properties": { "k": "place" },
      "geometry": { "type": "Point", "coordinates": [-77.9907, 39.1153] }
    },
    {
      "type": "Feature",
      "properties": { "k": "place" },
      "geometry": { "type": "Point", "coordinates": [-77.9907, 39.1153] }
    },
    {
      "type": "Feature",
      "properties": { "k": "place" },
      "geometry": { "type": "Point", "coordinates": [-77.9795, 39.141] }
    },
    {
      "type": "Feature",
      "properties": { "k": "place" },
      "geometry": { "type": "Point", "coordinates": [-77.9907, 39.1153] }
    },
    {
      "type": "Feature",
      "properties": { "k": "place" },
      "geometry": { "type": "Point", "coordinates": [-77.8686, 39.2865] }
    },
    {
      "type": "Feature",
      "properties": { "k": "place" },
      "geometry": { "type": "Point", "coordinates": [-77.8632, 39.3074] }
    },
    {
      "type": "Feature",
      "properties": { "k": "place" },
      "geometry": { "type": "Point", "coordinates": [-77.8632, 39.3074] }
    },
    {
      "type": "Feature",
      "properties": { "k": "place" },
      "geometry": { "type": "Point", "coordinates": [-77.8632, 39.3074] }
    },
    {
      "type": "Feature",
      "properties": { "k": "place" },
      "geometry": { "type": "Point", "coordinates": [-77.8027, 39.3096] }
    },
    {
      "type": "Feature",
      "properties": { "k": "event" },
      "geometry": { "type": "Point", "coordinates": [-77.7409, 39.3187] }
    },
    {
      "type": "Feature",
      "properties": { "k": "event" },
      "geometry": { "type": "Point", "coordinates": [-77.7431, 39.3235] }
    },
    {
      "type": "Feature",
      "properties": { "k": "school" },
      "geometry": { "type": "Point", "coordinates": [-77.729, 39.322] }
    },
    {
      "type": "Feature",
      "properties": { "k": "place" },
      "geometry": { "type": "Point", "coordinates": [-77.6172, 39.0408] }
    },
    {
      "type": "Feature",
      "properties": { "k": "place" },
      "geometry": { "type": "Point", "coordinates": [-77.6389, 39.0812] }
    },
    {
      "type": "Feature",
      "properties": { "k": "place" },
      "geometry": { "type": "Point", "coordinates": [-77.6389, 39.0812] }
    },
    {
      "type": "Feature",
      "properties": { "k": "place" },
      "geometry": { "type": "Point", "coordinates": [-77.6389, 39.0812] }
    },
    {
      "type": "Feature",
      "properties": { "k": "place" },
      "geometry": { "type": "Point", "coordinates": [-77.6027, 39.053] }
    },
    {
      "type": "Feature",
      "properties": { "k": "place" },
      "geometry": { "type": "Point", "coordinates": [-77.5638, 39.1204] }
    },
    {
      "type": "Feature",
      "properties": { "k": "place" },
      "geometry": { "type": "Point", "coordinates": [-77.1371, 38.2716] }
    },
    {
      "type": "Feature",
      "properties": { "k": "place" },
      "geometry": { "type": "Point", "coordinates": [-77.1626, 38.2772] }
    },
    {
      "type": "Feature",
      "properties": { "k": "place" },
      "geometry": { "type": "Point", "coordinates": [-76.7816, 38.0777] }
    },
    {
      "type": "Feature",
      "properties": { "k": "place" },
      "geometry": { "type": "Point", "coordinates": [-77.0154, 38.4729] }
    },
    {
      "type": "Feature",
      "properties": { "k": "place" },
      "geometry": { "type": "Point", "coordinates": [-77.0154, 38.4729] }
    },
    {
      "type": "Feature",
      "properties": { "k": "place" },
      "geometry": { "type": "Point", "coordinates": [-77.2808, 38.6078] }
    },
    {
      "type": "Feature",
      "properties": { "k": "place" },
      "geometry": { "type": "Point", "coordinates": [-77.2585, 38.5896] }
    },
    {
      "type": "Feature",
      "properties": { "k": "person" },
      "geometry": { "type": "Point", "coordinates": [-76.1427, 38.4446] }
    },
    {
      "type": "Feature",
      "properties": { "k": "movement" },
      "geometry": { "type": "Point", "coordinates": [-76.1427, 38.4446] }
    },
    {
      "type": "Feature",
      "properties": { "k": "place" },
      "geometry": { "type": "Point", "coordinates": [-76.1387, 38.4483] }
    },
    {
      "type": "Feature",
      "properties": { "k": "place" },
      "geometry": { "type": "Point", "coordinates": [-76.0753, 38.4481] }
    },
    {
      "type": "Feature",
      "properties": { "k": "place" },
      "geometry": { "type": "Point", "coordinates": [-76.0474, 38.4292] }
    },
    {
      "type": "Feature",
      "properties": { "k": "person" },
      "geometry": { "type": "Point", "coordinates": [-76.0728, 38.5635] }
    },
    {
      "type": "Feature",
      "properties": { "k": "movement" },
      "geometry": { "type": "Point", "coordinates": [-76.0728, 38.5635] }
    },
    {
      "type": "Feature",
      "properties": { "k": "place" },
      "geometry": { "type": "Point", "coordinates": [-76.1071, 38.5451] }
    },
    {
      "type": "Feature",
      "properties": { "k": "case" },
      "geometry": { "type": "Point", "coordinates": [-77.3064, 38.8462] }
    },
    {
      "type": "Feature",
      "properties": { "k": "place" },
      "geometry": { "type": "Point", "coordinates": [-77.1293, 38.6792] }
    },
    {
      "type": "Feature",
      "properties": { "k": "place" },
      "geometry": { "type": "Point", "coordinates": [-77.0807, 38.7437] }
    },
    {
      "type": "Feature",
      "properties": { "k": "place" },
      "geometry": { "type": "Point", "coordinates": [-77.0807, 38.7463] }
    },
    {
      "type": "Feature",
      "properties": { "k": "place" },
      "geometry": { "type": "Point", "coordinates": [-77.0822, 38.8475] }
    },
    {
      "type": "Feature",
      "properties": { "k": "place" },
      "geometry": { "type": "Point", "coordinates": [-77.1003, 38.83] }
    },
    {
      "type": "Feature",
      "properties": { "k": "place" },
      "geometry": { "type": "Point", "coordinates": [-77.0837, 38.8193] }
    },
    {
      "type": "Feature",
      "properties": { "k": "place" },
      "geometry": { "type": "Point", "coordinates": [-77.0439, 38.8028] }
    },
    {
      "type": "Feature",
      "properties": { "k": "place" },
      "geometry": { "type": "Point", "coordinates": [-77.0477, 38.8009] }
    },
    {
      "type": "Feature",
      "properties": { "k": "place" },
      "geometry": { "type": "Point", "coordinates": [-77.0542, 38.8037] }
    },
    {
      "type": "Feature",
      "properties": { "k": "institution" },
      "geometry": { "type": "Point", "coordinates": [-77.064, 38.8014] }
    },
    {
      "type": "Feature",
      "properties": { "k": "place" },
      "geometry": { "type": "Point", "coordinates": [-77.0489, 38.8033] }
    },
    {
      "type": "Feature",
      "properties": { "k": "place" },
      "geometry": { "type": "Point", "coordinates": [-77.0493, 38.7947] }
    },
    {
      "type": "Feature",
      "properties": { "k": "organization" },
      "geometry": { "type": "Point", "coordinates": [-77.0547, 38.8039] }
    },
    {
      "type": "Feature",
      "properties": { "k": "place" },
      "geometry": { "type": "Point", "coordinates": [-77.0586, 38.8044] }
    },
    {
      "type": "Feature",
      "properties": { "k": "place" },
      "geometry": { "type": "Point", "coordinates": [-77.0444, 38.8084] }
    },
    {
      "type": "Feature",
      "properties": { "k": "place" },
      "geometry": { "type": "Point", "coordinates": [-77.0491, 38.8049] }
    },
    {
      "type": "Feature",
      "properties": { "k": "place" },
      "geometry": { "type": "Point", "coordinates": [-77.0497, 38.8046] }
    },
    {
      "type": "Feature",
      "properties": { "k": "person" },
      "geometry": { "type": "Point", "coordinates": [-77.0589, 38.82] }
    },
    {
      "type": "Feature",
      "properties": { "k": "place" },
      "geometry": { "type": "Point", "coordinates": [-77.0472, 38.804] }
    },
    {
      "type": "Feature",
      "properties": { "k": "person" },
      "geometry": { "type": "Point", "coordinates": [-77.0589, 38.82] }
    },
    {
      "type": "Feature",
      "properties": { "k": "place" },
      "geometry": { "type": "Point", "coordinates": [-77.0052, 38.8332] }
    },
    {
      "type": "Feature",
      "properties": { "k": "place" },
      "geometry": { "type": "Point", "coordinates": [-76.9981, 38.8435] }
    },
    {
      "type": "Feature",
      "properties": { "k": "person" },
      "geometry": { "type": "Point", "coordinates": [-77.0242, 38.8245] }
    },
    {
      "type": "Feature",
      "properties": { "k": "place" },
      "geometry": { "type": "Point", "coordinates": [-77.0034, 38.8069] }
    },
    {
      "type": "Feature",
      "properties": { "k": "person" },
      "geometry": { "type": "Point", "coordinates": [-77.03, 38.89] }
    },
    {
      "type": "Feature",
      "properties": { "k": "person" },
      "geometry": { "type": "Point", "coordinates": [-77.03, 38.99] }
    },
    {
      "type": "Feature",
      "properties": { "k": "person" },
      "geometry": { "type": "Point", "coordinates": [-77.02, 38.88] }
    },
    {
      "type": "Feature",
      "properties": { "k": "person" },
      "geometry": { "type": "Point", "coordinates": [-77.04, 38.91] }
    },
    {
      "type": "Feature",
      "properties": { "k": "person" },
      "geometry": { "type": "Point", "coordinates": [-77.04, 38.91] }
    },
    {
      "type": "Feature",
      "properties": { "k": "person" },
      "geometry": { "type": "Point", "coordinates": [-77, 38.89] }
    },
    {
      "type": "Feature",
      "properties": { "k": "person" },
      "geometry": { "type": "Point", "coordinates": [-77.04, 38.91] }
    },
    {
      "type": "Feature",
      "properties": { "k": "person" },
      "geometry": { "type": "Point", "coordinates": [-77.06, 38.87] }
    },
    {
      "type": "Feature",
      "properties": { "k": "person" },
      "geometry": { "type": "Point", "coordinates": [-77.03, 38.9] }
    },
    {
      "type": "Feature",
      "properties": { "k": "person" },
      "geometry": { "type": "Point", "coordinates": [-77.04, 38.91] }
    },
    {
      "type": "Feature",
      "properties": { "k": "person" },
      "geometry": { "type": "Point", "coordinates": [-77.04, 38.91] }
    },
    {
      "type": "Feature",
      "properties": { "k": "person" },
      "geometry": { "type": "Point", "coordinates": [-77.04, 38.91] }
    },
    {
      "type": "Feature",
      "properties": { "k": "person" },
      "geometry": { "type": "Point", "coordinates": [-77.04, 38.91] }
    },
    {
      "type": "Feature",
      "properties": { "k": "person" },
      "geometry": { "type": "Point", "coordinates": [-77, 38.89] }
    },
    {
      "type": "Feature",
      "properties": { "k": "place" },
      "geometry": { "type": "Point", "coordinates": [-77.299, 38.8532] }
    },
    {
      "type": "Feature",
      "properties": { "k": "place" },
      "geometry": { "type": "Point", "coordinates": [-77.299, 38.8532] }
    },
    {
      "type": "Feature",
      "properties": { "k": "place" },
      "geometry": { "type": "Point", "coordinates": [-77.2606, 38.9564] }
    },
    {
      "type": "Feature",
      "properties": { "k": "place" },
      "geometry": { "type": "Point", "coordinates": [-77.1997, 38.9717] }
    },
    {
      "type": "Feature",
      "properties": { "k": "place" },
      "geometry": { "type": "Point", "coordinates": [-77.1007, 38.8783] }
    },
    {
      "type": "Feature",
      "properties": { "k": "place" },
      "geometry": { "type": "Point", "coordinates": [-77.0869, 38.8728] }
    },
    {
      "type": "Feature",
      "properties": { "k": "place" },
      "geometry": { "type": "Point", "coordinates": [-77.1592, 38.8921] }
    },
    {
      "type": "Feature",
      "properties": { "k": "place" },
      "geometry": { "type": "Point", "coordinates": [-77.0981, 38.9236] }
    },
    {
      "type": "Feature",
      "properties": { "k": "place" },
      "geometry": { "type": "Point", "coordinates": [-77.1118, 38.9002] }
    },
    {
      "type": "Feature",
      "properties": { "k": "place" },
      "geometry": { "type": "Point", "coordinates": [-77.0956, 38.9278] }
    },
    {
      "type": "Feature",
      "properties": { "k": "event" },
      "geometry": { "type": "Point", "coordinates": [-77.0502, 38.8893] }
    },
    {
      "type": "Feature",
      "properties": { "k": "place" },
      "geometry": { "type": "Point", "coordinates": [-77.0484, 38.8914] }
    },
    {
      "type": "Feature",
      "properties": { "k": "place" },
      "geometry": { "type": "Point", "coordinates": [-77.0502, 38.8893] }
    },
    {
      "type": "Feature",
      "properties": { "k": "place" },
      "geometry": { "type": "Point", "coordinates": [-77.0444, 38.8863] }
    },
    {
      "type": "Feature",
      "properties": { "k": "person" },
      "geometry": { "type": "Point", "coordinates": [-77.0563, 38.8719] }
    },
    {
      "type": "Feature",
      "properties": { "k": "place" },
      "geometry": { "type": "Point", "coordinates": [-77.0746, 38.8649] }
    },
    {
      "type": "Feature",
      "properties": { "k": "person" },
      "geometry": { "type": "Point", "coordinates": [-77.0502, 38.8893] }
    },
    {
      "type": "Feature",
      "properties": { "k": "person" },
      "geometry": { "type": "Point", "coordinates": [-77.0502, 38.8893] }
    },
    {
      "type": "Feature",
      "properties": { "k": "person" },
      "geometry": { "type": "Point", "coordinates": [-77.0722, 38.8792] }
    },
    {
      "type": "Feature",
      "properties": { "k": "event" },
      "geometry": { "type": "Point", "coordinates": [-77.05, 38.8892] }
    },
    {
      "type": "Feature",
      "properties": { "k": "event" },
      "geometry": { "type": "Point", "coordinates": [-77.0502, 38.8893] }
    },
    {
      "type": "Feature",
      "properties": { "k": "place" },
      "geometry": { "type": "Point", "coordinates": [-77.0435, 38.8875] }
    },
    {
      "type": "Feature",
      "properties": { "k": "law" },
      "geometry": { "type": "Point", "coordinates": [-77.0091, 38.8899] }
    },
    {
      "type": "Feature",
      "properties": { "k": "place" },
      "geometry": { "type": "Point", "coordinates": [-77.0104, 38.8738] }
    },
    {
      "type": "Feature",
      "properties": { "k": "law" },
      "geometry": { "type": "Point", "coordinates": [-77.0091, 38.8899] }
    },
    {
      "type": "Feature",
      "properties": { "k": "place" },
      "geometry": { "type": "Point", "coordinates": [-76.9993, 38.8825] }
    },
    {
      "type": "Feature",
      "properties": { "k": "law" },
      "geometry": { "type": "Point", "coordinates": [-77.0091, 38.8899] }
    },
    {
      "type": "Feature",
      "properties": { "k": "place" },
      "geometry": { "type": "Point", "coordinates": [-77.03, 38.8909] }
    },
    {
      "type": "Feature",
      "properties": { "k": "law" },
      "geometry": { "type": "Point", "coordinates": [-77.0091, 38.8899] }
    },
    {
      "type": "Feature",
      "properties": { "k": "law" },
      "geometry": { "type": "Point", "coordinates": [-77.0091, 38.8899] }
    },
    {
      "type": "Feature",
      "properties": { "k": "place" },
      "geometry": { "type": "Point", "coordinates": [-76.9937, 38.8623] }
    },
    {
      "type": "Feature",
      "properties": { "k": "place" },
      "geometry": { "type": "Point", "coordinates": [-77.0085, 38.8898] }
    },
    {
      "type": "Feature",
      "properties": { "k": "place" },
      "geometry": { "type": "Point", "coordinates": [-77.0004, 38.8791] }
    },
    {
      "type": "Feature",
      "properties": { "k": "place" },
      "geometry": { "type": "Point", "coordinates": [-77.0235, 38.8788] }
    },
    {
      "type": "Feature",
      "properties": { "k": "case" },
      "geometry": { "type": "Point", "coordinates": [-77.0043, 38.8908] }
    },
    {
      "type": "Feature",
      "properties": { "k": "law" },
      "geometry": { "type": "Point", "coordinates": [-77.0091, 38.8899] }
    },
    {
      "type": "Feature",
      "properties": { "k": "person" },
      "geometry": { "type": "Point", "coordinates": [-77.022, 38.8842] }
    },
    {
      "type": "Feature",
      "properties": { "k": "person" },
      "geometry": { "type": "Point", "coordinates": [-77.0164, 38.8829] }
    },
    {
      "type": "Feature",
      "properties": { "k": "law" },
      "geometry": { "type": "Point", "coordinates": [-77.0091, 38.8899] }
    },
    {
      "type": "Feature",
      "properties": { "k": "law" },
      "geometry": { "type": "Point", "coordinates": [-77.0091, 38.8899] }
    },
    {
      "type": "Feature",
      "properties": { "k": "person" },
      "geometry": { "type": "Point", "coordinates": [-77.022, 38.8842] }
    },
    {
      "type": "Feature",
      "properties": { "k": "event" },
      "geometry": { "type": "Point", "coordinates": [-77.0355, 38.8894] }
    },
    {
      "type": "Feature",
      "properties": { "k": "place" },
      "geometry": { "type": "Point", "coordinates": [-77.0114, 38.8795] }
    },
    {
      "type": "Feature",
      "properties": { "k": "place" },
      "geometry": { "type": "Point", "coordinates": [-76.9949, 38.8593] }
    },
    {
      "type": "Feature",
      "properties": { "k": "place" },
      "geometry": { "type": "Point", "coordinates": [-76.9931, 38.8613] }
    },
    {
      "type": "Feature",
      "properties": { "k": "place" },
      "geometry": { "type": "Point", "coordinates": [-77.0134, 38.8705] }
    },
    {
      "type": "Feature",
      "properties": { "k": "institution" },
      "geometry": { "type": "Point", "coordinates": [-77.0044, 38.8906] }
    },
    {
      "type": "Feature",
      "properties": { "k": "organization" },
      "geometry": { "type": "Point", "coordinates": [-77.0164, 38.8831] }
    },
    {
      "type": "Feature",
      "properties": { "k": "law" },
      "geometry": { "type": "Point", "coordinates": [-77.0091, 38.8899] }
    },
    {
      "type": "Feature",
      "properties": { "k": "place" },
      "geometry": { "type": "Point", "coordinates": [-76.9997, 38.8845] }
    },
    {
      "type": "Feature",
      "properties": { "k": "place" },
      "geometry": { "type": "Point", "coordinates": [-77.0003, 38.879] }
    },
    {
      "type": "Feature",
      "properties": { "k": "place" },
      "geometry": { "type": "Point", "coordinates": [-77.0129, 38.8788] }
    },
    {
      "type": "Feature",
      "properties": { "k": "case" },
      "geometry": { "type": "Point", "coordinates": [-77.0044, 38.8906] }
    },
    {
      "type": "Feature",
      "properties": { "k": "institution" },
      "geometry": { "type": "Point", "coordinates": [-77.0328, 38.8911] }
    },
    {
      "type": "Feature",
      "properties": { "k": "place" },
      "geometry": { "type": "Point", "coordinates": [-77.0211, 38.8754] }
    },
    {
      "type": "Feature",
      "properties": { "k": "law" },
      "geometry": { "type": "Point", "coordinates": [-77.0091, 38.8899] }
    },
    {
      "type": "Feature",
      "properties": { "k": "place" },
      "geometry": { "type": "Point", "coordinates": [-77.0227, 38.8839] }
    },
    {
      "type": "Feature",
      "properties": { "k": "place" },
      "geometry": { "type": "Point", "coordinates": [-77.0227, 38.8839] }
    },
    {
      "type": "Feature",
      "properties": { "k": "place" },
      "geometry": { "type": "Point", "coordinates": [-77.0044, 38.8906] }
    },
    {
      "type": "Feature",
      "properties": { "k": "case" },
      "geometry": { "type": "Point", "coordinates": [-77.0044, 38.8906] }
    },
    {
      "type": "Feature",
      "properties": { "k": "place" },
      "geometry": { "type": "Point", "coordinates": [-76.9937, 38.8623] }
    },
    {
      "type": "Feature",
      "properties": { "k": "place" },
      "geometry": { "type": "Point", "coordinates": [-77.0017, 38.8598] }
    },
    {
      "type": "Feature",
      "properties": { "k": "place" },
      "geometry": { "type": "Point", "coordinates": [-77.0232, 38.8784] }
    },
    {
      "type": "Feature",
      "properties": { "k": "place" },
      "geometry": { "type": "Point", "coordinates": [-77.0229, 38.8869] }
    },
    {
      "type": "Feature",
      "properties": { "k": "law" },
      "geometry": { "type": "Point", "coordinates": [-77.0091, 38.8899] }
    },
    {
      "type": "Feature",
      "properties": { "k": "law" },
      "geometry": { "type": "Point", "coordinates": [-77.0091, 38.8899] }
    },
    {
      "type": "Feature",
      "properties": { "k": "person" },
      "geometry": { "type": "Point", "coordinates": [-77.0047, 38.8905] }
    },
    {
      "type": "Feature",
      "properties": { "k": "law" },
      "geometry": { "type": "Point", "coordinates": [-77.0089, 38.8897] }
    },
    {
      "type": "Feature",
      "properties": { "k": "place" },
      "geometry": { "type": "Point", "coordinates": [-77.0236, 38.89] }
    },
    {
      "type": "Feature",
      "properties": { "k": "place" },
      "geometry": { "type": "Point", "coordinates": [-76.9965, 38.887] }
    },
    {
      "type": "Feature",
      "properties": { "k": "place" },
      "geometry": { "type": "Point", "coordinates": [-77.026, 38.8817] }
    },
    {
      "type": "Feature",
      "properties": { "k": "place" },
      "geometry": { "type": "Point", "coordinates": [-77.0011, 38.8911] }
    },
    {
      "type": "Feature",
      "properties": { "k": "case" },
      "geometry": { "type": "Point", "coordinates": [-77.0043, 38.8908] }
    },
    {
      "type": "Feature",
      "properties": { "k": "case" },
      "geometry": { "type": "Point", "coordinates": [-77.0043, 38.8908] }
    },
    {
      "type": "Feature",
      "properties": { "k": "law" },
      "geometry": { "type": "Point", "coordinates": [-77.0365, 38.8977] }
    },
    {
      "type": "Feature",
      "properties": { "k": "law" },
      "geometry": { "type": "Point", "coordinates": [-77.0365, 38.8977] }
    },
    {
      "type": "Feature",
      "properties": { "k": "person" },
      "geometry": { "type": "Point", "coordinates": [-77.0369, 38.9072] }
    },
    {
      "type": "Feature",
      "properties": { "k": "law" },
      "geometry": { "type": "Point", "coordinates": [-77.0365, 38.8977] }
    },
    {
      "type": "Feature",
      "properties": { "k": "place" },
      "geometry": { "type": "Point", "coordinates": [-77.0699, 38.9132] }
    },
    {
      "type": "Feature",
      "properties": { "k": "institution" },
      "geometry": { "type": "Point", "coordinates": [-77.0411, 38.8939] }
    },
    {
      "type": "Feature",
      "properties": { "k": "place" },
      "geometry": { "type": "Point", "coordinates": [-77.067, 38.906] }
    },
    {
      "type": "Feature",
      "properties": { "k": "place" },
      "geometry": { "type": "Point", "coordinates": [-77.0485, 38.9233] }
    },
    {
      "type": "Feature",
      "properties": { "k": "place" },
      "geometry": { "type": "Point", "coordinates": [-77.0428, 38.9108] }
    },
    {
      "type": "Feature",
      "properties": { "k": "place" },
      "geometry": { "type": "Point", "coordinates": [-77.0404, 38.9143] }
    },
    {
      "type": "Feature",
      "properties": { "k": "place" },
      "geometry": { "type": "Point", "coordinates": [-77.0382, 38.9] }
    },
    {
      "type": "Feature",
      "properties": { "k": "place" },
      "geometry": { "type": "Point", "coordinates": [-77.0564, 38.9075] }
    },
    {
      "type": "Feature",
      "properties": { "k": "organization" },
      "geometry": { "type": "Point", "coordinates": [-77.0364, 38.8951] }
    },
    {
      "type": "Feature",
      "properties": { "k": "place" },
      "geometry": { "type": "Point", "coordinates": [-77.0641, 38.8973] }
    },
    {
      "type": "Feature",
      "properties": { "k": "case" },
      "geometry": { "type": "Point", "coordinates": [-77.0369, 38.9072] }
    },
    {
      "type": "Feature",
      "properties": { "k": "place" },
      "geometry": { "type": "Point", "coordinates": [-77.0366, 38.9126] }
    },
    {
      "type": "Feature",
      "properties": { "k": "person" },
      "geometry": { "type": "Point", "coordinates": [-77.0369, 38.9072] }
    },
    {
      "type": "Feature",
      "properties": { "k": "place" },
      "geometry": { "type": "Point", "coordinates": [-77.0505, 38.8992] }
    },
    {
      "type": "Feature",
      "properties": { "k": "place" },
      "geometry": { "type": "Point", "coordinates": [-77.047, 38.9032] }
    },
    {
      "type": "Feature",
      "properties": { "k": "institution" },
      "geometry": { "type": "Point", "coordinates": [-77.0369, 38.9072] }
    },
    {
      "type": "Feature",
      "properties": { "k": "law" },
      "geometry": { "type": "Point", "coordinates": [-77.0365, 38.8977] }
    },
    {
      "type": "Feature",
      "properties": { "k": "law" },
      "geometry": { "type": "Point", "coordinates": [-77.0365, 38.8977] }
    },
    {
      "type": "Feature",
      "properties": { "k": "law" },
      "geometry": { "type": "Point", "coordinates": [-77.0365, 38.8977] }
    },
    {
      "type": "Feature",
      "properties": { "k": "law" },
      "geometry": { "type": "Point", "coordinates": [-77.0365, 38.8977] }
    },
    {
      "type": "Feature",
      "properties": { "k": "place" },
      "geometry": { "type": "Point", "coordinates": [-77.0447, 38.9202] }
    },
    {
      "type": "Feature",
      "properties": { "k": "place" },
      "geometry": { "type": "Point", "coordinates": [-77.054, 38.911] }
    },
    {
      "type": "Feature",
      "properties": { "k": "place" },
      "geometry": { "type": "Point", "coordinates": [-77.055, 38.908] }
    },
    {
      "type": "Feature",
      "properties": { "k": "person" },
      "geometry": { "type": "Point", "coordinates": [-77.0369, 38.9072] }
    },
    {
      "type": "Feature",
      "properties": { "k": "place" },
      "geometry": { "type": "Point", "coordinates": [-77.0373, 38.9124] }
    },
    {
      "type": "Feature",
      "properties": { "k": "place" },
      "geometry": { "type": "Point", "coordinates": [-77.0584, 38.908] }
    },
    {
      "type": "Feature",
      "properties": { "k": "person" },
      "geometry": { "type": "Point", "coordinates": [-77.0369, 38.9072] }
    },
    {
      "type": "Feature",
      "properties": { "k": "person" },
      "geometry": { "type": "Point", "coordinates": [-77.0369, 38.9072] }
    },
    {
      "type": "Feature",
      "properties": { "k": "place" },
      "geometry": { "type": "Point", "coordinates": [-77.0456, 38.9242] }
    },
    {
      "type": "Feature",
      "properties": { "k": "law" },
      "geometry": { "type": "Point", "coordinates": [-77.0365, 38.8977] }
    },
    {
      "type": "Feature",
      "properties": { "k": "law" },
      "geometry": { "type": "Point", "coordinates": [-77.0365, 38.8977] }
    },
    {
      "type": "Feature",
      "properties": { "k": "invention" },
      "geometry": { "type": "Point", "coordinates": [-77.0369, 38.9072] }
    },
    {
      "type": "Feature",
      "properties": { "k": "invention" },
      "geometry": { "type": "Point", "coordinates": [-77.0369, 38.9072] }
    },
    {
      "type": "Feature",
      "properties": { "k": "invention" },
      "geometry": { "type": "Point", "coordinates": [-77.0369, 38.9072] }
    },
    {
      "type": "Feature",
      "properties": { "k": "place" },
      "geometry": { "type": "Point", "coordinates": [-77.0431, 38.9002] }
    },
    {
      "type": "Feature",
      "properties": { "k": "place" },
      "geometry": { "type": "Point", "coordinates": [-77.0704, 38.9176] }
    },
    {
      "type": "Feature",
      "properties": { "k": "person" },
      "geometry": { "type": "Point", "coordinates": [-77.0369, 38.9072] }
    },
    {
      "type": "Feature",
      "properties": { "k": "law" },
      "geometry": { "type": "Point", "coordinates": [-77.0365, 38.8977] }
    },
    {
      "type": "Feature",
      "properties": { "k": "place" },
      "geometry": { "type": "Point", "coordinates": [-77.0366, 38.9013] }
    },
    {
      "type": "Feature",
      "properties": { "k": "organization" },
      "geometry": { "type": "Point", "coordinates": [-77.0364, 38.8978] }
    },
    {
      "type": "Feature",
      "properties": { "k": "place" },
      "geometry": { "type": "Point", "coordinates": [-77.0557, 38.9076] }
    },
    {
      "type": "Feature",
      "properties": { "k": "place" },
      "geometry": { "type": "Point", "coordinates": [-77.0566, 38.9067] }
    },
    {
      "type": "Feature",
      "properties": { "k": "person" },
      "geometry": { "type": "Point", "coordinates": [-77.0369, 38.9072] }
    },
    {
      "type": "Feature",
      "properties": { "k": "place" },
      "geometry": { "type": "Point", "coordinates": [-77.041, 38.9147] }
    },
    {
      "type": "Feature",
      "properties": { "k": "person" },
      "geometry": { "type": "Point", "coordinates": [-77.0369, 38.9072] }
    },
    {
      "type": "Feature",
      "properties": { "k": "person" },
      "geometry": { "type": "Point", "coordinates": [-77.0369, 38.9072] }
    },
    {
      "type": "Feature",
      "properties": { "k": "place" },
      "geometry": { "type": "Point", "coordinates": [-77.0725, 38.9073] }
    },
    {
      "type": "Feature",
      "properties": { "k": "place" },
      "geometry": { "type": "Point", "coordinates": [-77.0381, 38.906] }
    },
    {
      "type": "Feature",
      "properties": { "k": "place" },
      "geometry": { "type": "Point", "coordinates": [-77.0491, 38.8997] }
    },
    {
      "type": "Feature",
      "properties": { "k": "law" },
      "geometry": { "type": "Point", "coordinates": [-77.0365, 38.8977] }
    },
    {
      "type": "Feature",
      "properties": { "k": "law" },
      "geometry": { "type": "Point", "coordinates": [-77.0365, 38.8977] }
    },
    {
      "type": "Feature",
      "properties": { "k": "law" },
      "geometry": { "type": "Point", "coordinates": [-77.0365, 38.8977] }
    },
    {
      "type": "Feature",
      "properties": { "k": "law" },
      "geometry": { "type": "Point", "coordinates": [-77.0365, 38.8977] }
    },
    {
      "type": "Feature",
      "properties": { "k": "law" },
      "geometry": { "type": "Point", "coordinates": [-77.0365, 38.8977] }
    },
    {
      "type": "Feature",
      "properties": { "k": "law" },
      "geometry": { "type": "Point", "coordinates": [-77.0365, 38.8977] }
    },
    {
      "type": "Feature",
      "properties": { "k": "law" },
      "geometry": { "type": "Point", "coordinates": [-77.0365, 38.8977] }
    },
    {
      "type": "Feature",
      "properties": { "k": "law" },
      "geometry": { "type": "Point", "coordinates": [-77.0365, 38.8977] }
    },
    {
      "type": "Feature",
      "properties": { "k": "place" },
      "geometry": { "type": "Point", "coordinates": [-77.0155, 38.9168] }
    },
    {
      "type": "Feature",
      "properties": { "k": "place" },
      "geometry": { "type": "Point", "coordinates": [-77.0274, 38.9172] }
    },
    {
      "type": "Feature",
      "properties": { "k": "place" },
      "geometry": { "type": "Point", "coordinates": [-77.0249, 38.9168] }
    },
    {
      "type": "Feature",
      "properties": { "k": "place" },
      "geometry": { "type": "Point", "coordinates": [-77.0313, 38.9173] }
    },
    {
      "type": "Feature",
      "properties": { "k": "place" },
      "geometry": { "type": "Point", "coordinates": [-77.0323, 38.9116] }
    },
    {
      "type": "Feature",
      "properties": { "k": "place" },
      "geometry": { "type": "Point", "coordinates": [-77.0293, 38.9153] }
    },
    {
      "type": "Feature",
      "properties": { "k": "place" },
      "geometry": { "type": "Point", "coordinates": [-77.0242, 38.9128] }
    },
    {
      "type": "Feature",
      "properties": { "k": "place" },
      "geometry": { "type": "Point", "coordinates": [-77.0264, 38.9172] }
    },
    {
      "type": "Feature",
      "properties": { "k": "place" },
      "geometry": { "type": "Point", "coordinates": [-77.0262, 38.9172] }
    },
    {
      "type": "Feature",
      "properties": { "k": "place" },
      "geometry": { "type": "Point", "coordinates": [-77.0202, 38.9142] }
    },
    {
      "type": "Feature",
      "properties": { "k": "place" },
      "geometry": { "type": "Point", "coordinates": [-77.0229, 38.9026] }
    },
    {
      "type": "Feature",
      "properties": { "k": "place" },
      "geometry": { "type": "Point", "coordinates": [-77.0222, 38.9174] }
    },
    {
      "type": "Feature",
      "properties": { "k": "place" },
      "geometry": { "type": "Point", "coordinates": [-77.0133, 38.8954] }
    },
    {
      "type": "Feature",
      "properties": { "k": "person" },
      "geometry": { "type": "Point", "coordinates": [-77.0201, 38.9178] }
    },
    {
      "type": "Feature",
      "properties": { "k": "place" },
      "geometry": { "type": "Point", "coordinates": [-77.0258, 38.9184] }
    },
    {
      "type": "Feature",
      "properties": { "k": "place" },
      "geometry": { "type": "Point", "coordinates": [-77.0268, 38.9149] }
    },
    {
      "type": "Feature",
      "properties": { "k": "place" },
      "geometry": { "type": "Point", "coordinates": [-77.0242, 38.9168] }
    },
    {
      "type": "Feature",
      "properties": { "k": "person" },
      "geometry": { "type": "Point", "coordinates": [-77.0177, 38.9122] }
    },
    {
      "type": "Feature",
      "properties": { "k": "place" },
      "geometry": { "type": "Point", "coordinates": [-77.0285, 38.9149] }
    },
    {
      "type": "Feature",
      "properties": { "k": "place" },
      "geometry": { "type": "Point", "coordinates": [-77.0267, 38.9128] }
    },
    {
      "type": "Feature",
      "properties": { "k": "place" },
      "geometry": { "type": "Point", "coordinates": [-77.0134, 38.9054] }
    },
    {
      "type": "Feature",
      "properties": { "k": "place" },
      "geometry": { "type": "Point", "coordinates": [-77.0237, 38.9243] }
    },
    {
      "type": "Feature",
      "properties": { "k": "place" },
      "geometry": { "type": "Point", "coordinates": [-77.0132, 38.9093] }
    },
    {
      "type": "Feature",
      "properties": { "k": "place" },
      "geometry": { "type": "Point", "coordinates": [-77.0355, 38.9053] }
    },
    {
      "type": "Feature",
      "properties": { "k": "place" },
      "geometry": { "type": "Point", "coordinates": [-77.0266, 38.9228] }
    },
    {
      "type": "Feature",
      "properties": { "k": "place" },
      "geometry": { "type": "Point", "coordinates": [-77.0226, 38.9168] }
    },
    {
      "type": "Feature",
      "properties": { "k": "place" },
      "geometry": { "type": "Point", "coordinates": [-77.0361, 38.9168] }
    },
    {
      "type": "Feature",
      "properties": { "k": "place" },
      "geometry": { "type": "Point", "coordinates": [-77.016, 38.9101] }
    },
    {
      "type": "Feature",
      "properties": { "k": "place" },
      "geometry": { "type": "Point", "coordinates": [-77.0195, 38.895] }
    },
    {
      "type": "Feature",
      "properties": { "k": "place" },
      "geometry": { "type": "Point", "coordinates": [-77.0155, 38.9007] }
    },
    {
      "type": "Feature",
      "properties": { "k": "place" },
      "geometry": { "type": "Point", "coordinates": [-77.0217, 38.9157] }
    },
    {
      "type": "Feature",
      "properties": { "k": "place" },
      "geometry": { "type": "Point", "coordinates": [-77.0226, 38.9227] }
    },
    {
      "type": "Feature",
      "properties": { "k": "place" },
      "geometry": { "type": "Point", "coordinates": [-77.0241, 38.9098] }
    },
    {
      "type": "Feature",
      "properties": { "k": "place" },
      "geometry": { "type": "Point", "coordinates": [-77.029, 38.9174] }
    },
    {
      "type": "Feature",
      "properties": { "k": "place" },
      "geometry": { "type": "Point", "coordinates": [-77.03, 38.9233] }
    },
    {
      "type": "Feature",
      "properties": { "k": "place" },
      "geometry": { "type": "Point", "coordinates": [-77.0305, 38.8963] }
    },
    {
      "type": "Feature",
      "properties": { "k": "place" },
      "geometry": { "type": "Point", "coordinates": [-77.0285, 38.9222] }
    },
    {
      "type": "Feature",
      "properties": { "k": "place" },
      "geometry": { "type": "Point", "coordinates": [-77.0274, 38.9007] }
    },
    {
      "type": "Feature",
      "properties": { "k": "place" },
      "geometry": { "type": "Point", "coordinates": [-77.0127, 38.9076] }
    },
    {
      "type": "Feature",
      "properties": { "k": "organization" },
      "geometry": { "type": "Point", "coordinates": [-77.0164, 38.9047] }
    },
    {
      "type": "Feature",
      "properties": { "k": "organization" },
      "geometry": { "type": "Point", "coordinates": [-77.0194, 38.9227] }
    },
    {
      "type": "Feature",
      "properties": { "k": "person" },
      "geometry": { "type": "Point", "coordinates": [-77.0194, 38.9227] }
    },
    {
      "type": "Feature",
      "properties": { "k": "person" },
      "geometry": { "type": "Point", "coordinates": [-77.0194, 38.9227] }
    },
    {
      "type": "Feature",
      "properties": { "k": "organization" },
      "geometry": { "type": "Point", "coordinates": [-77.0194, 38.9227] }
    },
    {
      "type": "Feature",
      "properties": { "k": "event" },
      "geometry": { "type": "Point", "coordinates": [-77.0143, 38.9098] }
    },
    {
      "type": "Feature",
      "properties": { "k": "place" },
      "geometry": { "type": "Point", "coordinates": [-77.0253, 38.9129] }
    },
    {
      "type": "Feature",
      "properties": { "k": "institution" },
      "geometry": { "type": "Point", "coordinates": [-77.02, 38.9175] }
    },
    {
      "type": "Feature",
      "properties": { "k": "person" },
      "geometry": { "type": "Point", "coordinates": [-77.0194, 38.9222] }
    },
    {
      "type": "Feature",
      "properties": { "k": "place" },
      "geometry": { "type": "Point", "coordinates": [-77.0211, 38.9153] }
    },
    {
      "type": "Feature",
      "properties": { "k": "school" },
      "geometry": { "type": "Point", "coordinates": [-77.0194, 38.9222] }
    },
    {
      "type": "Feature",
      "properties": { "k": "place" },
      "geometry": { "type": "Point", "coordinates": [-77.0197, 38.9224] }
    },
    {
      "type": "Feature",
      "properties": { "k": "place" },
      "geometry": { "type": "Point", "coordinates": [-77.036, 38.926] }
    },
    {
      "type": "Feature",
      "properties": { "k": "place" },
      "geometry": { "type": "Point", "coordinates": [-77.022, 38.923] }
    },
    {
      "type": "Feature",
      "properties": { "k": "place" },
      "geometry": { "type": "Point", "coordinates": [-77.0266, 38.9172] }
    },
    {
      "type": "Feature",
      "properties": { "k": "place" },
      "geometry": { "type": "Point", "coordinates": [-77.0236, 38.9138] }
    },
    {
      "type": "Feature",
      "properties": { "k": "place" },
      "geometry": { "type": "Point", "coordinates": [-77.0216, 38.9121] }
    },
    {
      "type": "Feature",
      "properties": { "k": "person" },
      "geometry": { "type": "Point", "coordinates": [-77.0196, 38.9219] }
    },
    {
      "type": "Feature",
      "properties": { "k": "place" },
      "geometry": { "type": "Point", "coordinates": [-77.0273, 38.9167] }
    },
    {
      "type": "Feature",
      "properties": { "k": "person" },
      "geometry": { "type": "Point", "coordinates": [-77.024, 38.9102] }
    },
    {
      "type": "Feature",
      "properties": { "k": "place" },
      "geometry": { "type": "Point", "coordinates": [-77.0314, 38.9221] }
    },
    {
      "type": "Feature",
      "properties": { "k": "place" },
      "geometry": { "type": "Point", "coordinates": [-77.0176, 38.8954] }
    },
    {
      "type": "Feature",
      "properties": { "k": "place" },
      "geometry": { "type": "Point", "coordinates": [-77.0195, 38.895] }
    },
    {
      "type": "Feature",
      "properties": { "k": "organization" },
      "geometry": { "type": "Point", "coordinates": [-77.0194, 38.9227] }
    },
    {
      "type": "Feature",
      "properties": { "k": "place" },
      "geometry": { "type": "Point", "coordinates": [-77.0263, 38.9167] }
    },
    {
      "type": "Feature",
      "properties": { "k": "organization" },
      "geometry": { "type": "Point", "coordinates": [-77.0194, 38.9227] }
    },
    {
      "type": "Feature",
      "properties": { "k": "place" },
      "geometry": { "type": "Point", "coordinates": [-77.0356, 38.9058] }
    },
    {
      "type": "Feature",
      "properties": { "k": "place" },
      "geometry": { "type": "Point", "coordinates": [-77.0159, 38.9151] }
    },
    {
      "type": "Feature",
      "properties": { "k": "place" },
      "geometry": { "type": "Point", "coordinates": [-77.0087, 38.9178] }
    },
    {
      "type": "Feature",
      "properties": { "k": "place" },
      "geometry": { "type": "Point", "coordinates": [-77.0215, 38.897] }
    },
    {
      "type": "Feature",
      "properties": { "k": "place" },
      "geometry": { "type": "Point", "coordinates": [-77.0244, 38.9058] }
    },
    {
      "type": "Feature",
      "properties": { "k": "place" },
      "geometry": { "type": "Point", "coordinates": [-77.0147, 38.9047] }
    },
    {
      "type": "Feature",
      "properties": { "k": "place" },
      "geometry": { "type": "Point", "coordinates": [-77.0294, 38.9236] }
    },
    {
      "type": "Feature",
      "properties": { "k": "place" },
      "geometry": { "type": "Point", "coordinates": [-77.0164, 38.905] }
    },
    {
      "type": "Feature",
      "properties": { "k": "place" },
      "geometry": { "type": "Point", "coordinates": [-77.0317, 38.9116] }
    },
    {
      "type": "Feature",
      "properties": { "k": "place" },
      "geometry": { "type": "Point", "coordinates": [-77.0126, 38.9159] }
    },
    {
      "type": "Feature",
      "properties": { "k": "place" },
      "geometry": { "type": "Point", "coordinates": [-77.0192, 38.9109] }
    },
    {
      "type": "Feature",
      "properties": { "k": "place" },
      "geometry": { "type": "Point", "coordinates": [-77.0309, 38.9018] }
    },
    {
      "type": "Feature",
      "properties": { "k": "place" },
      "geometry": { "type": "Point", "coordinates": [-77.0165, 38.9042] }
    },
    {
      "type": "Feature",
      "properties": { "k": "organization" },
      "geometry": { "type": "Point", "coordinates": [-77.022, 38.9148] }
    },
    {
      "type": "Feature",
      "properties": { "k": "school" },
      "geometry": { "type": "Point", "coordinates": [-77.024, 38.9155] }
    },
    {
      "type": "Feature",
      "properties": { "k": "place" },
      "geometry": { "type": "Point", "coordinates": [-77.0337, 38.9001] }
    },
    {
      "type": "Feature",
      "properties": { "k": "place" },
      "geometry": { "type": "Point", "coordinates": [-77.0165, 38.9042] }
    },
    {
      "type": "Feature",
      "properties": { "k": "place" },
      "geometry": { "type": "Point", "coordinates": [-77.0228, 38.9278] }
    },
    {
      "type": "Feature",
      "properties": { "k": "organization" },
      "geometry": { "type": "Point", "coordinates": [-77.0194, 38.9227] }
    },
    {
      "type": "Feature",
      "properties": { "k": "place" },
      "geometry": { "type": "Point", "coordinates": [-77.0348, 38.9158] }
    },
    {
      "type": "Feature",
      "properties": { "k": "place" },
      "geometry": { "type": "Point", "coordinates": [-77.0325, 38.9347] }
    },
    {
      "type": "Feature",
      "properties": { "k": "place" },
      "geometry": { "type": "Point", "coordinates": [-77.0273, 38.9022] }
    },
    {
      "type": "Feature",
      "properties": { "k": "place" },
      "geometry": { "type": "Point", "coordinates": [-77.0134, 38.9098] }
    },
    {
      "type": "Feature",
      "properties": { "k": "place" },
      "geometry": { "type": "Point", "coordinates": [-77.0127, 38.9098] }
    },
    {
      "type": "Feature",
      "properties": { "k": "place" },
      "geometry": { "type": "Point", "coordinates": [-77.0129, 38.9135] }
    },
    {
      "type": "Feature",
      "properties": { "k": "organization" },
      "geometry": { "type": "Point", "coordinates": [-77.0194, 38.9222] }
    },
    {
      "type": "Feature",
      "properties": { "k": "place" },
      "geometry": { "type": "Point", "coordinates": [-77.0165, 38.9042] }
    },
    {
      "type": "Feature",
      "properties": { "k": "organization" },
      "geometry": { "type": "Point", "coordinates": [-77.0164, 38.9047] }
    },
    {
      "type": "Feature",
      "properties": { "k": "place" },
      "geometry": { "type": "Point", "coordinates": [-77.0165, 38.9042] }
    },
    {
      "type": "Feature",
      "properties": { "k": "place" },
      "geometry": { "type": "Point", "coordinates": [-77.0099, 38.8975] }
    },
    {
      "type": "Feature",
      "properties": { "k": "place" },
      "geometry": { "type": "Point", "coordinates": [-77.0169, 38.9158] }
    },
    {
      "type": "Feature",
      "properties": { "k": "place" },
      "geometry": { "type": "Point", "coordinates": [-77.0178, 38.9157] }
    },
    {
      "type": "Feature",
      "properties": { "k": "place" },
      "geometry": { "type": "Point", "coordinates": [-77.0349, 38.9102] }
    },
    {
      "type": "Feature",
      "properties": { "k": "place" },
      "geometry": { "type": "Point", "coordinates": [-77.024, 38.9101] }
    },
    {
      "type": "Feature",
      "properties": { "k": "place" },
      "geometry": { "type": "Point", "coordinates": [-77.0285, 38.9149] }
    },
    {
      "type": "Feature",
      "properties": { "k": "place" },
      "geometry": { "type": "Point", "coordinates": [-77.0209, 38.9005] }
    },
    {
      "type": "Feature",
      "properties": { "k": "organization" },
      "geometry": { "type": "Point", "coordinates": [-77.0164, 38.9047] }
    },
    {
      "type": "Feature",
      "properties": { "k": "place" },
      "geometry": { "type": "Point", "coordinates": [-77.0165, 38.9042] }
    },
    {
      "type": "Feature",
      "properties": { "k": "place" },
      "geometry": { "type": "Point", "coordinates": [-77.0217, 38.9157] }
    },
    {
      "type": "Feature",
      "properties": { "k": "place" },
      "geometry": { "type": "Point", "coordinates": [-77.0165, 38.9042] }
    },
    {
      "type": "Feature",
      "properties": { "k": "place" },
      "geometry": { "type": "Point", "coordinates": [-77.0222, 38.9234] }
    },
    {
      "type": "Feature",
      "properties": { "k": "person" },
      "geometry": { "type": "Point", "coordinates": [-77.017, 38.9191] }
    },
    {
      "type": "Feature",
      "properties": { "k": "place" },
      "geometry": { "type": "Point", "coordinates": [-77.0217, 38.9157] }
    },
    {
      "type": "Feature",
      "properties": { "k": "place" },
      "geometry": { "type": "Point", "coordinates": [-77.0298, 38.9206] }
    },
    {
      "type": "Feature",
      "properties": { "k": "place" },
      "geometry": { "type": "Point", "coordinates": [-77.0165, 38.9042] }
    },
    {
      "type": "Feature",
      "properties": { "k": "place" },
      "geometry": { "type": "Point", "coordinates": [-77.0267, 38.9152] }
    },
    {
      "type": "Feature",
      "properties": { "k": "place" },
      "geometry": { "type": "Point", "coordinates": [-77.0165, 38.9042] }
    },
    {
      "type": "Feature",
      "properties": { "k": "place" },
      "geometry": { "type": "Point", "coordinates": [-77.0329, 38.9193] }
    },
    {
      "type": "Feature",
      "properties": { "k": "place" },
      "geometry": { "type": "Point", "coordinates": [-77.0288, 38.9118] }
    },
    {
      "type": "Feature",
      "properties": { "k": "place" },
      "geometry": { "type": "Point", "coordinates": [-77.028, 38.9299] }
    },
    {
      "type": "Feature",
      "properties": { "k": "place" },
      "geometry": { "type": "Point", "coordinates": [-77.0248, 38.8987] }
    },
    {
      "type": "Feature",
      "properties": { "k": "place" },
      "geometry": { "type": "Point", "coordinates": [-77.0314, 38.895] }
    },
    {
      "type": "Feature",
      "properties": { "k": "place" },
      "geometry": { "type": "Point", "coordinates": [-77.0283, 38.9167] }
    },
    {
      "type": "Feature",
      "properties": { "k": "place" },
      "geometry": { "type": "Point", "coordinates": [-77.025, 38.8936] }
    },
    {
      "type": "Feature",
      "properties": { "k": "person" },
      "geometry": { "type": "Point", "coordinates": [-77.0194, 38.9227] }
    },
    {
      "type": "Feature",
      "properties": { "k": "person" },
      "geometry": { "type": "Point", "coordinates": [-77.0194, 38.9227] }
    },
    {
      "type": "Feature",
      "properties": { "k": "institution" },
      "geometry": { "type": "Point", "coordinates": [-76.9986, 38.9336] }
    },
    {
      "type": "Feature",
      "properties": { "k": "place" },
      "geometry": { "type": "Point", "coordinates": [-77.0201, 38.9189] }
    },
    {
      "type": "Feature",
      "properties": { "k": "person" },
      "geometry": { "type": "Point", "coordinates": [-77.0194, 38.9227] }
    },
    {
      "type": "Feature",
      "properties": { "k": "place" },
      "geometry": { "type": "Point", "coordinates": [-77.0201, 38.9242] }
    },
    {
      "type": "Feature",
      "properties": { "k": "place" },
      "geometry": { "type": "Point", "coordinates": [-77.0237, 38.9113] }
    },
    {
      "type": "Feature",
      "properties": { "k": "place" },
      "geometry": { "type": "Point", "coordinates": [-77.0218, 38.9238] }
    },
    {
      "type": "Feature",
      "properties": { "k": "place" },
      "geometry": { "type": "Point", "coordinates": [-77.0237, 38.9103] }
    },
    {
      "type": "Feature",
      "properties": { "k": "place" },
      "geometry": { "type": "Point", "coordinates": [-77.0165, 38.9042] }
    },
    {
      "type": "Feature",
      "properties": { "k": "place" },
      "geometry": { "type": "Point", "coordinates": [-77.0349, 38.9102] }
    },
    {
      "type": "Feature",
      "properties": { "k": "person" },
      "geometry": { "type": "Point", "coordinates": [-77.0177, 38.9122] }
    },
    {
      "type": "Feature",
      "properties": { "k": "place" },
      "geometry": { "type": "Point", "coordinates": [-77.0357, 38.9335] }
    },
    {
      "type": "Feature",
      "properties": { "k": "place" },
      "geometry": { "type": "Point", "coordinates": [-77.035, 38.9158] }
    },
    {
      "type": "Feature",
      "properties": { "k": "place" },
      "geometry": { "type": "Point", "coordinates": [-77.0243, 38.9117] }
    },
    {
      "type": "Feature",
      "properties": { "k": "place" },
      "geometry": { "type": "Point", "coordinates": [-77.0348, 38.9154] }
    },
    {
      "type": "Feature",
      "properties": { "k": "place" },
      "geometry": { "type": "Point", "coordinates": [-77.0128, 38.921] }
    },
    {
      "type": "Feature",
      "properties": { "k": "place" },
      "geometry": { "type": "Point", "coordinates": [-77.0214, 38.935] }
    },
    {
      "type": "Feature",
      "properties": { "k": "place" },
      "geometry": { "type": "Point", "coordinates": [-77.0033, 38.9046] }
    },
    {
      "type": "Feature",
      "properties": { "k": "place" },
      "geometry": { "type": "Point", "coordinates": [-77.0118, 38.9196] }
    },
    {
      "type": "Feature",
      "properties": { "k": "place" },
      "geometry": { "type": "Point", "coordinates": [-77.0165, 38.9042] }
    },
    {
      "type": "Feature",
      "properties": { "k": "place" },
      "geometry": { "type": "Point", "coordinates": [-77.0249, 38.907] }
    },
    {
      "type": "Feature",
      "properties": { "k": "person" },
      "geometry": { "type": "Point", "coordinates": [-77.0177, 38.9122] }
    },
    {
      "type": "Feature",
      "properties": { "k": "place" },
      "geometry": { "type": "Point", "coordinates": [-77.0323, 38.9195] }
    },
    {
      "type": "Feature",
      "properties": { "k": "place" },
      "geometry": { "type": "Point", "coordinates": [-77.0237, 38.9243] }
    },
    {
      "type": "Feature",
      "properties": { "k": "place" },
      "geometry": { "type": "Point", "coordinates": [-77.024, 38.9102] }
    },
    {
      "type": "Feature",
      "properties": { "k": "place" },
      "geometry": { "type": "Point", "coordinates": [-77.0268, 38.9172] }
    },
    {
      "type": "Feature",
      "properties": { "k": "person" },
      "geometry": { "type": "Point", "coordinates": [-77.0194, 38.9227] }
    },
    {
      "type": "Feature",
      "properties": { "k": "organization" },
      "geometry": { "type": "Point", "coordinates": [-77.0164, 38.9047] }
    },
    {
      "type": "Feature",
      "properties": { "k": "place" },
      "geometry": { "type": "Point", "coordinates": [-77.0062, 38.8976] }
    },
    {
      "type": "Feature",
      "properties": { "k": "institution" },
      "geometry": { "type": "Point", "coordinates": [-77.0225, 38.9233] }
    },
    {
      "type": "Feature",
      "properties": { "k": "school" },
      "geometry": { "type": "Point", "coordinates": [-77.0143, 38.9098] }
    },
    {
      "type": "Feature",
      "properties": { "k": "person" },
      "geometry": { "type": "Point", "coordinates": [-77.0194, 38.9227] }
    },
    {
      "type": "Feature",
      "properties": { "k": "place" },
      "geometry": { "type": "Point", "coordinates": [-77.035, 38.8989] }
    },
    {
      "type": "Feature",
      "properties": { "k": "school" },
      "geometry": { "type": "Point", "coordinates": [-77.017, 38.917] }
    },
    {
      "type": "Feature",
      "properties": { "k": "place" },
      "geometry": { "type": "Point", "coordinates": [-77.0303, 38.917] }
    },
    {
      "type": "Feature",
      "properties": { "k": "person" },
      "geometry": { "type": "Point", "coordinates": [-77.027, 38.916] }
    },
    {
      "type": "Feature",
      "properties": { "k": "place" },
      "geometry": { "type": "Point", "coordinates": [-77.0165, 38.9042] }
    },
    {
      "type": "Feature",
      "properties": { "k": "place" },
      "geometry": { "type": "Point", "coordinates": [-77.0222, 38.9089] }
    },
    {
      "type": "Feature",
      "properties": { "k": "place" },
      "geometry": { "type": "Point", "coordinates": [-77.0288, 38.9173] }
    },
    {
      "type": "Feature",
      "properties": { "k": "place" },
      "geometry": { "type": "Point", "coordinates": [-77.0106, 38.9099] }
    },
    {
      "type": "Feature",
      "properties": { "k": "place" },
      "geometry": { "type": "Point", "coordinates": [-77.0247, 38.9175] }
    },
    {
      "type": "Feature",
      "properties": { "k": "place" },
      "geometry": { "type": "Point", "coordinates": [-77.0309, 38.9082] }
    },
    {
      "type": "Feature",
      "properties": { "k": "place" },
      "geometry": { "type": "Point", "coordinates": [-77.0211, 38.8934] }
    },
    {
      "type": "Feature",
      "properties": { "k": "place" },
      "geometry": { "type": "Point", "coordinates": [-77.0222, 38.8922] }
    },
    {
      "type": "Feature",
      "properties": { "k": "place" },
      "geometry": { "type": "Point", "coordinates": [-77.0165, 38.9042] }
    },
    {
      "type": "Feature",
      "properties": { "k": "case" },
      "geometry": { "type": "Point", "coordinates": [-77.0322, 38.9174] }
    },
    {
      "type": "Feature",
      "properties": { "k": "place" },
      "geometry": { "type": "Point", "coordinates": [-77.0742, 38.9533] }
    },
    {
      "type": "Feature",
      "properties": { "k": "place" },
      "geometry": { "type": "Point", "coordinates": [-77.0596, 38.9428] }
    },
    {
      "type": "Feature",
      "properties": { "k": "institution" },
      "geometry": { "type": "Point", "coordinates": [-77.0653, 38.9439] }
    },
    {
      "type": "Feature",
      "properties": { "k": "place" },
      "geometry": { "type": "Point", "coordinates": [-77.0665, 38.9676] }
    },
    {
      "type": "Feature",
      "properties": { "k": "place" },
      "geometry": { "type": "Point", "coordinates": [-77.0282, 38.9642] }
    },
    {
      "type": "Feature",
      "properties": { "k": "place" },
      "geometry": { "type": "Point", "coordinates": [-77.0277, 38.9565] }
    },
    {
      "type": "Feature",
      "properties": { "k": "place" },
      "geometry": { "type": "Point", "coordinates": [-77.0243, 38.9382] }
    },
    {
      "type": "Feature",
      "properties": { "k": "place" },
      "geometry": { "type": "Point", "coordinates": [-77.024, 38.9401] }
    },
    {
      "type": "Feature",
      "properties": { "k": "place" },
      "geometry": { "type": "Point", "coordinates": [-77.0324, 38.9622] }
    },
    {
      "type": "Feature",
      "properties": { "k": "place" },
      "geometry": { "type": "Point", "coordinates": [-77.0041, 38.9551] }
    },
    {
      "type": "Feature",
      "properties": { "k": "place" },
      "geometry": { "type": "Point", "coordinates": [-77.0305, 38.9639] }
    },
    {
      "type": "Feature",
      "properties": { "k": "place" },
      "geometry": { "type": "Point", "coordinates": [-77.0291, 38.9417] }
    },
    {
      "type": "Feature",
      "properties": { "k": "place" },
      "geometry": { "type": "Point", "coordinates": [-77.0236, 38.9396] }
    },
    {
      "type": "Feature",
      "properties": { "k": "person" },
      "geometry": { "type": "Point", "coordinates": [-76.9999, 38.9391] }
    },
    {
      "type": "Feature",
      "properties": { "k": "place" },
      "geometry": { "type": "Point", "coordinates": [-77.0295, 38.9644] }
    },
    {
      "type": "Feature",
      "properties": { "k": "place" },
      "geometry": { "type": "Point", "coordinates": [-77.0281, 38.9961] }
    },
    {
      "type": "Feature",
      "properties": { "k": "place" },
      "geometry": { "type": "Point", "coordinates": [-76.8482, 38.8293] }
    },
    {
      "type": "Feature",
      "properties": { "k": "place" },
      "geometry": { "type": "Point", "coordinates": [-76.8482, 38.8293] }
    },
    {
      "type": "Feature",
      "properties": { "k": "place" },
      "geometry": { "type": "Point", "coordinates": [-76.8482, 38.8293] }
    },
    {
      "type": "Feature",
      "properties": { "k": "place" },
      "geometry": { "type": "Point", "coordinates": [-76.8482, 38.8293] }
    },
    {
      "type": "Feature",
      "properties": { "k": "place" },
      "geometry": { "type": "Point", "coordinates": [-76.7595, 38.7473] }
    },
    {
      "type": "Feature",
      "properties": { "k": "place" },
      "geometry": { "type": "Point", "coordinates": [-76.7477, 38.8199] }
    },
    {
      "type": "Feature",
      "properties": { "k": "place" },
      "geometry": { "type": "Point", "coordinates": [-76.7493, 38.8192] }
    },
    {
      "type": "Feature",
      "properties": { "k": "person" },
      "geometry": { "type": "Point", "coordinates": [-76.85, 39] }
    },
    {
      "type": "Feature",
      "properties": { "k": "person" },
      "geometry": { "type": "Point", "coordinates": [-76.98, 38.87] }
    },
    {
      "type": "Feature",
      "properties": { "k": "person" },
      "geometry": { "type": "Point", "coordinates": [-76.99, 38.92] }
    },
    {
      "type": "Feature",
      "properties": { "k": "place" },
      "geometry": { "type": "Point", "coordinates": [-76.9715, 38.8742] }
    },
    {
      "type": "Feature",
      "properties": { "k": "place" },
      "geometry": { "type": "Point", "coordinates": [-76.9884, 38.8483] }
    },
    {
      "type": "Feature",
      "properties": { "k": "place" },
      "geometry": { "type": "Point", "coordinates": [-76.9852, 38.8632] }
    },
    {
      "type": "Feature",
      "properties": { "k": "place" },
      "geometry": { "type": "Point", "coordinates": [-76.9831, 38.8726] }
    },
    {
      "type": "Feature",
      "properties": { "k": "place" },
      "geometry": { "type": "Point", "coordinates": [-76.9892, 38.8898] }
    },
    {
      "type": "Feature",
      "properties": { "k": "place" },
      "geometry": { "type": "Point", "coordinates": [-76.9899, 38.8898] }
    },
    {
      "type": "Feature",
      "properties": { "k": "place" },
      "geometry": { "type": "Point", "coordinates": [-76.9745, 38.8792] }
    },
    {
      "type": "Feature",
      "properties": { "k": "place" },
      "geometry": { "type": "Point", "coordinates": [-76.9768, 38.8566] }
    },
    {
      "type": "Feature",
      "properties": { "k": "school" },
      "geometry": { "type": "Point", "coordinates": [-76.9825, 38.8698] }
    },
    {
      "type": "Feature",
      "properties": { "k": "place" },
      "geometry": { "type": "Point", "coordinates": [-76.9852, 38.8634] }
    },
    {
      "type": "Feature",
      "properties": { "k": "place" },
      "geometry": { "type": "Point", "coordinates": [-76.9789, 38.8826] }
    },
    {
      "type": "Feature",
      "properties": { "k": "place" },
      "geometry": { "type": "Point", "coordinates": [-76.9531, 38.884] }
    },
    {
      "type": "Feature",
      "properties": { "k": "place" },
      "geometry": { "type": "Point", "coordinates": [-76.9745, 38.8792] }
    },
    {
      "type": "Feature",
      "properties": { "k": "place" },
      "geometry": { "type": "Point", "coordinates": [-76.9919, 38.8582] }
    },
    {
      "type": "Feature",
      "properties": { "k": "person" },
      "geometry": { "type": "Point", "coordinates": [-76.9849, 38.8629] }
    },
    {
      "type": "Feature",
      "properties": { "k": "place" },
      "geometry": { "type": "Point", "coordinates": [-76.9913, 38.8635] }
    },
    {
      "type": "Feature",
      "properties": { "k": "place" },
      "geometry": { "type": "Point", "coordinates": [-76.9899, 38.8898] }
    },
    {
      "type": "Feature",
      "properties": { "k": "place" },
      "geometry": { "type": "Point", "coordinates": [-76.9336, 38.883] }
    },
    {
      "type": "Feature",
      "properties": { "k": "place" },
      "geometry": { "type": "Point", "coordinates": [-76.9363, 38.8858] }
    },
    {
      "type": "Feature",
      "properties": { "k": "school" },
      "geometry": { "type": "Point", "coordinates": [-76.914, 38.881] }
    },
    {
      "type": "Feature",
      "properties": { "k": "place" },
      "geometry": { "type": "Point", "coordinates": [-76.9862, 38.9297] }
    },
    {
      "type": "Feature",
      "properties": { "k": "place" },
      "geometry": { "type": "Point", "coordinates": [-76.9739, 38.9] }
    },
    {
      "type": "Feature",
      "properties": { "k": "place" },
      "geometry": { "type": "Point", "coordinates": [-76.9699, 38.8985] }
    },
    {
      "type": "Feature",
      "properties": { "k": "place" },
      "geometry": { "type": "Point", "coordinates": [-76.9862, 38.9136] }
    },
    {
      "type": "Feature",
      "properties": { "k": "place" },
      "geometry": { "type": "Point", "coordinates": [-76.9791, 38.8978] }
    },
    {
      "type": "Feature",
      "properties": { "k": "place" },
      "geometry": { "type": "Point", "coordinates": [-76.9707, 38.9026] }
    },
    {
      "type": "Feature",
      "properties": { "k": "place" },
      "geometry": { "type": "Point", "coordinates": [-76.9862, 38.9022] }
    },
    {
      "type": "Feature",
      "properties": { "k": "place" },
      "geometry": { "type": "Point", "coordinates": [-76.9862, 38.8999] }
    },
    {
      "type": "Feature",
      "properties": { "k": "place" },
      "geometry": { "type": "Point", "coordinates": [-76.9837, 38.9301] }
    },
    {
      "type": "Feature",
      "properties": { "k": "place" },
      "geometry": { "type": "Point", "coordinates": [-76.9906, 38.8954] }
    },
    {
      "type": "Feature",
      "properties": { "k": "place" },
      "geometry": { "type": "Point", "coordinates": [-76.9908, 38.9327] }
    },
    {
      "type": "Feature",
      "properties": { "k": "place" },
      "geometry": { "type": "Point", "coordinates": [-76.9851, 38.9136] }
    },
    {
      "type": "Feature",
      "properties": { "k": "place" },
      "geometry": { "type": "Point", "coordinates": [-76.926, 38.8981] }
    },
    {
      "type": "Feature",
      "properties": { "k": "place" },
      "geometry": { "type": "Point", "coordinates": [-76.9301, 38.9004] }
    },
    {
      "type": "Feature",
      "properties": { "k": "place" },
      "geometry": { "type": "Point", "coordinates": [-76.938, 38.9031] }
    },
    {
      "type": "Feature",
      "properties": { "k": "place" },
      "geometry": { "type": "Point", "coordinates": [-76.9269, 38.8981] }
    },
    {
      "type": "Feature",
      "properties": { "k": "person" },
      "geometry": { "type": "Point", "coordinates": [-76.9291, 38.8966] }
    },
    {
      "type": "Feature",
      "properties": { "k": "place" },
      "geometry": { "type": "Point", "coordinates": [-76.9296, 38.8982] }
    },
    {
      "type": "Feature",
      "properties": { "k": "place" },
      "geometry": { "type": "Point", "coordinates": [-76.9339, 38.898] }
    },
    {
      "type": "Feature",
      "properties": { "k": "place" },
      "geometry": { "type": "Point", "coordinates": [-76.9371, 38.9045] }
    },
    {
      "type": "Feature",
      "properties": { "k": "place" },
      "geometry": { "type": "Point", "coordinates": [-76.9288, 38.8977] }
    },
    {
      "type": "Feature",
      "properties": { "k": "place" },
      "geometry": { "type": "Point", "coordinates": [-76.9399, 38.8922] }
    },
    {
      "type": "Feature",
      "properties": { "k": "place" },
      "geometry": { "type": "Point", "coordinates": [-76.9256, 38.8973] }
    },
    {
      "type": "Feature",
      "properties": { "k": "place" },
      "geometry": { "type": "Point", "coordinates": [-76.86, 38.8887] }
    },
    {
      "type": "Feature",
      "properties": { "k": "place" },
      "geometry": { "type": "Point", "coordinates": [-76.8522, 38.8931] }
    },
    {
      "type": "Feature",
      "properties": { "k": "place" },
      "geometry": { "type": "Point", "coordinates": [-76.9556, 38.9419] }
    },
    {
      "type": "Feature",
      "properties": { "k": "place" },
      "geometry": { "type": "Point", "coordinates": [-76.9758, 38.9402] }
    },
    {
      "type": "Feature",
      "properties": { "k": "place" },
      "geometry": { "type": "Point", "coordinates": [-76.8194, 38.9647] }
    },
    {
      "type": "Feature",
      "properties": { "k": "invention" },
      "geometry": { "type": "Point", "coordinates": [-76.8755, 39.0043] }
    },
    {
      "type": "Feature",
      "properties": { "k": "person" },
      "geometry": { "type": "Point", "coordinates": [-76.8459, 38.9998] }
    },
    {
      "type": "Feature",
      "properties": { "k": "place" },
      "geometry": { "type": "Point", "coordinates": [-76.7833, 38.9344] }
    },
    {
      "type": "Feature",
      "properties": { "k": "place" },
      "geometry": { "type": "Point", "coordinates": [-76.7842, 38.9517] }
    },
    {
      "type": "Feature",
      "properties": { "k": "school" },
      "geometry": { "type": "Point", "coordinates": [-76.761, 39.019] }
    },
    {
      "type": "Feature",
      "properties": { "k": "place" },
      "geometry": { "type": "Point", "coordinates": [-77.1216, 39.044] }
    },
    {
      "type": "Feature",
      "properties": { "k": "place" },
      "geometry": { "type": "Point", "coordinates": [-77.1217, 39.0428] }
    },
    {
      "type": "Feature",
      "properties": { "k": "place" },
      "geometry": { "type": "Point", "coordinates": [-76.8744, 39.0597] }
    },
    {
      "type": "Feature",
      "properties": { "k": "place" },
      "geometry": { "type": "Point", "coordinates": [-76.9158, 39.1944] }
    },
    {
      "type": "Feature",
      "properties": { "k": "place" },
      "geometry": { "type": "Point", "coordinates": [-76.6553, 39.085] }
    },
    {
      "type": "Feature",
      "properties": { "k": "place" },
      "geometry": { "type": "Point", "coordinates": [-76.6518, 39.1464] }
    },
    {
      "type": "Feature",
      "properties": { "k": "place" },
      "geometry": { "type": "Point", "coordinates": [-76.9397, 39.3372] }
    },
    {
      "type": "Feature",
      "properties": { "k": "place" },
      "geometry": { "type": "Point", "coordinates": [-76.7314, 39.22] }
    },
    {
      "type": "Feature",
      "properties": { "k": "person" },
      "geometry": { "type": "Point", "coordinates": [-76.7983, 39.2673] }
    },
    {
      "type": "Feature",
      "properties": { "k": "invention" },
      "geometry": { "type": "Point", "coordinates": [-76.7983, 39.2673] }
    },
    {
      "type": "Feature",
      "properties": { "k": "place" },
      "geometry": { "type": "Point", "coordinates": [-76.779, 39.2742] }
    },
    {
      "type": "Feature",
      "properties": { "k": "school" },
      "geometry": { "type": "Point", "coordinates": [-76.659, 39.31] }
    },
    {
      "type": "Feature",
      "properties": { "k": "school" },
      "geometry": { "type": "Point", "coordinates": [-76.6586, 39.3103] }
    },
    {
      "type": "Feature",
      "properties": { "k": "organization" },
      "geometry": { "type": "Point", "coordinates": [-76.7094, 39.3445] }
    },
    {
      "type": "Feature",
      "properties": { "k": "place" },
      "geometry": { "type": "Point", "coordinates": [-76.5142, 38.8359] }
    },
    {
      "type": "Feature",
      "properties": { "k": "person" },
      "geometry": { "type": "Point", "coordinates": [-76.49, 38.98] }
    },
    {
      "type": "Feature",
      "properties": { "k": "place" },
      "geometry": { "type": "Point", "coordinates": [-76.4668, 38.9303] }
    },
    {
      "type": "Feature",
      "properties": { "k": "place" },
      "geometry": { "type": "Point", "coordinates": [-76.6303, 39.0072] }
    },
    {
      "type": "Feature",
      "properties": { "k": "place" },
      "geometry": { "type": "Point", "coordinates": [-76.63, 39.0095] }
    },
    {
      "type": "Feature",
      "properties": { "k": "place" },
      "geometry": { "type": "Point", "coordinates": [-76.5609, 38.9916] }
    },
    {
      "type": "Feature",
      "properties": { "k": "place" },
      "geometry": { "type": "Point", "coordinates": [-76.5609, 38.9916] }
    },
    {
      "type": "Feature",
      "properties": { "k": "person" },
      "geometry": { "type": "Point", "coordinates": [-76.5501, 38.9898] }
    },
    {
      "type": "Feature",
      "properties": { "k": "place" },
      "geometry": { "type": "Point", "coordinates": [-76.2758, 38.981] }
    },
    {
      "type": "Feature",
      "properties": { "k": "place" },
      "geometry": { "type": "Point", "coordinates": [-76.577, 39.1409] }
    },
    {
      "type": "Feature",
      "properties": { "k": "place" },
      "geometry": { "type": "Point", "coordinates": [-76.5645, 39.1642] }
    },
    {
      "type": "Feature",
      "properties": { "k": "person" },
      "geometry": { "type": "Point", "coordinates": [-76.59, 39.3] }
    },
    {
      "type": "Feature",
      "properties": { "k": "person" },
      "geometry": { "type": "Point", "coordinates": [-76.62, 39.33] }
    },
    {
      "type": "Feature",
      "properties": { "k": "person" },
      "geometry": { "type": "Point", "coordinates": [-76.61, 39.29] }
    },
    {
      "type": "Feature",
      "properties": { "k": "place" },
      "geometry": { "type": "Point", "coordinates": [-76.6397, 39.2594] }
    },
    {
      "type": "Feature",
      "properties": { "k": "place" },
      "geometry": { "type": "Point", "coordinates": [-76.6105, 39.3] }
    },
    {
      "type": "Feature",
      "properties": { "k": "person" },
      "geometry": { "type": "Point", "coordinates": [-76.5987, 39.2955] }
    },
    {
      "type": "Feature",
      "properties": { "k": "place" },
      "geometry": { "type": "Point", "coordinates": [-76.6105, 39.3] }
    },
    {
      "type": "Feature",
      "properties": { "k": "place" },
      "geometry": { "type": "Point", "coordinates": [-76.6105, 39.3] }
    },
    {
      "type": "Feature",
      "properties": { "k": "place" },
      "geometry": { "type": "Point", "coordinates": [-76.6105, 39.3] }
    },
    {
      "type": "Feature",
      "properties": { "k": "place" },
      "geometry": { "type": "Point", "coordinates": [-76.6105, 39.3] }
    },
    {
      "type": "Feature",
      "properties": { "k": "place" },
      "geometry": { "type": "Point", "coordinates": [-76.6105, 39.3] }
    },
    {
      "type": "Feature",
      "properties": { "k": "place" },
      "geometry": { "type": "Point", "coordinates": [-76.6105, 39.3] }
    },
    {
      "type": "Feature",
      "properties": { "k": "place" },
      "geometry": { "type": "Point", "coordinates": [-76.624, 39.2977] }
    },
    {
      "type": "Feature",
      "properties": { "k": "place" },
      "geometry": { "type": "Point", "coordinates": [-76.6105, 39.3] }
    },
    {
      "type": "Feature",
      "properties": { "k": "place" },
      "geometry": { "type": "Point", "coordinates": [-76.6378, 39.301] }
    },
    {
      "type": "Feature",
      "properties": { "k": "place" },
      "geometry": { "type": "Point", "coordinates": [-76.631, 39.3004] }
    },
    {
      "type": "Feature",
      "properties": { "k": "organization" },
      "geometry": { "type": "Point", "coordinates": [-76.6289, 39.3008] }
    },
    {
      "type": "Feature",
      "properties": { "k": "institution" },
      "geometry": { "type": "Point", "coordinates": [-76.6039, 39.2875] }
    },
    {
      "type": "Feature",
      "properties": { "k": "place" },
      "geometry": { "type": "Point", "coordinates": [-76.6105, 39.3] }
    },
    {
      "type": "Feature",
      "properties": { "k": "place" },
      "geometry": { "type": "Point", "coordinates": [-76.6105, 39.3] }
    },
    {
      "type": "Feature",
      "properties": { "k": "place" },
      "geometry": { "type": "Point", "coordinates": [-76.6105, 39.3] }
    },
    {
      "type": "Feature",
      "properties": { "k": "place" },
      "geometry": { "type": "Point", "coordinates": [-76.6229, 39.2982] }
    },
    {
      "type": "Feature",
      "properties": { "k": "place" },
      "geometry": { "type": "Point", "coordinates": [-76.6105, 39.3] }
    },
    {
      "type": "Feature",
      "properties": { "k": "place" },
      "geometry": { "type": "Point", "coordinates": [-76.594, 39.3026] }
    },
    {
      "type": "Feature",
      "properties": { "k": "institution" },
      "geometry": { "type": "Point", "coordinates": [-76.5847, 39.3074] }
    },
    {
      "type": "Feature",
      "properties": { "k": "organization" },
      "geometry": { "type": "Point", "coordinates": [-76.5806, 39.3437] }
    },
    {
      "type": "Feature",
      "properties": { "k": "person" },
      "geometry": { "type": "Point", "coordinates": [-76.5836, 39.3447] }
    },
    {
      "type": "Feature",
      "properties": { "k": "school" },
      "geometry": { "type": "Point", "coordinates": [-76.5847, 39.3439] }
    },
    {
      "type": "Feature",
      "properties": { "k": "place" },
      "geometry": { "type": "Point", "coordinates": [-76.0664, 39.209] }
    },
    {
      "type": "Feature",
      "properties": { "k": "person" },
      "geometry": { "type": "Point", "coordinates": [-75.924, 37.3028] }
    },
    {
      "type": "Feature",
      "properties": { "k": "place" },
      "geometry": { "type": "Point", "coordinates": [-75.924, 37.3028] }
    },
    {
      "type": "Feature",
      "properties": { "k": "place" },
      "geometry": { "type": "Point", "coordinates": [-75.7341, 37.7101] }
    },
    {
      "type": "Feature",
      "properties": { "k": "place" },
      "geometry": { "type": "Point", "coordinates": [-75.7578, 37.7659] }
    },
    {
      "type": "Feature",
      "properties": { "k": "place" },
      "geometry": { "type": "Point", "coordinates": [-75.8017, 38.0419] }
    },
    {
      "type": "Feature",
      "properties": { "k": "place" },
      "geometry": { "type": "Point", "coordinates": [-75.7369, 38.0883] }
    },
    {
      "type": "Feature",
      "properties": { "k": "person" },
      "geometry": { "type": "Point", "coordinates": [-75.695, 38.2097] }
    },
    {
      "type": "Feature",
      "properties": { "k": "place" },
      "geometry": { "type": "Point", "coordinates": [-75.6869, 38.2074] }
    },
    {
      "type": "Feature",
      "properties": { "k": "person" },
      "geometry": { "type": "Point", "coordinates": [-75.63, 38.37] }
    },
    {
      "type": "Feature",
      "properties": { "k": "place" },
      "geometry": { "type": "Point", "coordinates": [-75.6321, 38.3674] }
    },
    {
      "type": "Feature",
      "properties": { "k": "place" },
      "geometry": { "type": "Point", "coordinates": [-75.4538, 38.5565] }
    },
    {
      "type": "Feature",
      "properties": { "k": "place" },
      "geometry": { "type": "Point", "coordinates": [-75.1454, 38.5449] }
    },
    {
      "type": "Feature",
      "properties": { "k": "place" },
      "geometry": { "type": "Point", "coordinates": [-75.2302, 38.6038] }
    },
    {
      "type": "Feature",
      "properties": { "k": "place" },
      "geometry": { "type": "Point", "coordinates": [-75.2022, 38.6141] }
    },
    {
      "type": "Feature",
      "properties": { "k": "place" },
      "geometry": { "type": "Point", "coordinates": [-75.3758, 38.69] }
    },
    {
      "type": "Feature",
      "properties": { "k": "place" },
      "geometry": { "type": "Point", "coordinates": [-75.3803, 38.6909] }
    },
    {
      "type": "Feature",
      "properties": { "k": "place" },
      "geometry": { "type": "Point", "coordinates": [-75.337, 38.6732] }
    },
    {
      "type": "Feature",
      "properties": { "k": "place" },
      "geometry": { "type": "Point", "coordinates": [-75.583, 38.922] }
    },
    {
      "type": "Feature",
      "properties": { "k": "place" },
      "geometry": { "type": "Point", "coordinates": [-75.6367, 39.2938] }
    },
    {
      "type": "Feature",
      "properties": { "k": "place" },
      "geometry": { "type": "Point", "coordinates": [-75.503, 39.0971] }
    },
    {
      "type": "Feature",
      "properties": { "k": "place" },
      "geometry": { "type": "Point", "coordinates": [-75.5357, 39.1019] }
    },
    {
      "type": "Feature",
      "properties": { "k": "place" },
      "geometry": { "type": "Point", "coordinates": [-75.5511, 39.117] }
    },
    {
      "type": "Feature",
      "properties": { "k": "place" },
      "geometry": { "type": "Point", "coordinates": [-75.5405, 39.1872] }
    },
    {
      "type": "Feature",
      "properties": { "k": "place" },
      "geometry": { "type": "Point", "coordinates": [-75.1796, 38.7464] }
    },
    {
      "type": "Feature",
      "properties": { "k": "place" },
      "geometry": { "type": "Point", "coordinates": [-74.9291, 38.9622] }
    },
    {
      "type": "Feature",
      "properties": { "k": "place" },
      "geometry": { "type": "Point", "coordinates": [-75.1216, 39.3284] }
    },
    {
      "type": "Feature",
      "properties": { "k": "event" },
      "geometry": { "type": "Point", "coordinates": [-74.4391, 39.3634] }
    },
    {
      "type": "Feature",
      "properties": { "k": "place" },
      "geometry": { "type": "Point", "coordinates": [-78.2565, 39.5573] }
    },
    {
      "type": "Feature",
      "properties": { "k": "place" },
      "geometry": { "type": "Point", "coordinates": [-77.7465, 39.4582] }
    },
    {
      "type": "Feature",
      "properties": { "k": "place" },
      "geometry": { "type": "Point", "coordinates": [-77.8147, 39.6036] }
    },
    {
      "type": "Feature",
      "properties": { "k": "place" },
      "geometry": { "type": "Point", "coordinates": [-77.6375, 39.4019] }
    },
    {
      "type": "Feature",
      "properties": { "k": "place" },
      "geometry": { "type": "Point", "coordinates": [-77.4339, 39.5764] }
    },
    {
      "type": "Feature",
      "properties": { "k": "place" },
      "geometry": { "type": "Point", "coordinates": [-78.7105, 40.5102] }
    },
    {
      "type": "Feature",
      "properties": { "k": "place" },
      "geometry": { "type": "Point", "coordinates": [-76.6459, 39.3944] }
    },
    {
      "type": "Feature",
      "properties": { "k": "place" },
      "geometry": { "type": "Point", "coordinates": [-76.2998, 39.5374] }
    },
    {
      "type": "Feature",
      "properties": { "k": "place" },
      "geometry": { "type": "Point", "coordinates": [-75.9416, 39.5624] }
    },
    {
      "type": "Feature",
      "properties": { "k": "event" },
      "geometry": { "type": "Point", "coordinates": [-75.9943, 39.9554] }
    },
    {
      "type": "Feature",
      "properties": { "k": "place" },
      "geometry": { "type": "Point", "coordinates": [-77.2634, 40.1648] }
    },
    {
      "type": "Feature",
      "properties": { "k": "place" },
      "geometry": { "type": "Point", "coordinates": [-77.2634, 40.1648] }
    },
    {
      "type": "Feature",
      "properties": { "k": "place" },
      "geometry": { "type": "Point", "coordinates": [-76.8261, 40.2376] }
    },
    {
      "type": "Feature",
      "properties": { "k": "place" },
      "geometry": { "type": "Point", "coordinates": [-76.7926, 40.4126] }
    },
    {
      "type": "Feature",
      "properties": { "k": "law" },
      "geometry": { "type": "Point", "coordinates": [-77.8331, 40.9042] }
    },
    {
      "type": "Feature",
      "properties": { "k": "place" },
      "geometry": { "type": "Point", "coordinates": [-76.8237, 42.1076] }
    },
    {
      "type": "Feature",
      "properties": { "k": "place" },
      "geometry": { "type": "Point", "coordinates": [-76.806, 42.096] }
    },
    {
      "type": "Feature",
      "properties": { "k": "place" },
      "geometry": { "type": "Point", "coordinates": [-76.7525, 42.1487] }
    },
    {
      "type": "Feature",
      "properties": { "k": "place" },
      "geometry": { "type": "Point", "coordinates": [-75.5915, 39.4828] }
    },
    {
      "type": "Feature",
      "properties": { "k": "place" },
      "geometry": { "type": "Point", "coordinates": [-75.7619, 39.633] }
    },
    {
      "type": "Feature",
      "properties": { "k": "place" },
      "geometry": { "type": "Point", "coordinates": [-75.7579, 39.6335] }
    },
    {
      "type": "Feature",
      "properties": { "k": "place" },
      "geometry": { "type": "Point", "coordinates": [-75.6441, 39.5759] }
    },
    {
      "type": "Feature",
      "properties": { "k": "place" },
      "geometry": { "type": "Point", "coordinates": [-75.6582, 39.6686] }
    },
    {
      "type": "Feature",
      "properties": { "k": "place" },
      "geometry": { "type": "Point", "coordinates": [-75.6592, 39.668] }
    },
    {
      "type": "Feature",
      "properties": { "k": "place" },
      "geometry": { "type": "Point", "coordinates": [-75.3297, 39.4019] }
    },
    {
      "type": "Feature",
      "properties": { "k": "place" },
      "geometry": { "type": "Point", "coordinates": [-75.3574, 39.5738] }
    },
    {
      "type": "Feature",
      "properties": { "k": "place" },
      "geometry": { "type": "Point", "coordinates": [-75.3574, 39.5738] }
    },
    {
      "type": "Feature",
      "properties": { "k": "school" },
      "geometry": { "type": "Point", "coordinates": [-75.9278, 39.8083] }
    },
    {
      "type": "Feature",
      "properties": { "k": "place" },
      "geometry": { "type": "Point", "coordinates": [-75.9261, 39.8118] }
    },
    {
      "type": "Feature",
      "properties": { "k": "place" },
      "geometry": { "type": "Point", "coordinates": [-75.6213, 39.861] }
    },
    {
      "type": "Feature",
      "properties": { "k": "place" },
      "geometry": { "type": "Point", "coordinates": [-75.8461, 39.9839] }
    },
    {
      "type": "Feature",
      "properties": { "k": "place" },
      "geometry": { "type": "Point", "coordinates": [-75.8114, 39.9877] }
    },
    {
      "type": "Feature",
      "properties": { "k": "place" },
      "geometry": { "type": "Point", "coordinates": [-75.8082, 39.9888] }
    },
    {
      "type": "Feature",
      "properties": { "k": "place" },
      "geometry": { "type": "Point", "coordinates": [-75.7498, 39.974] }
    },
    {
      "type": "Feature",
      "properties": { "k": "person" },
      "geometry": { "type": "Point", "coordinates": [-75.5962, 39.9845] }
    },
    {
      "type": "Feature",
      "properties": { "k": "place" },
      "geometry": { "type": "Point", "coordinates": [-75.5447, 39.7276] }
    },
    {
      "type": "Feature",
      "properties": { "k": "place" },
      "geometry": { "type": "Point", "coordinates": [-75.5529, 39.7393] }
    },
    {
      "type": "Feature",
      "properties": { "k": "place" },
      "geometry": { "type": "Point", "coordinates": [-75.523, 39.894] }
    },
    {
      "type": "Feature",
      "properties": { "k": "place" },
      "geometry": { "type": "Point", "coordinates": [-75.4447, 39.816] }
    },
    {
      "type": "Feature",
      "properties": { "k": "place" },
      "geometry": { "type": "Point", "coordinates": [-75.3356, 39.7378] }
    },
    {
      "type": "Feature",
      "properties": { "k": "place" },
      "geometry": { "type": "Point", "coordinates": [-75.3131, 39.7475] }
    },
    {
      "type": "Feature",
      "properties": { "k": "place" },
      "geometry": { "type": "Point", "coordinates": [-75.2948, 39.7649] }
    },
    {
      "type": "Feature",
      "properties": { "k": "school" },
      "geometry": { "type": "Point", "coordinates": [-75.529, 39.932] }
    },
    {
      "type": "Feature",
      "properties": { "k": "place" },
      "geometry": { "type": "Point", "coordinates": [-75.5276, 39.9314] }
    },
    {
      "type": "Feature",
      "properties": { "k": "place" },
      "geometry": { "type": "Point", "coordinates": [-75.4342, 40.0564] }
    },
    {
      "type": "Feature",
      "properties": { "k": "place" },
      "geometry": { "type": "Point", "coordinates": [-75.3988, 39.9167] }
    },
    {
      "type": "Feature",
      "properties": { "k": "place" },
      "geometry": { "type": "Point", "coordinates": [-75.1839, 39.4202] }
    },
    {
      "type": "Feature",
      "properties": { "k": "place" },
      "geometry": { "type": "Point", "coordinates": [-74.6338, 39.4694] }
    },
    {
      "type": "Feature",
      "properties": { "k": "place" },
      "geometry": { "type": "Point", "coordinates": [-75.1546, 39.8316] }
    },
    {
      "type": "Feature",
      "properties": { "k": "place" },
      "geometry": { "type": "Point", "coordinates": [-75.0456, 39.7933] }
    },
    {
      "type": "Feature",
      "properties": { "k": "place" },
      "geometry": { "type": "Point", "coordinates": [-74.9612, 39.8024] }
    },
    {
      "type": "Feature",
      "properties": { "k": "place" },
      "geometry": { "type": "Point", "coordinates": [-75.0356, 39.8674] }
    },
    {
      "type": "Feature",
      "properties": { "k": "person" },
      "geometry": { "type": "Point", "coordinates": [-75.12, 40] }
    },
    {
      "type": "Feature",
      "properties": { "k": "person" },
      "geometry": { "type": "Point", "coordinates": [-75.17, 39.95] }
    },
    {
      "type": "Feature",
      "properties": { "k": "institution" },
      "geometry": { "type": "Point", "coordinates": [-75.2139, 39.9396] }
    },
    {
      "type": "Feature",
      "properties": { "k": "person" },
      "geometry": { "type": "Point", "coordinates": [-75.1679, 39.9451] }
    },
    {
      "type": "Feature",
      "properties": { "k": "place" },
      "geometry": { "type": "Point", "coordinates": [-75.1661, 39.9434] }
    },
    {
      "type": "Feature",
      "properties": { "k": "place" },
      "geometry": { "type": "Point", "coordinates": [-75.151, 39.9379] }
    },
    {
      "type": "Feature",
      "properties": { "k": "place" },
      "geometry": { "type": "Point", "coordinates": [-75.1519, 39.9432] }
    },
    {
      "type": "Feature",
      "properties": { "k": "place" },
      "geometry": { "type": "Point", "coordinates": [-75.1676, 39.9446] }
    },
    {
      "type": "Feature",
      "properties": { "k": "place" },
      "geometry": { "type": "Point", "coordinates": [-75.1514, 39.9428] }
    },
    {
      "type": "Feature",
      "properties": { "k": "place" },
      "geometry": { "type": "Point", "coordinates": [-75.1746, 39.9443] }
    },
    {
      "type": "Feature",
      "properties": { "k": "place" },
      "geometry": { "type": "Point", "coordinates": [-75.2214, 39.9566] }
    },
    {
      "type": "Feature",
      "properties": { "k": "place" },
      "geometry": { "type": "Point", "coordinates": [-75.1936, 39.9519] }
    },
    {
      "type": "Feature",
      "properties": { "k": "person" },
      "geometry": { "type": "Point", "coordinates": [-75.1503, 39.9496] }
    },
    {
      "type": "Feature",
      "properties": { "k": "organization" },
      "geometry": { "type": "Point", "coordinates": [-75.1652, 39.9526] }
    },
    {
      "type": "Feature",
      "properties": { "k": "person" },
      "geometry": { "type": "Point", "coordinates": [-75.1652, 39.9526] }
    },
    {
      "type": "Feature",
      "properties": { "k": "person" },
      "geometry": { "type": "Point", "coordinates": [-75.1652, 39.9526] }
    },
    {
      "type": "Feature",
      "properties": { "k": "place" },
      "geometry": { "type": "Point", "coordinates": [-75.16, 39.9667] }
    },
    {
      "type": "Feature",
      "properties": { "k": "institution" },
      "geometry": { "type": "Point", "coordinates": [-75.1516, 39.9528] }
    },
    {
      "type": "Feature",
      "properties": { "k": "place" },
      "geometry": { "type": "Point", "coordinates": [-75.124, 39.9342] }
    },
    {
      "type": "Feature",
      "properties": { "k": "place" },
      "geometry": { "type": "Point", "coordinates": [-75.1745, 40.0374] }
    },
    {
      "type": "Feature",
      "properties": { "k": "place" },
      "geometry": { "type": "Point", "coordinates": [-75.1333, 40.0094] }
    },
    {
      "type": "Feature",
      "properties": { "k": "person" },
      "geometry": { "type": "Point", "coordinates": [-75.1179, 40.0018] }
    },
    {
      "type": "Feature",
      "properties": { "k": "place" },
      "geometry": { "type": "Point", "coordinates": [-75.1333, 40.0094] }
    },
    {
      "type": "Feature",
      "properties": { "k": "place" },
      "geometry": { "type": "Point", "coordinates": [-75.1333, 40.0094] }
    },
    {
      "type": "Feature",
      "properties": { "k": "place" },
      "geometry": { "type": "Point", "coordinates": [-75.1333, 40.0094] }
    },
    {
      "type": "Feature",
      "properties": { "k": "place" },
      "geometry": { "type": "Point", "coordinates": [-75.1333, 40.0094] }
    },
    {
      "type": "Feature",
      "properties": { "k": "place" },
      "geometry": { "type": "Point", "coordinates": [-75.146, 39.9967] }
    },
    {
      "type": "Feature",
      "properties": { "k": "place" },
      "geometry": { "type": "Point", "coordinates": [-74.8851, 39.9296] }
    },
    {
      "type": "Feature",
      "properties": { "k": "place" },
      "geometry": { "type": "Point", "coordinates": [-74.8791, 39.7352] }
    },
    {
      "type": "Feature",
      "properties": { "k": "place" },
      "geometry": { "type": "Point", "coordinates": [-74.663, 39.8758] }
    },
    {
      "type": "Feature",
      "properties": { "k": "place" },
      "geometry": { "type": "Point", "coordinates": [-74.8242, 39.9158] }
    },
    {
      "type": "Feature",
      "properties": { "k": "place" },
      "geometry": { "type": "Point", "coordinates": [-74.8513, 40.074] }
    },
    {
      "type": "Feature",
      "properties": { "k": "place" },
      "geometry": { "type": "Point", "coordinates": [-75.7756, 40.1986] }
    },
    {
      "type": "Feature",
      "properties": { "k": "place" },
      "geometry": { "type": "Point", "coordinates": [-75.3702, 40.21] }
    },
    {
      "type": "Feature",
      "properties": { "k": "place" },
      "geometry": { "type": "Point", "coordinates": [-74.9236, 40.0993] }
    },
    {
      "type": "Feature",
      "properties": { "k": "place" },
      "geometry": { "type": "Point", "coordinates": [-74.8271, 40.2325] }
    },
    {
      "type": "Feature",
      "properties": { "k": "place" },
      "geometry": { "type": "Point", "coordinates": [-74.7654, 40.2344] }
    },
    {
      "type": "Feature",
      "properties": { "k": "place" },
      "geometry": { "type": "Point", "coordinates": [-74.7711, 40.2256] }
    },
    {
      "type": "Feature",
      "properties": { "k": "person" },
      "geometry": { "type": "Point", "coordinates": [-74.7597, 40.2206] }
    },
    {
      "type": "Feature",
      "properties": { "k": "place" },
      "geometry": { "type": "Point", "coordinates": [-74.7208, 40.4171] }
    },
    {
      "type": "Feature",
      "properties": { "k": "place" },
      "geometry": { "type": "Point", "coordinates": [-74.7037, 40.2825] }
    },
    {
      "type": "Feature",
      "properties": { "k": "person" },
      "geometry": { "type": "Point", "coordinates": [-74.6584, 40.3387] }
    },
    {
      "type": "Feature",
      "properties": { "k": "place" },
      "geometry": { "type": "Point", "coordinates": [-74.6625, 40.3554] }
    },
    {
      "type": "Feature",
      "properties": { "k": "institution" },
      "geometry": { "type": "Point", "coordinates": [-74.5, 40] }
    },
    {
      "type": "Feature",
      "properties": { "k": "place" },
      "geometry": { "type": "Point", "coordinates": [-74.217, 39.9467] }
    },
    {
      "type": "Feature",
      "properties": { "k": "place" },
      "geometry": { "type": "Point", "coordinates": [-74.2831, 40.2663] }
    },
    {
      "type": "Feature",
      "properties": { "k": "place" },
      "geometry": { "type": "Point", "coordinates": [-74.1524, 40.287] }
    },
    {
      "type": "Feature",
      "properties": { "k": "person" },
      "geometry": { "type": "Point", "coordinates": [-74.4, 40.7] }
    },
    {
      "type": "Feature",
      "properties": { "k": "invention" },
      "geometry": { "type": "Point", "coordinates": [-74.401, 40.6954] }
    },
    {
      "type": "Feature",
      "properties": { "k": "invention" },
      "geometry": { "type": "Point", "coordinates": [-74.401, 40.6954] }
    },
    {
      "type": "Feature",
      "properties": { "k": "place" },
      "geometry": { "type": "Point", "coordinates": [-74.3087, 40.6599] }
    },
    {
      "type": "Feature",
      "properties": { "k": "place" },
      "geometry": { "type": "Point", "coordinates": [-74.3434, 40.7136] }
    },
    {
      "type": "Feature",
      "properties": { "k": "other" },
      "geometry": { "type": "Point", "coordinates": [-74.191, 40.732] }
    },
    {
      "type": "Feature",
      "properties": { "k": "place" },
      "geometry": { "type": "Point", "coordinates": [-74.1822, 40.7327] }
    },
    {
      "type": "Feature",
      "properties": { "k": "place" },
      "geometry": { "type": "Point", "coordinates": [-74.1831, 40.7404] }
    },
    {
      "type": "Feature",
      "properties": { "k": "place" },
      "geometry": { "type": "Point", "coordinates": [-74.1399, 40.5613] }
    },
    {
      "type": "Feature",
      "properties": { "k": "person" },
      "geometry": { "type": "Point", "coordinates": [-74, 40.75] }
    },
    {
      "type": "Feature",
      "properties": { "k": "person" },
      "geometry": { "type": "Point", "coordinates": [-74.01, 40.71] }
    },
    {
      "type": "Feature",
      "properties": { "k": "person" },
      "geometry": { "type": "Point", "coordinates": [-73.98, 40.77] }
    },
    {
      "type": "Feature",
      "properties": { "k": "person" },
      "geometry": { "type": "Point", "coordinates": [-74.17, 40.73] }
    },
    {
      "type": "Feature",
      "properties": { "k": "person" },
      "geometry": { "type": "Point", "coordinates": [-73.97, 40.75] }
    },
    {
      "type": "Feature",
      "properties": { "k": "person" },
      "geometry": { "type": "Point", "coordinates": [-74.0765, 40.6369] }
    },
    {
      "type": "Feature",
      "properties": { "k": "person" },
      "geometry": { "type": "Point", "coordinates": [-74.0789, 40.6325] }
    },
    {
      "type": "Feature",
      "properties": { "k": "place" },
      "geometry": { "type": "Point", "coordinates": [-74.1714, 40.749] }
    },
    {
      "type": "Feature",
      "properties": { "k": "invention" },
      "geometry": { "type": "Point", "coordinates": [-74.006, 40.7128] }
    },
    {
      "type": "Feature",
      "properties": { "k": "invention" },
      "geometry": { "type": "Point", "coordinates": [-74.006, 40.7128] }
    },
    {
      "type": "Feature",
      "properties": { "k": "institution" },
      "geometry": { "type": "Point", "coordinates": [-74.0061, 40.7128] }
    },
    {
      "type": "Feature",
      "properties": { "k": "person" },
      "geometry": { "type": "Point", "coordinates": [-74.006, 40.7128] }
    },
    {
      "type": "Feature",
      "properties": { "k": "person" },
      "geometry": { "type": "Point", "coordinates": [-74.006, 40.7128] }
    },
    {
      "type": "Feature",
      "properties": { "k": "event" },
      "geometry": { "type": "Point", "coordinates": [-74.0079, 40.7089] }
    },
    {
      "type": "Feature",
      "properties": { "k": "person" },
      "geometry": { "type": "Point", "coordinates": [-74.006, 40.7128] }
    },
    {
      "type": "Feature",
      "properties": { "k": "invention" },
      "geometry": { "type": "Point", "coordinates": [-74.006, 40.7128] }
    },
    {
      "type": "Feature",
      "properties": { "k": "place" },
      "geometry": { "type": "Point", "coordinates": [-74.0043, 40.7337] }
    },
    {
      "type": "Feature",
      "properties": { "k": "person" },
      "geometry": { "type": "Point", "coordinates": [-74.006, 40.7128] }
    },
    {
      "type": "Feature",
      "properties": { "k": "person" },
      "geometry": { "type": "Point", "coordinates": [-74.006, 40.7128] }
    },
    {
      "type": "Feature",
      "properties": { "k": "event" },
      "geometry": { "type": "Point", "coordinates": [-74.0101, 40.7069] }
    },
    {
      "type": "Feature",
      "properties": { "k": "person" },
      "geometry": { "type": "Point", "coordinates": [-74.0061, 40.7128] }
    },
    {
      "type": "Feature",
      "properties": { "k": "person" },
      "geometry": { "type": "Point", "coordinates": [-74.0089, 40.7153] }
    },
    {
      "type": "Feature",
      "properties": { "k": "place" },
      "geometry": { "type": "Point", "coordinates": [-74.0325, 40.745] }
    },
    {
      "type": "Feature",
      "properties": { "k": "place" },
      "geometry": { "type": "Point", "coordinates": [-73.9506, 40.635] }
    },
    {
      "type": "Feature",
      "properties": { "k": "place" },
      "geometry": { "type": "Point", "coordinates": [-73.9506, 40.635] }
    },
    {
      "type": "Feature",
      "properties": { "k": "person" },
      "geometry": { "type": "Point", "coordinates": [-73.9588, 40.666] }
    },
    {
      "type": "Feature",
      "properties": { "k": "place" },
      "geometry": { "type": "Point", "coordinates": [-73.926, 40.6745] }
    },
    {
      "type": "Feature",
      "properties": { "k": "place" },
      "geometry": { "type": "Point", "coordinates": [-73.9235, 40.6746] }
    },
    {
      "type": "Feature",
      "properties": { "k": "place" },
      "geometry": { "type": "Point", "coordinates": [-73.8412, 40.6547] }
    },
    {
      "type": "Feature",
      "properties": { "k": "person" },
      "geometry": { "type": "Point", "coordinates": [-73.8408, 40.6623] }
    },
    {
      "type": "Feature",
      "properties": { "k": "person" },
      "geometry": { "type": "Point", "coordinates": [-73.9962, 40.7253] }
    },
    {
      "type": "Feature",
      "properties": { "k": "person" },
      "geometry": { "type": "Point", "coordinates": [-74.0019, 40.7328] }
    },
    {
      "type": "Feature",
      "properties": { "k": "person" },
      "geometry": { "type": "Point", "coordinates": [-73.9903, 40.694] }
    },
    {
      "type": "Feature",
      "properties": { "k": "place" },
      "geometry": { "type": "Point", "coordinates": [-73.9801, 40.7267] }
    },
    {
      "type": "Feature",
      "properties": { "k": "person" },
      "geometry": { "type": "Point", "coordinates": [-74.0033, 40.7197] }
    },
    {
      "type": "Feature",
      "properties": { "k": "place" },
      "geometry": { "type": "Point", "coordinates": [-73.9427, 40.7112] }
    },
    {
      "type": "Feature",
      "properties": { "k": "institution" },
      "geometry": { "type": "Point", "coordinates": [-73.9842, 40.7728] }
    },
    {
      "type": "Feature",
      "properties": { "k": "person" },
      "geometry": { "type": "Point", "coordinates": [-73.987, 40.7669] }
    },
    {
      "type": "Feature",
      "properties": { "k": "person" },
      "geometry": { "type": "Point", "coordinates": [-73.9809, 40.7633] }
    },
    {
      "type": "Feature",
      "properties": { "k": "event" },
      "geometry": { "type": "Point", "coordinates": [-73.9867, 40.7395] }
    },
    {
      "type": "Feature",
      "properties": { "k": "place" },
      "geometry": { "type": "Point", "coordinates": [-73.9702, 40.7766] }
    },
    {
      "type": "Feature",
      "properties": { "k": "place" },
      "geometry": { "type": "Point", "coordinates": [-73.9702, 40.7766] }
    },
    {
      "type": "Feature",
      "properties": { "k": "place" },
      "geometry": { "type": "Point", "coordinates": [-73.9702, 40.7766] }
    },
    {
      "type": "Feature",
      "properties": { "k": "place" },
      "geometry": { "type": "Point", "coordinates": [-73.9702, 40.7766] }
    },
    {
      "type": "Feature",
      "properties": { "k": "place" },
      "geometry": { "type": "Point", "coordinates": [-73.9702, 40.7766] }
    },
    {
      "type": "Feature",
      "properties": { "k": "place" },
      "geometry": { "type": "Point", "coordinates": [-73.9702, 40.7766] }
    },
    {
      "type": "Feature",
      "properties": { "k": "place" },
      "geometry": { "type": "Point", "coordinates": [-73.9702, 40.7766] }
    },
    {
      "type": "Feature",
      "properties": { "k": "place" },
      "geometry": { "type": "Point", "coordinates": [-73.9702, 40.7766] }
    },
    {
      "type": "Feature",
      "properties": { "k": "place" },
      "geometry": { "type": "Point", "coordinates": [-73.9702, 40.7766] }
    },
    {
      "type": "Feature",
      "properties": { "k": "place" },
      "geometry": { "type": "Point", "coordinates": [-73.9702, 40.7766] }
    },
    {
      "type": "Feature",
      "properties": { "k": "place" },
      "geometry": { "type": "Point", "coordinates": [-73.9702, 40.7766] }
    },
    {
      "type": "Feature",
      "properties": { "k": "place" },
      "geometry": { "type": "Point", "coordinates": [-73.9702, 40.7766] }
    },
    {
      "type": "Feature",
      "properties": { "k": "place" },
      "geometry": { "type": "Point", "coordinates": [-73.9633, 40.7811] }
    },
    {
      "type": "Feature",
      "properties": { "k": "place" },
      "geometry": { "type": "Point", "coordinates": [-73.9702, 40.7766] }
    },
    {
      "type": "Feature",
      "properties": { "k": "organization" },
      "geometry": { "type": "Point", "coordinates": [-73.9855, 40.758] }
    },
    {
      "type": "Feature",
      "properties": { "k": "person" },
      "geometry": { "type": "Point", "coordinates": [-73.9855, 40.758] }
    },
    {
      "type": "Feature",
      "properties": { "k": "person" },
      "geometry": { "type": "Point", "coordinates": [-73.9804, 40.7774] }
    },
    {
      "type": "Feature",
      "properties": { "k": "person" },
      "geometry": { "type": "Point", "coordinates": [-73.9698, 40.7493] }
    },
    {
      "type": "Feature",
      "properties": { "k": "place" },
      "geometry": { "type": "Point", "coordinates": [-73.9702, 40.7766] }
    },
    {
      "type": "Feature",
      "properties": { "k": "person" },
      "geometry": { "type": "Point", "coordinates": [-73.8467, 40.7199] }
    },
    {
      "type": "Feature",
      "properties": { "k": "person" },
      "geometry": { "type": "Point", "coordinates": [-73.8734, 40.7757] }
    },
    {
      "type": "Feature",
      "properties": { "k": "person" },
      "geometry": { "type": "Point", "coordinates": [-73.8615, 40.7546] }
    },
    {
      "type": "Feature",
      "properties": { "k": "person" },
      "geometry": { "type": "Point", "coordinates": [-73.8294, 40.7661] }
    },
    {
      "type": "Feature",
      "properties": { "k": "person" },
      "geometry": { "type": "Point", "coordinates": [-73.8475, 40.75] }
    },
    {
      "type": "Feature",
      "properties": { "k": "institution" },
      "geometry": { "type": "Point", "coordinates": [-73.8617, 40.757] }
    },
    {
      "type": "Feature",
      "properties": { "k": "person" },
      "geometry": { "type": "Point", "coordinates": [-73.8407, 40.7498] }
    },
    {
      "type": "Feature",
      "properties": { "k": "person" },
      "geometry": { "type": "Point", "coordinates": [-73.8097, 40.698] }
    },
    {
      "type": "Feature",
      "properties": { "k": "invention" },
      "geometry": { "type": "Point", "coordinates": [-73.7949, 40.7282] }
    },
    {
      "type": "Feature",
      "properties": { "k": "person" },
      "geometry": { "type": "Point", "coordinates": [-73.8088, 40.6988] }
    },
    {
      "type": "Feature",
      "properties": { "k": "place" },
      "geometry": { "type": "Point", "coordinates": [-73.8024, 40.7548] }
    },
    {
      "type": "Feature",
      "properties": { "k": "place" },
      "geometry": { "type": "Point", "coordinates": [-73.5894, 40.7296] }
    },
    {
      "type": "Feature",
      "properties": { "k": "place" },
      "geometry": { "type": "Point", "coordinates": [-73.5111, 40.7244] }
    },
    {
      "type": "Feature",
      "properties": { "k": "person" },
      "geometry": { "type": "Point", "coordinates": [-73.4176, 40.6787] }
    },
    {
      "type": "Feature",
      "properties": { "k": "organization" },
      "geometry": { "type": "Point", "coordinates": [-73.3294, 40.6944] }
    },
    {
      "type": "Feature",
      "properties": { "k": "place" },
      "geometry": { "type": "Point", "coordinates": [-74.5473, 40.8589] }
    },
    {
      "type": "Feature",
      "properties": { "k": "place" },
      "geometry": { "type": "Point", "coordinates": [-75.801, 41.8197] }
    },
    {
      "type": "Feature",
      "properties": { "k": "place" },
      "geometry": { "type": "Point", "coordinates": [-74.7716, 41.72] }
    },
    {
      "type": "Feature",
      "properties": { "k": "place" },
      "geometry": { "type": "Point", "coordinates": [-74.2994, 41.0367] }
    },
    {
      "type": "Feature",
      "properties": { "k": "person" },
      "geometry": { "type": "Point", "coordinates": [-73.84, 40.91] }
    },
    {
      "type": "Feature",
      "properties": { "k": "place" },
      "geometry": { "type": "Point", "coordinates": [-74.041, 40.8555] }
    },
    {
      "type": "Feature",
      "properties": { "k": "person" },
      "geometry": { "type": "Point", "coordinates": [-73.9625, 40.8078] }
    },
    {
      "type": "Feature",
      "properties": { "k": "organization" },
      "geometry": { "type": "Point", "coordinates": [-73.9419, 40.8147] }
    },
    {
      "type": "Feature",
      "properties": { "k": "institution" },
      "geometry": { "type": "Point", "coordinates": [-73.937, 40.819] }
    },
    {
      "type": "Feature",
      "properties": { "k": "place" },
      "geometry": { "type": "Point", "coordinates": [-73.9465, 40.8116] }
    },
    {
      "type": "Feature",
      "properties": { "k": "place" },
      "geometry": { "type": "Point", "coordinates": [-73.9448, 40.8105] }
    },
    {
      "type": "Feature",
      "properties": { "k": "place" },
      "geometry": { "type": "Point", "coordinates": [-73.9316, 40.8033] }
    },
    {
      "type": "Feature",
      "properties": { "k": "person" },
      "geometry": { "type": "Point", "coordinates": [-73.9408, 40.8072] }
    },
    {
      "type": "Feature",
      "properties": { "k": "place" },
      "geometry": { "type": "Point", "coordinates": [-73.9418, 40.8159] }
    },
    {
      "type": "Feature",
      "properties": { "k": "event" },
      "geometry": { "type": "Point", "coordinates": [-73.9465, 40.8116] }
    },
    {
      "type": "Feature",
      "properties": { "k": "event" },
      "geometry": { "type": "Point", "coordinates": [-73.9465, 40.8116] }
    },
    {
      "type": "Feature",
      "properties": { "k": "institution" },
      "geometry": { "type": "Point", "coordinates": [-73.9417, 40.8142] }
    },
    {
      "type": "Feature",
      "properties": { "k": "organization" },
      "geometry": { "type": "Point", "coordinates": [-73.9507, 40.8101] }
    },
    {
      "type": "Feature",
      "properties": { "k": "person" },
      "geometry": { "type": "Point", "coordinates": [-73.9465, 40.8116] }
    },
    {
      "type": "Feature",
      "properties": { "k": "person" },
      "geometry": { "type": "Point", "coordinates": [-73.9453, 40.8147] }
    },
    {
      "type": "Feature",
      "properties": { "k": "institution" },
      "geometry": { "type": "Point", "coordinates": [-73.95, 40.8096] }
    },
    {
      "type": "Feature",
      "properties": { "k": "organization" },
      "geometry": { "type": "Point", "coordinates": [-73.9401, 40.8162] }
    },
    {
      "type": "Feature",
      "properties": { "k": "place" },
      "geometry": { "type": "Point", "coordinates": [-73.9461, 40.8189] }
    },
    {
      "type": "Feature",
      "properties": { "k": "place" },
      "geometry": { "type": "Point", "coordinates": [-73.9453, 40.8148] }
    },
    {
      "type": "Feature",
      "properties": { "k": "institution" },
      "geometry": { "type": "Point", "coordinates": [-73.9475, 40.8085] }
    },
    {
      "type": "Feature",
      "properties": { "k": "person" },
      "geometry": { "type": "Point", "coordinates": [-73.9465, 40.8116] }
    },
    {
      "type": "Feature",
      "properties": { "k": "place" },
      "geometry": { "type": "Point", "coordinates": [-73.9409, 40.8113] }
    },
    {
      "type": "Feature",
      "properties": { "k": "person" },
      "geometry": { "type": "Point", "coordinates": [-73.937, 40.819] }
    },
    {
      "type": "Feature",
      "properties": { "k": "person" },
      "geometry": { "type": "Point", "coordinates": [-73.9465, 40.8116] }
    },
    {
      "type": "Feature",
      "properties": { "k": "movement" },
      "geometry": { "type": "Point", "coordinates": [-73.9465, 40.8116] }
    },
    {
      "type": "Feature",
      "properties": { "k": "place" },
      "geometry": { "type": "Point", "coordinates": [-73.9453, 40.8147] }
    },
    {
      "type": "Feature",
      "properties": { "k": "publication" },
      "geometry": { "type": "Point", "coordinates": [-73.9465, 40.8116] }
    },
    {
      "type": "Feature",
      "properties": { "k": "institution" },
      "geometry": { "type": "Point", "coordinates": [-73.9411, 40.8144] }
    },
    {
      "type": "Feature",
      "properties": { "k": "place" },
      "geometry": { "type": "Point", "coordinates": [-73.9415, 40.8166] }
    },
    {
      "type": "Feature",
      "properties": { "k": "place" },
      "geometry": { "type": "Point", "coordinates": [-73.9362, 40.8261] }
    },
    {
      "type": "Feature",
      "properties": { "k": "person" },
      "geometry": { "type": "Point", "coordinates": [-73.9406, 40.8392] }
    },
    {
      "type": "Feature",
      "properties": { "k": "place" },
      "geometry": { "type": "Point", "coordinates": [-73.9406, 40.8392] }
    },
    {
      "type": "Feature",
      "properties": { "k": "person" },
      "geometry": { "type": "Point", "coordinates": [-73.8799, 40.8274] }
    },
    {
      "type": "Feature",
      "properties": { "k": "place" },
      "geometry": { "type": "Point", "coordinates": [-73.8529, 40.8487] }
    },
    {
      "type": "Feature",
      "properties": { "k": "organization" },
      "geometry": { "type": "Point", "coordinates": [-73.8754, 40.8805] }
    },
    {
      "type": "Feature",
      "properties": { "k": "place" },
      "geometry": { "type": "Point", "coordinates": [-73.8983, 40.9373] }
    },
    {
      "type": "Feature",
      "properties": { "k": "place" },
      "geometry": { "type": "Point", "coordinates": [-74.0824, 41.036] }
    },
    {
      "type": "Feature",
      "properties": { "k": "place" },
      "geometry": { "type": "Point", "coordinates": [-74.1702, 41.1249] }
    },
    {
      "type": "Feature",
      "properties": { "k": "person" },
      "geometry": { "type": "Point", "coordinates": [-73.8639, 41.0431] }
    },
    {
      "type": "Feature",
      "properties": { "k": "place" },
      "geometry": { "type": "Point", "coordinates": [-73.9586, 41.0964] }
    },
    {
      "type": "Feature",
      "properties": { "k": "place" },
      "geometry": { "type": "Point", "coordinates": [-73.8619, 41.08] }
    },
    {
      "type": "Feature",
      "properties": { "k": "place" },
      "geometry": { "type": "Point", "coordinates": [-74.3063, 41.4024] }
    },
    {
      "type": "Feature",
      "properties": { "k": "person" },
      "geometry": { "type": "Point", "coordinates": [-73.966, 41.3908] }
    },
    {
      "type": "Feature",
      "properties": { "k": "school" },
      "geometry": { "type": "Point", "coordinates": [-73.9575, 41.3925] }
    },
    {
      "type": "Feature",
      "properties": { "k": "person" },
      "geometry": { "type": "Point", "coordinates": [-73.8258, 40.8928] }
    },
    {
      "type": "Feature",
      "properties": { "k": "place" },
      "geometry": { "type": "Point", "coordinates": [-73.7425, 40.9453] }
    },
    {
      "type": "Feature",
      "properties": { "k": "place" },
      "geometry": { "type": "Point", "coordinates": [-73.703, 40.9762] }
    },
    {
      "type": "Feature",
      "properties": { "k": "place" },
      "geometry": { "type": "Point", "coordinates": [-73.6981, 40.9789] }
    },
    {
      "type": "Feature",
      "properties": { "k": "person" },
      "geometry": { "type": "Point", "coordinates": [-73.811, 41.085] }
    },
    {
      "type": "Feature",
      "properties": { "k": "place" },
      "geometry": { "type": "Point", "coordinates": [-73.7494, 41.0551] }
    },
    {
      "type": "Feature",
      "properties": { "k": "place" },
      "geometry": { "type": "Point", "coordinates": [-73.6302, 41.0349] }
    },
    {
      "type": "Feature",
      "properties": { "k": "place" },
      "geometry": { "type": "Point", "coordinates": [-73.4792, 41.0511] }
    },
    {
      "type": "Feature",
      "properties": { "k": "person" },
      "geometry": { "type": "Point", "coordinates": [-73.3243, 40.7998] }
    },
    {
      "type": "Feature",
      "properties": { "k": "place" },
      "geometry": { "type": "Point", "coordinates": [-73.418, 40.878] }
    },
    {
      "type": "Feature",
      "properties": { "k": "place" },
      "geometry": { "type": "Point", "coordinates": [-73.267, 40.7993] }
    },
    {
      "type": "Feature",
      "properties": { "k": "place" },
      "geometry": { "type": "Point", "coordinates": [-73.1367, 40.9265] }
    },
    {
      "type": "Feature",
      "properties": { "k": "place" },
      "geometry": { "type": "Point", "coordinates": [-73.7458, 41.1527] }
    },
    {
      "type": "Feature",
      "properties": { "k": "person" },
      "geometry": { "type": "Point", "coordinates": [-73.43, 41.15] }
    },
    {
      "type": "Feature",
      "properties": { "k": "place" },
      "geometry": { "type": "Point", "coordinates": [-73.1864, 41.1696] }
    },
    {
      "type": "Feature",
      "properties": { "k": "place" },
      "geometry": { "type": "Point", "coordinates": [-74.2543, 41.5046] }
    },
    {
      "type": "Feature",
      "properties": { "k": "place" },
      "geometry": { "type": "Point", "coordinates": [-73.9251, 41.5472] }
    },
    {
      "type": "Feature",
      "properties": { "k": "place" },
      "geometry": { "type": "Point", "coordinates": [-73.9157, 41.7066] }
    },
    {
      "type": "Feature",
      "properties": { "k": "place" },
      "geometry": { "type": "Point", "coordinates": [-74.2655, 41.9472] }
    },
    {
      "type": "Feature",
      "properties": { "k": "place" },
      "geometry": { "type": "Point", "coordinates": [-74.2655, 41.9472] }
    },
    {
      "type": "Feature",
      "properties": { "k": "place" },
      "geometry": { "type": "Point", "coordinates": [-73.9763, 42.1126] }
    },
    {
      "type": "Feature",
      "properties": { "k": "place" },
      "geometry": { "type": "Point", "coordinates": [-73.74, 41.7548] }
    },
    {
      "type": "Feature",
      "properties": { "k": "place" },
      "geometry": { "type": "Point", "coordinates": [-73.74, 41.7548] }
    },
    {
      "type": "Feature",
      "properties": { "k": "place" },
      "geometry": { "type": "Point", "coordinates": [-77.7911, 43.015] }
    },
    {
      "type": "Feature",
      "properties": { "k": "place" },
      "geometry": { "type": "Point", "coordinates": [-77.8467, 43.0259] }
    },
    {
      "type": "Feature",
      "properties": { "k": "publication" },
      "geometry": { "type": "Point", "coordinates": [-77.6118, 43.1558] }
    },
    {
      "type": "Feature",
      "properties": { "k": "place" },
      "geometry": { "type": "Point", "coordinates": [-77.7005, 43.2503] }
    },
    {
      "type": "Feature",
      "properties": { "k": "place" },
      "geometry": { "type": "Point", "coordinates": [-76.8271, 42.7823] }
    },
    {
      "type": "Feature",
      "properties": { "k": "place" },
      "geometry": { "type": "Point", "coordinates": [-76.6508, 42.7635] }
    },
    {
      "type": "Feature",
      "properties": { "k": "place" },
      "geometry": { "type": "Point", "coordinates": [-76.5046, 42.4378] }
    },
    {
      "type": "Feature",
      "properties": { "k": "place" },
      "geometry": { "type": "Point", "coordinates": [-76.5016, 42.4434] }
    },
    {
      "type": "Feature",
      "properties": { "k": "place" },
      "geometry": { "type": "Point", "coordinates": [-76.5451, 42.4689] }
    },
    {
      "type": "Feature",
      "properties": { "k": "person" },
      "geometry": { "type": "Point", "coordinates": [-76.4735, 42.4534] }
    },
    {
      "type": "Feature",
      "properties": { "k": "organization" },
      "geometry": { "type": "Point", "coordinates": [-76.4735, 42.4534] }
    },
    {
      "type": "Feature",
      "properties": { "k": "person" },
      "geometry": { "type": "Point", "coordinates": [-76.4735, 42.4534] }
    },
    {
      "type": "Feature",
      "properties": { "k": "person" },
      "geometry": { "type": "Point", "coordinates": [-76.4735, 42.4534] }
    },
    {
      "type": "Feature",
      "properties": { "k": "person" },
      "geometry": { "type": "Point", "coordinates": [-76.4735, 42.4534] }
    },
    {
      "type": "Feature",
      "properties": { "k": "person" },
      "geometry": { "type": "Point", "coordinates": [-76.4735, 42.4534] }
    },
    {
      "type": "Feature",
      "properties": { "k": "place" },
      "geometry": { "type": "Point", "coordinates": [-76.6222, 42.7633] }
    },
    {
      "type": "Feature",
      "properties": { "k": "place" },
      "geometry": { "type": "Point", "coordinates": [-76.751, 42.9038] }
    },
    {
      "type": "Feature",
      "properties": { "k": "place" },
      "geometry": { "type": "Point", "coordinates": [-76.576, 42.9323] }
    },
    {
      "type": "Feature",
      "properties": { "k": "place" },
      "geometry": { "type": "Point", "coordinates": [-76.5756, 42.9222] }
    },
    {
      "type": "Feature",
      "properties": { "k": "place" },
      "geometry": { "type": "Point", "coordinates": [-76.5647, 42.913] }
    },
    {
      "type": "Feature",
      "properties": { "k": "institution" },
      "geometry": { "type": "Point", "coordinates": [-76.5678, 42.9111] }
    },
    {
      "type": "Feature",
      "properties": { "k": "place" },
      "geometry": { "type": "Point", "coordinates": [-76.5743, 42.9247] }
    },
    {
      "type": "Feature",
      "properties": { "k": "place" },
      "geometry": { "type": "Point", "coordinates": [-76.5637, 42.9115] }
    },
    {
      "type": "Feature",
      "properties": { "k": "place" },
      "geometry": { "type": "Point", "coordinates": [-76.5746, 43.0085] }
    },
    {
      "type": "Feature",
      "properties": { "k": "place" },
      "geometry": { "type": "Point", "coordinates": [-76.5746, 43.0085] }
    },
    {
      "type": "Feature",
      "properties": { "k": "place" },
      "geometry": { "type": "Point", "coordinates": [-76.5332, 42.996] }
    },
    {
      "type": "Feature",
      "properties": { "k": "place" },
      "geometry": { "type": "Point", "coordinates": [-76.1409, 43.0508] }
    },
    {
      "type": "Feature",
      "properties": { "k": "person" },
      "geometry": { "type": "Point", "coordinates": [-76.1474, 43.0489] }
    },
    {
      "type": "Feature",
      "properties": { "k": "place" },
      "geometry": { "type": "Point", "coordinates": [-76.3384, 43.3384] }
    },
    {
      "type": "Feature",
      "properties": { "k": "place" },
      "geometry": { "type": "Point", "coordinates": [-76.5198, 43.4561] }
    },
    {
      "type": "Feature",
      "properties": { "k": "place" },
      "geometry": { "type": "Point", "coordinates": [-76.5111, 43.4569] }
    },
    {
      "type": "Feature",
      "properties": { "k": "place" },
      "geometry": { "type": "Point", "coordinates": [-76.5199, 43.4564] }
    },
    {
      "type": "Feature",
      "properties": { "k": "place" },
      "geometry": { "type": "Point", "coordinates": [-76.5041, 43.4572] }
    },
    {
      "type": "Feature",
      "properties": { "k": "place" },
      "geometry": { "type": "Point", "coordinates": [-76.5001, 43.4567] }
    },
    {
      "type": "Feature",
      "properties": { "k": "place" },
      "geometry": { "type": "Point", "coordinates": [-76.504, 43.4547] }
    },
    {
      "type": "Feature",
      "properties": { "k": "place" },
      "geometry": { "type": "Point", "coordinates": [-76.2093, 43.4614] }
    },
    {
      "type": "Feature",
      "properties": { "k": "place" },
      "geometry": { "type": "Point", "coordinates": [-76.2349, 43.4597] }
    },
    {
      "type": "Feature",
      "properties": { "k": "place" },
      "geometry": { "type": "Point", "coordinates": [-76.2282, 43.4598] }
    },
    {
      "type": "Feature",
      "properties": { "k": "place" },
      "geometry": { "type": "Point", "coordinates": [-76.2093, 43.4614] }
    },
    {
      "type": "Feature",
      "properties": { "k": "place" },
      "geometry": { "type": "Point", "coordinates": [-75.6022, 42.478] }
    },
    {
      "type": "Feature",
      "properties": { "k": "place" },
      "geometry": { "type": "Point", "coordinates": [-75.0288, 42.6298] }
    },
    {
      "type": "Feature",
      "properties": { "k": "institution" },
      "geometry": { "type": "Point", "coordinates": [-74.9233, 42.7] }
    },
    {
      "type": "Feature",
      "properties": { "k": "place" },
      "geometry": { "type": "Point", "coordinates": [-75.6877, 42.9676] }
    },
    {
      "type": "Feature",
      "properties": { "k": "place" },
      "geometry": { "type": "Point", "coordinates": [-75.6636, 42.91] }
    },
    {
      "type": "Feature",
      "properties": { "k": "person" },
      "geometry": { "type": "Point", "coordinates": [-75.75, 43.09] }
    },
    {
      "type": "Feature",
      "properties": { "k": "law" },
      "geometry": { "type": "Point", "coordinates": [-75.5268, 42.9538] }
    },
    {
      "type": "Feature",
      "properties": { "k": "place" },
      "geometry": { "type": "Point", "coordinates": [-73.974, 42.5882] }
    },
    {
      "type": "Feature",
      "properties": { "k": "place" },
      "geometry": { "type": "Point", "coordinates": [-73.974, 42.5882] }
    },
    {
      "type": "Feature",
      "properties": { "k": "place" },
      "geometry": { "type": "Point", "coordinates": [-73.974, 42.5882] }
    },
    {
      "type": "Feature",
      "properties": { "k": "place" },
      "geometry": { "type": "Point", "coordinates": [-73.974, 42.5882] }
    },
    {
      "type": "Feature",
      "properties": { "k": "place" },
      "geometry": { "type": "Point", "coordinates": [-73.9375, 42.8023] }
    },
    {
      "type": "Feature",
      "properties": { "k": "place" },
      "geometry": { "type": "Point", "coordinates": [-73.7043, 42.3955] }
    },
    {
      "type": "Feature",
      "properties": { "k": "person" },
      "geometry": { "type": "Point", "coordinates": [-73.3629, 42.1959] }
    },
    {
      "type": "Feature",
      "properties": { "k": "place" },
      "geometry": { "type": "Point", "coordinates": [-73.3628, 42.1965] }
    },
    {
      "type": "Feature",
      "properties": { "k": "place" },
      "geometry": { "type": "Point", "coordinates": [-73.2179, 42.3715] }
    },
    {
      "type": "Feature",
      "properties": { "k": "place" },
      "geometry": { "type": "Point", "coordinates": [-73.2457, 42.4517] }
    },
    {
      "type": "Feature",
      "properties": { "k": "person" },
      "geometry": { "type": "Point", "coordinates": [-73.2471, 42.4531] }
    },
    {
      "type": "Feature",
      "properties": { "k": "place" },
      "geometry": { "type": "Point", "coordinates": [-73.1756, 42.4809] }
    },
    {
      "type": "Feature",
      "properties": { "k": "person" },
      "geometry": { "type": "Point", "coordinates": [-73.76, 42.65] }
    },
    {
      "type": "Feature",
      "properties": { "k": "place" },
      "geometry": { "type": "Point", "coordinates": [-73.7547, 42.6611] }
    },
    {
      "type": "Feature",
      "properties": { "k": "place" },
      "geometry": { "type": "Point", "coordinates": [-73.8884, 43.5192] }
    },
    {
      "type": "Feature",
      "properties": { "k": "place" },
      "geometry": { "type": "Point", "coordinates": [-73.4394, 43.3124] }
    },
    {
      "type": "Feature",
      "properties": { "k": "place" },
      "geometry": { "type": "Point", "coordinates": [-75.915, 43.9854] }
    },
    {
      "type": "Feature",
      "properties": { "k": "place" },
      "geometry": { "type": "Point", "coordinates": [-73.7784, 44.1096] }
    },
    {
      "type": "Feature",
      "properties": { "k": "place" },
      "geometry": { "type": "Point", "coordinates": [-73.239, 44.2229] }
    },
    {
      "type": "Feature",
      "properties": { "k": "place" },
      "geometry": { "type": "Point", "coordinates": [-72.7902, 40.8033] }
    },
    {
      "type": "Feature",
      "properties": { "k": "place" },
      "geometry": { "type": "Point", "coordinates": [-72.6922, 40.9436] }
    },
    {
      "type": "Feature",
      "properties": { "k": "place" },
      "geometry": { "type": "Point", "coordinates": [-72.6922, 40.9436] }
    },
    {
      "type": "Feature",
      "properties": { "k": "person" },
      "geometry": { "type": "Point", "coordinates": [-72.9282, 41.3082] }
    },
    {
      "type": "Feature",
      "properties": { "k": "invention" },
      "geometry": { "type": "Point", "coordinates": [-72.9279, 41.3083] }
    },
    {
      "type": "Feature",
      "properties": { "k": "person" },
      "geometry": { "type": "Point", "coordinates": [-72.9251, 41.3082] }
    },
    {
      "type": "Feature",
      "properties": { "k": "case" },
      "geometry": { "type": "Point", "coordinates": [-72.9279, 41.3083] }
    },
    {
      "type": "Feature",
      "properties": { "k": "place" },
      "geometry": { "type": "Point", "coordinates": [-72.9354, 41.3143] }
    },
    {
      "type": "Feature",
      "properties": { "k": "person" },
      "geometry": { "type": "Point", "coordinates": [-72.9232, 41.3136] }
    },
    {
      "type": "Feature",
      "properties": { "k": "place" },
      "geometry": { "type": "Point", "coordinates": [-72.9346, 41.3155] }
    },
    {
      "type": "Feature",
      "properties": { "k": "place" },
      "geometry": { "type": "Point", "coordinates": [-72.3758, 41.286] }
    },
    {
      "type": "Feature",
      "properties": { "k": "place" },
      "geometry": { "type": "Point", "coordinates": [-72.83, 41.7211] }
    },
    {
      "type": "Feature",
      "properties": { "k": "place" },
      "geometry": { "type": "Point", "coordinates": [-72.7411, 41.7661] }
    },
    {
      "type": "Feature",
      "properties": { "k": "place" },
      "geometry": { "type": "Point", "coordinates": [-72.6975, 41.7888] }
    },
    {
      "type": "Feature",
      "properties": { "k": "place" },
      "geometry": { "type": "Point", "coordinates": [-72.6764, 41.7828] }
    },
    {
      "type": "Feature",
      "properties": { "k": "place" },
      "geometry": { "type": "Point", "coordinates": [-72.6787, 41.7817] }
    },
    {
      "type": "Feature",
      "properties": { "k": "place" },
      "geometry": { "type": "Point", "coordinates": [-72.6763, 41.7817] }
    },
    {
      "type": "Feature",
      "properties": { "k": "place" },
      "geometry": { "type": "Point", "coordinates": [-72.6722, 41.7995] }
    },
    {
      "type": "Feature",
      "properties": { "k": "place" },
      "geometry": { "type": "Point", "coordinates": [-72.6356, 42.1362] }
    },
    {
      "type": "Feature",
      "properties": { "k": "institution" },
      "geometry": { "type": "Point", "coordinates": [-72.5847, 42.0938] }
    },
    {
      "type": "Feature",
      "properties": { "k": "place" },
      "geometry": { "type": "Point", "coordinates": [-72.5683, 42.108] }
    },
    {
      "type": "Feature",
      "properties": { "k": "place" },
      "geometry": { "type": "Point", "coordinates": [-71.8775, 41.8039] }
    },
    {
      "type": "Feature",
      "properties": { "k": "place" },
      "geometry": { "type": "Point", "coordinates": [-71.5829, 41.8341] }
    },
    {
      "type": "Feature",
      "properties": { "k": "organization" },
      "geometry": { "type": "Point", "coordinates": [-71.3128, 41.4901] }
    },
    {
      "type": "Feature",
      "properties": { "k": "place" },
      "geometry": { "type": "Point", "coordinates": [-71.2831, 41.501] }
    },
    {
      "type": "Feature",
      "properties": { "k": "place" },
      "geometry": { "type": "Point", "coordinates": [-71.0647, 41.5461] }
    },
    {
      "type": "Feature",
      "properties": { "k": "place" },
      "geometry": { "type": "Point", "coordinates": [-71.2867, 41.7068] }
    },
    {
      "type": "Feature",
      "properties": { "k": "place" },
      "geometry": { "type": "Point", "coordinates": [-71.1543, 41.7045] }
    },
    {
      "type": "Feature",
      "properties": { "k": "place" },
      "geometry": { "type": "Point", "coordinates": [-71.0889, 41.7486] }
    },
    {
      "type": "Feature",
      "properties": { "k": "place" },
      "geometry": { "type": "Point", "coordinates": [-71.5786, 41.8698] }
    },
    {
      "type": "Feature",
      "properties": { "k": "place" },
      "geometry": { "type": "Point", "coordinates": [-71.5786, 41.8698] }
    },
    {
      "type": "Feature",
      "properties": { "k": "person" },
      "geometry": { "type": "Point", "coordinates": [-70.9416, 41.6432] }
    },
    {
      "type": "Feature",
      "properties": { "k": "person" },
      "geometry": { "type": "Point", "coordinates": [-70.6724, 41.5256] }
    },
    {
      "type": "Feature",
      "properties": { "k": "place" },
      "geometry": { "type": "Point", "coordinates": [-70.6685, 41.9571] }
    },
    {
      "type": "Feature",
      "properties": { "k": "place" },
      "geometry": { "type": "Point", "coordinates": [-72.6798, 42.334] }
    },
    {
      "type": "Feature",
      "properties": { "k": "place" },
      "geometry": { "type": "Point", "coordinates": [-72.6711, 42.3312] }
    },
    {
      "type": "Feature",
      "properties": { "k": "place" },
      "geometry": { "type": "Point", "coordinates": [-72.6637, 42.3395] }
    },
    {
      "type": "Feature",
      "properties": { "k": "place" },
      "geometry": { "type": "Point", "coordinates": [-72.6637, 42.3395] }
    },
    {
      "type": "Feature",
      "properties": { "k": "place" },
      "geometry": { "type": "Point", "coordinates": [-72.518, 42.3794] }
    },
    {
      "type": "Feature",
      "properties": { "k": "place" },
      "geometry": { "type": "Point", "coordinates": [-72.5225, 42.3709] }
    },
    {
      "type": "Feature",
      "properties": { "k": "place" },
      "geometry": { "type": "Point", "coordinates": [-71.9403, 42.3117] }
    },
    {
      "type": "Feature",
      "properties": { "k": "place" },
      "geometry": { "type": "Point", "coordinates": [-71.741, 42.2932] }
    },
    {
      "type": "Feature",
      "properties": { "k": "place" },
      "geometry": { "type": "Point", "coordinates": [-71.3949, 42.4817] }
    },
    {
      "type": "Feature",
      "properties": { "k": "place" },
      "geometry": { "type": "Point", "coordinates": [-71.3949, 42.4817] }
    },
    {
      "type": "Feature",
      "properties": { "k": "place" },
      "geometry": { "type": "Point", "coordinates": [-71.3949, 42.4817] }
    },
    {
      "type": "Feature",
      "properties": { "k": "place" },
      "geometry": { "type": "Point", "coordinates": [-71.3949, 42.4817] }
    },
    {
      "type": "Feature",
      "properties": { "k": "person" },
      "geometry": { "type": "Point", "coordinates": [-71.06, 42.36] }
    },
    {
      "type": "Feature",
      "properties": { "k": "person" },
      "geometry": { "type": "Point", "coordinates": [-71.1, 42.36] }
    },
    {
      "type": "Feature",
      "properties": { "k": "invention" },
      "geometry": { "type": "Point", "coordinates": [-71.2494, 42.3472] }
    },
    {
      "type": "Feature",
      "properties": { "k": "organization" },
      "geometry": { "type": "Point", "coordinates": [-71.1342, 42.2306] }
    },
    {
      "type": "Feature",
      "properties": { "k": "person" },
      "geometry": { "type": "Point", "coordinates": [-71.1416, 42.2473] }
    },
    {
      "type": "Feature",
      "properties": { "k": "school" },
      "geometry": { "type": "Point", "coordinates": [-71.1039, 42.3369] }
    },
    {
      "type": "Feature",
      "properties": { "k": "person" },
      "geometry": { "type": "Point", "coordinates": [-71.1039, 42.3369] }
    },
    {
      "type": "Feature",
      "properties": { "k": "place" },
      "geometry": { "type": "Point", "coordinates": [-71.0837, 42.3127] }
    },
    {
      "type": "Feature",
      "properties": { "k": "school" },
      "geometry": { "type": "Point", "coordinates": [-71.0716, 42.3356] }
    },
    {
      "type": "Feature",
      "properties": { "k": "place" },
      "geometry": { "type": "Point", "coordinates": [-71.0653, 42.3599] }
    },
    {
      "type": "Feature",
      "properties": { "k": "place" },
      "geometry": { "type": "Point", "coordinates": [-71.0652, 42.36] }
    },
    {
      "type": "Feature",
      "properties": { "k": "place" },
      "geometry": { "type": "Point", "coordinates": [-71.0691, 42.3602] }
    },
    {
      "type": "Feature",
      "properties": { "k": "institution" },
      "geometry": { "type": "Point", "coordinates": [-71.0654, 42.3609] }
    },
    {
      "type": "Feature",
      "properties": { "k": "place" },
      "geometry": { "type": "Point", "coordinates": [-71.0864, 42.3215] }
    },
    {
      "type": "Feature",
      "properties": { "k": "place" },
      "geometry": { "type": "Point", "coordinates": [-71.08, 42.3366] }
    },
    {
      "type": "Feature",
      "properties": { "k": "place" },
      "geometry": { "type": "Point", "coordinates": [-71.0646, 42.3575] }
    },
    {
      "type": "Feature",
      "properties": { "k": "place" },
      "geometry": { "type": "Point", "coordinates": [-71.0835, 42.3324] }
    },
    {
      "type": "Feature",
      "properties": { "k": "institution" },
      "geometry": { "type": "Point", "coordinates": [-71.0735, 42.3405] }
    },
    {
      "type": "Feature",
      "properties": { "k": "person" },
      "geometry": { "type": "Point", "coordinates": [-71.0716, 42.3356] }
    },
    {
      "type": "Feature",
      "properties": { "k": "school" },
      "geometry": { "type": "Point", "coordinates": [-71.0919, 42.3597] }
    },
    {
      "type": "Feature",
      "properties": { "k": "school" },
      "geometry": { "type": "Point", "coordinates": [-71.0652, 42.36] }
    },
    {
      "type": "Feature",
      "properties": { "k": "person" },
      "geometry": { "type": "Point", "coordinates": [-71.0589, 42.3601] }
    },
    {
      "type": "Feature",
      "properties": { "k": "place" },
      "geometry": { "type": "Point", "coordinates": [-71.0183, 42.3386] }
    },
    {
      "type": "Feature",
      "properties": { "k": "place" },
      "geometry": { "type": "Point", "coordinates": [-71.0183, 42.3386] }
    },
    {
      "type": "Feature",
      "properties": { "k": "place" },
      "geometry": { "type": "Point", "coordinates": [-71.0183, 42.3386] }
    },
    {
      "type": "Feature",
      "properties": { "k": "place" },
      "geometry": { "type": "Point", "coordinates": [-71.0183, 42.3386] }
    },
    {
      "type": "Feature",
      "properties": { "k": "place" },
      "geometry": { "type": "Point", "coordinates": [-71.0183, 42.3386] }
    },
    {
      "type": "Feature",
      "properties": { "k": "person" },
      "geometry": { "type": "Point", "coordinates": [-71.0586, 42.3569] }
    },
    {
      "type": "Feature",
      "properties": { "k": "place" },
      "geometry": { "type": "Point", "coordinates": [-71.0183, 42.3386] }
    },
    {
      "type": "Feature",
      "properties": { "k": "organization" },
      "geometry": { "type": "Point", "coordinates": [-71.0589, 42.3601] }
    },
    {
      "type": "Feature",
      "properties": { "k": "place" },
      "geometry": { "type": "Point", "coordinates": [-71.0183, 42.3386] }
    },
    {
      "type": "Feature",
      "properties": { "k": "place" },
      "geometry": { "type": "Point", "coordinates": [-71.0183, 42.3386] }
    },
    {
      "type": "Feature",
      "properties": { "k": "place" },
      "geometry": { "type": "Point", "coordinates": [-71.0183, 42.3386] }
    },
    {
      "type": "Feature",
      "properties": { "k": "place" },
      "geometry": { "type": "Point", "coordinates": [-71.0183, 42.3386] }
    },
    {
      "type": "Feature",
      "properties": { "k": "place" },
      "geometry": { "type": "Point", "coordinates": [-71.0183, 42.3386] }
    },
    {
      "type": "Feature",
      "properties": { "k": "organization" },
      "geometry": { "type": "Point", "coordinates": [-71.0589, 42.3601] }
    },
    {
      "type": "Feature",
      "properties": { "k": "organization" },
      "geometry": { "type": "Point", "coordinates": [-71.0576, 42.356] }
    },
    {
      "type": "Feature",
      "properties": { "k": "place" },
      "geometry": { "type": "Point", "coordinates": [-71.0183, 42.3386] }
    },
    {
      "type": "Feature",
      "properties": { "k": "place" },
      "geometry": { "type": "Point", "coordinates": [-71.0183, 42.3386] }
    },
    {
      "type": "Feature",
      "properties": { "k": "person" },
      "geometry": { "type": "Point", "coordinates": [-71.0578, 42.3588] }
    },
    {
      "type": "Feature",
      "properties": { "k": "case" },
      "geometry": { "type": "Point", "coordinates": [-71.0567, 42.3595] }
    },
    {
      "type": "Feature",
      "properties": { "k": "person" },
      "geometry": { "type": "Point", "coordinates": [-71.06, 42.37] }
    },
    {
      "type": "Feature",
      "properties": { "k": "case" },
      "geometry": { "type": "Point", "coordinates": [-71.1167, 42.377] }
    },
    {
      "type": "Feature",
      "properties": { "k": "person" },
      "geometry": { "type": "Point", "coordinates": [-71.1097, 42.3736] }
    },
    {
      "type": "Feature",
      "properties": { "k": "invention" },
      "geometry": { "type": "Point", "coordinates": [-70.9495, 42.4668] }
    },
    {
      "type": "Feature",
      "properties": { "k": "person" },
      "geometry": { "type": "Point", "coordinates": [-70.9495, 42.4668] }
    },
    {
      "type": "Feature",
      "properties": { "k": "place" },
      "geometry": { "type": "Point", "coordinates": [-70.8649, 42.6427] }
    },
    {
      "type": "Feature",
      "properties": { "k": "place" },
      "geometry": { "type": "Point", "coordinates": [-71.0991, 42.9887] }
    },
    {
      "type": "Feature",
      "properties": { "k": "person" },
      "geometry": { "type": "Point", "coordinates": [-70.8345, 43.029] }
    },
    {
      "type": "Feature",
      "properties": { "k": "place" },
      "geometry": { "type": "Point", "coordinates": [-70.763, 43.0755] }
    },
    {
      "type": "Feature",
      "properties": { "k": "place" },
      "geometry": { "type": "Point", "coordinates": [-70.6755, 43.1056] }
    },
    {
      "type": "Feature",
      "properties": { "k": "place" },
      "geometry": { "type": "Point", "coordinates": [-70.3747, 43.5185] }
    },
    {
      "type": "Feature",
      "properties": { "k": "person" },
      "geometry": { "type": "Point", "coordinates": [-72.7, 44] }
    },
    {
      "type": "Feature",
      "properties": { "k": "place" },
      "geometry": { "type": "Point", "coordinates": [-70.2796, 43.679] }
    },
    {
      "type": "Feature",
      "properties": { "k": "place" },
      "geometry": { "type": "Point", "coordinates": [-70.2488, 43.6622] }
    },
    {
      "type": "Feature",
      "properties": { "k": "person" },
      "geometry": { "type": "Point", "coordinates": [-70.2568, 43.6591] }
    },
    {
      "type": "Feature",
      "properties": { "k": "place" },
      "geometry": { "type": "Point", "coordinates": [-69.8442, 43.9168] }
    }
  ]
}
